n,segment,kind,intensity,source,signal,summary,text,url,date,collector
0,студент-новичок/любитель,возражение,3,Google Play: Simply Sing,"1★, 3333 полезно (самый полезный отзыв)","Нельзя попробовать ни одной песни без оплаты; живой педагог кажется выгоднее, чем приложение с платной стеной",They make you pay for EVERYTHING. There's not a single free song... You get nothing but a test/tutorial that may or may not be accurate. You'd probably save more money going to an actual vocal coach,https://play.google.com/store/apps/details?id=com.hellosimply.simplysingdroid,2024-08-29,Google Play: приложения для пения
1,студент-новичок/любитель,боль,3,Google Play: Simply Sing,"2★, 2635 полезно","Ожидали обучения и коучинга, получили неточное определение голоса и мало контента; не стоит своих денег","I expected it to teach way more, and for it to be better at picking up accurate vocal ranges. It kept putting me in Alto or mezzo, when I've been a contralto for a very long time. I also expected it to have way more songs, and to coach you when you're singing other songs. It's not worth the asking prices",https://play.google.com/store/apps/details?id=com.hellosimply.simplysingdroid,2025-04-04,Google Play: приложения для пения
2,студент-новичок/любитель,желание,3,Google Play: Simply Sing,"1★, 1871 полезно",Хотят попробовать до оплаты; без демо уходят обратно «петь в машине»,"Give us an option to watch a few ads to unlock a song, or something. If I could play with it a bit I might like it enough to pay for it, but there's no way to demo. Back to singing in the car.",https://play.google.com/store/apps/details?id=com.hellosimply.simplysingdroid,2024-06-10,Google Play: приложения для пения
3,студент-новичок/любитель,триггер покупки,3,Google Play: Simply Sing,"1★, 1680 полезно; цена $14/мес или $59/год",Определение своего голоса/диапазона — сильный крючок и удовольствие; но жёсткая стена после него воспринимается как обман,"Feels dishonest. I did have fun in the initial setup process... Going through the steps to ""identify"" my voice and having me practice in a comfy range was cool... you can't sing a single damn thing without paying at least $14 (or $59 for a year sub).",https://play.google.com/store/apps/details?id=com.hellosimply.simplysingdroid,2024-05-30,Google Play: приложения для пения
4,студент-будущий профи,боль,2,Google Play: Simply Sing,"2★, 1331 полезно","Студент музыкальной школы искал дополнительную практику, разочарован платной стеной","As a student of a music school, I was so excited to try this app! But after the first few intro lessons, I was extremely disappointed to learn that you can't sing ANY songs without paying... only for it to be a money gimmick.",https://play.google.com/store/apps/details?id=com.hellosimply.simplysingdroid,2024-12-20,Google Play: приложения для пения
5,студент-новичок/любитель,триггер покупки,2,Google Play: Simply Sing,"1★, 1124 полезно","Песни, транспонированные под свой диапазон, — то, что вызывает восторг и желание петь","you discover and set your vocal range and it adjusts all the songs to your vocal range! So I finish the tutorial, excited to sing a song set for my vocal range.",https://play.google.com/store/apps/details?id=com.hellosimply.simplysingdroid,2024-06-09,Google Play: приложения для пения
6,студент-новичок/любитель,готовность платить,2,Google Play: Simply Sing,"1★, 813 полезно","$15/мес воспринимается как слишком дорого, $60/год — приемлемо, но не вслепую","You either have the option of paying $60 upfront for a whole year (~$5/month) or $15/month, which is a ridiculous jump, and both without truly seeing what the app has to offer, which, imo, is not a justifiable purchase.",https://play.google.com/store/apps/details?id=com.hellosimply.simplysingdroid,2024-08-16,Google Play: приложения для пения
7,студент-новичок/любитель,возражение,2,Google Play: Simply Sing,"1★, 515 полезно",Отказ платить подписку без пробы основного функционала,I'm not plopping down $15 a month on a mobile app without getting to try it's main feature to make sure it's something I'll enjoy.,https://play.google.com/store/apps/details?id=com.hellosimply.simplysingdroid,2024-06-20,Google Play: приложения для пения
8,студент-новичок/любитель,боль,2,Google Play: Simply Sing,"2★, 355 полезно","Качественные уроки, но их слишком мало; распознавание голоса неточное","The tone tracking feature really doesn't work well, even if I use a headset with a good mic. And what you get for the $60/year subscription is super underwhelming. The lessons they had were high quality, but it's genuinely like 10 minutes of content",https://play.google.com/store/apps/details?id=com.hellosimply.simplysingdroid,2024-12-17,Google Play: приложения для пения
9,студент-новичок/любитель,готовность платить,2,Google Play: Simply Sing,"3★, 424 полезно","Годовая цена ~$60 приемлема, если можно сначала попробовать",The annual is reasonable but not to spend blindly.,https://play.google.com/store/apps/details?id=com.hellosimply.simplysingdroid,2024-06-22,Google Play: приложения для пения
10,студент-новичок/любитель,страх,2,Google Play: Simply Sing,"2★, 26 полезно",Страх навредить голосу и выработать плохие привычки из-за неправильной обратной связи,This app forces me to sing strained in order to be picked up by the program — a quick gateway into some terrible habits.,https://play.google.com/store/apps/details?id=com.hellosimply.simplysingdroid,2024-06-20,Google Play: приложения для пения
11,студент-новичок/любитель,боль,2,Google Play: Simply Sing,"1★, 217 полезно","Приходится напрягать голос вне своего диапазона, чтобы пройти упражнения","I had to redo a portion of the tutorial multiple times, adjust and readjust the range, and still strain my voice by going out of range just to complete it.",https://play.google.com/store/apps/details?id=com.hellosimply.simplysingdroid,2024-05-06,Google Play: приложения для пения
12,студент-новичок/любитель,боль,2,Google Play: Simply Sing,"1★, 97 полезно","Ждут реальной тренировки техники (грудной/головной голос), получают пару коротких видео","False advertisement. There's like 4 short videos about introducing chest voice, head voice and relaxing (serious?!) and it's over. No training!!",https://play.google.com/store/apps/details?id=com.hellosimply.simplysingdroid,2025-01-10,Google Play: приложения для пения
13,студент-будущий профи,боль,2,Google Play: Simply Sing,"2★, 161 полезно","Академическим/оперным певцам приложения не подходят: вибрато ломает оценку, fach не учитывается","it was clearly not made with operatic voices in mind. The mic was unable to handle wide vibrato at all, consistently marking notes as missed or too high/low... I was attracted to the promise of songs changed to suit my fach.",https://play.google.com/store/apps/details?id=com.hellosimply.simplysingdroid,2024-06-07,Google Play: приложения для пения
14,студент-новичок/любитель,желание,2,Google Play: Simply Sing,"2★, 177 полезно","Любитель хочет подтянуться, чтобы петь мюзиклы с друзьями-профи и попадать в ноты",I was interested in this app for fun since my friends and I really like singing musicals on road trips. They are professional singers and I am not and figured this could help me practice hitting my notes.,https://play.google.com/store/apps/details?id=com.hellosimply.simplysingdroid,2024-03-21,Google Play: приложения для пения
15,родитель,боль,1,Google Play: Simply Sing,"3★, 8 полезно",Родителю нужны профили для детей и надёжная работа с детским голосом; семейное пение как ценность,I can make profiles for my kids but it gave me a hard time after I logged my daughter in her tablet. my other daughters pitch test keeps changing and even when shouting doesn't always pick up her voice. a fun app for people/ families who enjoy singing,https://play.google.com/store/apps/details?id=com.hellosimply.simplysingdroid,2026-08-22,Google Play: приложения для пения
16,студент-новичок/любитель,возражение,2,Google Play: Simply Sing,"1★, 5 полезно (свежий)",Годовая оплата без пробы — слишком рискованно; скрытая цена раздражает,"It's between $15 to $60 USD subscription to start using the app, which they don't tell you until after a long set up... Too risky for me to pay for a year before any demo or trial song.",https://play.google.com/store/apps/details?id=com.hellosimply.simplysingdroid,2026-09-04,Google Play: приложения для пения
17,студент-новичок/любитель,боль,2,Google Play: Simply Sing,"2★, 8 полезно",Задержка микрофона и отсутствие поддержки → отмена подписки и требование возврата,"the way notes go by on the screen doesn't quite match the latency with my microphone... When I tried the ""Contact Support 24/7"" and other support options, none of them generated a page. I want my $ back",https://play.google.com/store/apps/details?id=com.hellosimply.simplysingdroid,2026-08-31,Google Play: приложения для пения
18,студент-новичок/любитель,желание,2,Google Play: SingSharp,"5★, 633 полезно",Хотят сохранять и слушать свои записи — отслеживать себя,"Let us save the recorded audio, not by default of course, but if we want to. 3. I can't hear the recording of me over the audio sometimes",https://play.google.com/store/apps/details?id=com.harmonynetwork.singsharp,2018-09-13,Google Play: приложения для пения
19,студент-новичок/любитель,желание,3,Google Play: SingSharp,"5★, 320 полезно",Годы практики без прогресса; мгновенная обратная связь даёт ощущение прогресса,I have not found any other app that gives such a good feedback of your singing for free. For years I was practicing notes. But without any improvements. Now with the direct feedback I am making wonderful progress.,https://play.google.com/store/apps/details?id=com.harmonynetwork.singsharp,2020-04-11,Google Play: приложения для пения
20,студент-новичок/любитель,триггер покупки,2,Google Play: SingSharp,"5★, 259 полезно",Игровая визуальная обратная связь делает практику увлекательной,"Honestly, It's like I'm playing a video game with my voice as the controller... I can already tell I'm gonna get the hang of singing really well if I stick at this a few months.",https://play.google.com/store/apps/details?id=com.harmonynetwork.singsharp,2021-05-08,Google Play: приложения для пения
21,студент-новичок/любитель,возражение,1,Google Play: SingSharp,"4★, 265 полезно",Небрежность (опечатки) воспринимается как признак мошенничества — подрывает доверие,"the app is FILLED with typos... In the U.S., we are taught that apps, websites, emails, or other info with a lot of typos is a sign of scammers, hackers, and thieves.",https://play.google.com/store/apps/details?id=com.harmonynetwork.singsharp,2023-07-14,Google Play: приложения для пения
22,студент-новичок/любитель,боль,2,Google Play: SingSharp,"2★, 205 полезно; $7/год","Даже дешёвая подписка разочаровывает, если это только попадание в ноты без обучения","I felt like $7 was very reasonable for a year subscription, but once everything was unlocked... The 'full' version still feels like a demo... The lessons also don't really teach you anything, just pitch matching that I could do with my guitar tuner app.",https://play.google.com/store/apps/details?id=com.harmonynetwork.singsharp,2018-12-11,Google Play: приложения для пения
23,студент-новичок/любитель,боль,2,Google Play: SingSharp,"2★, 29 полезно",Упражнения не подстраиваются под диапазон конкретного голоса,They need to allow the singer to tailor the exercises to their own vocal range. Many of the exercises are pitched too low or too high to sing. It's like it was written by people who don't understand the human voice.,https://play.google.com/store/apps/details?id=com.harmonynetwork.singsharp,2019-11-30,Google Play: приложения для пения
24,студент-новичок/любитель,страх,3,Google Play: SingSharp,"5★, 59 полезно","Навредил голосу неправильным пением, пение стало болезненным; маленькие победы и дневник возвращают мотивацию","I've always loved to sing but lost the passion and caused a lot of damage doing it wrong over the years, which 1: ruined my vibe. 2: ruined my voice and made singing painful and a disaster! It sent me in to a depression... I've been keeping a diary and the little wins are outstanding.",https://play.google.com/store/apps/details?id=com.harmonynetwork.singsharp,2026-01-15,Google Play: приложения для пения
25,студент-новичок/любитель,страх,2,Google Play: SingSharp,"4★, 66 полезно",Считавший себя «без слуха» получил уверенность от упражнений,I am tone-deaf since birth and my music life started to light up because of this. After doing such great vocal exercises and gaining more singing confidence,https://play.google.com/store/apps/details?id=com.harmonynetwork.singsharp,2020-12-03,Google Play: приложения для пения
26,студент-новичок/любитель,страх,3,Google Play: SingSharp,"3★, 18 полезно","Страх провала: слишком сложные упражнения демотивируют новичка и заставляют думать, что голос плохой",I feel that it's too hard for an absolute beginner. It's hard to stay dedicated when I fail at everything... it only makes me feel like my voice is worse than it is.,https://play.google.com/store/apps/details?id=com.harmonynetwork.singsharp,2025-03-05,Google Play: приложения для пения
27,студент-новичок/любитель,боль,2,Google Play: SingSharp,"1★, 143 полезно",Потеря прогресса из-за багов — главный повод разочарования в оплаченном продукте,"it is full of bugs, which makes it impossible to progress... it freezes, so you have to go back and lose your progress... Not worth the £6 something.",https://play.google.com/store/apps/details?id=com.harmonynetwork.singsharp,2019-11-14,Google Play: приложения для пения
28,студент-новичок/любитель,боль,1,Google Play: SingSharp,"2★, 37 полезно",Реклама в бесплатной версии вредит опыту занятий,"As soon as it's done, an Ad pops up at 20x the volume. Since this app requires headphones, it blasts your ear drums... Fix this before you damage someone's hearing!",https://play.google.com/store/apps/details?id=com.harmonynetwork.singsharp,2025-05-12,Google Play: приложения для пения
29,студент-новичок/любитель,возражение,1,Google Play: SingSharp,"2★, 6 полезно",Непрозрачные условия бесплатного периода вызывают раздражение,apparently after 10 days you can't use it anymore for anything unless paying... otherwise this 10 day should be made more clear I think,https://play.google.com/store/apps/details?id=com.harmonynetwork.singsharp,2024-09-20,Google Play: приложения для пения
30,студент-новичок/любитель,боль,2,Google Play: Vocalista,"1★, 44 полезно","Упражнения ценят, но неточная оценка высоты подрывает доверие",the app doesn't read pitch very well. and give very inaccurate results... the exercises themselves are very useful and insightful but the accuracy definitely needs some work.,https://play.google.com/store/apps/details?id=app.vocalista.vocalista,2025-06-03,Google Play: приложения для пения
31,студент-новичок/любитель,боль,2,Google Play: Vocalista,"2★, 36 полезно",Упражнения выходят за пределы измеренного диапазона,"Checks vocal range... then gives exercises that don't match with that vocal range. If I'm working on articulation then it should be within my measured range, not starting mid to high and blowing through the top of it.",https://play.google.com/store/apps/details?id=app.vocalista.vocalista,2025-06-12,Google Play: приложения для пения
32,студент-новичок/любитель,желание,2,Google Play: Vocalista,"5★, 17 полезно","Хотят индивидуальный диапазон и работу над миксом, головным голосом, фальцетом","I just don't like the limit on range based on if you are a tenor or baritone, which are to generic... should just let you set the range and do the exercises as much as you want to that range. that was, can work on mixed voice, head voice, and falsetto",https://play.google.com/store/apps/details?id=app.vocalista.vocalista,2026-05-17,Google Play: приложения для пения
33,студент-будущий профи,боль,2,Google Play: Vocalista,"1★, 16 полезно",Опытные певцы не доверяют автоматической оценке,exercises would be helpful if pitch recognition worked better. says I'm off in spots ok I'm not. I have years of vocal training,https://play.google.com/store/apps/details?id=app.vocalista.vocalista,2025-06-21,Google Play: приложения для пения
34,студент-новичок/любитель,триггер покупки,2,Google Play: Vocalista,"5★, 14 полезно",Конкретная цель — петь в церковной группе прославления — триггер покупки,I normally would never ever by an app but this on i will invest in! I need help with my voice for the praise team at church,https://play.google.com/store/apps/details?id=app.vocalista.vocalista,2025-12-28,Google Play: приложения для пения
35,студент-новичок/любитель,готовность платить,1,Google Play: Vocalista,"3★, 13 полезно","Видимый результат (чище интонация, контроль) делает годовую оплату приемлемой",i accidentally forgot to cancel the free week so i got charged for the year. no big deal. it means i will be sure to use it. i use it everyday... my singing is much more on pitch with higher quality and control.,https://play.google.com/store/apps/details?id=app.vocalista.vocalista,2026-02-01,Google Play: приложения для пения
36,студент-новичок/любитель,готовность платить,2,Google Play: Vocalista,"4★, 11 полезно",Часть аудитории не может позволить подписку — просят бесплатную версию с рекламой,"it would be really cool if they had a free version that probably just has adds or something, because even though is amazing and helpful I and others like me can't afford it.",https://play.google.com/store/apps/details?id=app.vocalista.vocalista,2026-02-18,Google Play: приложения для пения
37,студент-новичок/любитель,желание,2,Google Play: Riyaz,"5★, 495 полезно",Хотят отрабатывать трудные фрагменты песни в цикле,helping us to play a particular part of the song repeatedly by forwarding the rest instead of listening from the beginning. This saves our time and we could improve our weak places in the song too.,https://play.google.com/store/apps/details?id=com.musicmuni.riyaz,2020-06-23,Google Play: приложения для пения
38,студент-новичок/любитель,желание,2,Google Play: Riyaz,"5★, 312 полезно",Нехватка времени на уроки; короткая практика с видимым результатом за 3 недели,"I love singing and always wanted to learn but I could never make time for it. This app solved that problem, I have only used it for 3 weeks only but I can already see improvement in my singing!",https://play.google.com/store/apps/details?id=com.musicmuni.riyaz,2019-12-03,Google Play: приложения для пения
39,студент-новичок/любитель,желание,2,Google Play: Riyaz,"5★, 297 полезно",Эталон — частный педагог; ценят структурный путь от основ до продвинутого,"Honestly the absolute best voice training, singing etc tool next to having an actual private teacher, that you will find! (Trust me I looked) ... literally starts with Vocals 101 to advanced",https://play.google.com/store/apps/details?id=com.musicmuni.riyaz,2024-02-08,Google Play: приложения для пения
40,студент-новичок/любитель,боль,2,Google Play: Riyaz,"1★, 204 полезно",Нужна возможность повторять пройденные уроки — повторение основа развития голоса,"Most important thing in music is to redo your lessons so that you can build your voice. However, as one can't practice already completed sessions again, it might worsen your singing instead of improving it.",https://play.google.com/store/apps/details?id=com.musicmuni.riyaz,2020-07-08,Google Play: приложения для пения
41,студент-новичок/любитель,страх,2,Google Play: Riyaz,"2★, 182 полезно",Резкий скачок сложности демотивирует; хотят свой темп,"the transition to advanced levels is not smooth, it takes place all of a sudden. We cannot pace the notes as per our convenience, and it creates undue demoralization.",https://play.google.com/store/apps/details?id=com.musicmuni.riyaz,2019-06-13,Google Play: приложения для пения
42,студент-новичок/любитель,желание,2,Google Play: Riyaz,"4★, 175 полезно","Хотят объяснение ошибок вместо балла, доступную помесячную цену и совместные события","Some more feedback needed than just a score when singing, like what parts are wrong... Make pricing slightly more easier for newcomers, like a monthly payment... Please have shared karaoke events etc",https://play.google.com/store/apps/details?id=com.musicmuni.riyaz,2023-11-15,Google Play: приложения для пения
43,педагог вокала,желание,3,Google Play: Riyaz,"4★, 93 полезно","Ученики хотят инструменты, помогающие педагогу, а не заменяющие его (модель «педагог + приложение»)","Personally I also learn from a music teacher and I found this app's techniques different. I would suggest rather than trying to replace the teacher, try assisting the teacher. Try building features which can assist a teacher to teach their students. Trust me no one can replace a music teacher.",https://play.google.com/store/apps/details?id=com.musicmuni.riyaz,2024-08-29,Google Play: приложения для пения
44,студент-новичок/любитель,боль,2,Google Play: Riyaz,"2★, 44 полезно",Балл без объяснения ошибок бесполезен,"It gives you a score, but doesn't explain what's wrong.",https://play.google.com/store/apps/details?id=com.musicmuni.riyaz,2024-07-09,Google Play: приложения для пения
45,студент-новичок/любитель,боль,2,Google Play: Riyaz,"4★, 26 полезно","Расширение диапазона — желанная цель, но нет понятного пути",No practice exercises to increase the vocal range. I have no idea how to work on vocal range and the app does not contain guidance on that.,https://play.google.com/store/apps/details?id=com.musicmuni.riyaz,2020-01-25,Google Play: приложения для пения
46,студент-новичок/любитель,готовность платить,2,Google Play: Riyaz,"4★, 14 полезно","Цену приложения сравнивают с живыми уроками; за приложение готовы ~$10 разово, не помесячно","But the pricing is horrendous. I know this is nothing in comparison with lessons with a real teacher, but it is a lot for an app. I could pay 10$ once for it... But not monthly.",https://play.google.com/store/apps/details?id=com.musicmuni.riyaz,2020-06-20,Google Play: приложения для пения
47,студент-новичок/любитель,желание,2,Google Play: Riyaz,"5★, 169 полезно",10 минут в день и заметный прогресс в высоких/низких нотах — сильное обещание,in just 10 minutes a day you will start seeing improvements... I went from not being able to sing in neither low nor high tones to even managing to jump from low to high notes and back!,https://play.google.com/store/apps/details?id=com.musicmuni.riyaz,2020-02-20,Google Play: приложения для пения
48,студент-новичок/любитель,боль,2,Google Play: Riyaz,"3★, 99 полезно","Хотят видеть прогресс и сначала базу, потом песни","now I cannot see my progress, I have to buy a premium account for that. Also, singing a whole song is fun but how do you sing it without knowing all the basics?",https://play.google.com/store/apps/details?id=com.musicmuni.riyaz,2020-05-14,Google Play: приложения для пения
49,студент-новичок/любитель,возражение,1,Google Play: Riyaz,"1★, 33 полезно",Несовпадение стиля обучения с целью ученика (западный вокал) — причина разочарования,It's also based on Indian music and techniques which I didn't realize before I bought... it isn't what I'm trying to learn so for me it's not useful at all,https://play.google.com/store/apps/details?id=com.musicmuni.riyaz,2024-05-17,Google Play: приложения для пения
50,родитель,боль,1,Google Play: Riyaz,"5★, 21 полезно",Приложение не подходит ребёнку и не поддерживает нескольких членов семьи,Pitch and frequency levels are suitable for me. But my little daughter is not able to do it. I think at a time only one person can use the app.,https://play.google.com/store/apps/details?id=com.musicmuni.riyaz,2020-02-16,Google Play: приложения для пения
51,студент-новичок/любитель,страх,2,Google Play: Riyaz,"1★, 11 полезно",Страх фальшивой обратной связи — ощущение обмана,"the app would say ""Perfect x2"" on my songs even if I intentionally tried to sing a completely different tune. So scam alert!",https://play.google.com/store/apps/details?id=com.musicmuni.riyaz,2025-04-05,Google Play: приложения для пения
52,студент-новичок/любитель,желание,3,Google Play: VocalUP,"4★, 17 полезно","Хотят узнать, где ошибка и как исправить, и как беречь связки до/после пения",it actually tells me where am i wrong and help me fix it unlike other apps(which caused pain on my throat). but i wish it would help us on what to do before and after to soothe or protect our vocal cords and throat so no damage would happen.,https://play.google.com/store/apps/details?id=com.dodotdo.vocalup,2026-05-23,Google Play: приложения для пения
53,студент-новичок/любитель,возражение,1,Google Play: VocalUP,"3★, 21 полезно; $60/год","Перед оплатой $60/год хотят проверить, что работает",I'm wanting to test the app out before spending $60 a year. So far I've found that the games don't work for me.,https://play.google.com/store/apps/details?id=com.dodotdo.vocalup,2025-12-29,Google Play: приложения для пения
54,студент-новичок/любитель,желание,1,Google Play: VocalUP,"5★, 23 полезно",Трекинг прогресса удерживает мотивацию,I also love how it tracks progress and keeps me motivated.,https://play.google.com/store/apps/details?id=com.dodotdo.vocalup,2025-04-12,Google Play: приложения для пения
55,студент-новичок/любитель,триггер покупки,2,Google Play: VocalUP,"5★, 5 полезно",Запись «до/после» — сильный эмоциональный момент и источник уверенности,i was singing listened to beforw and aftwr results i was stunned great app highly recommend i fell more confident,https://play.google.com/store/apps/details?id=com.dodotdo.vocalup,2026-05-04,Google Play: приложения для пения
56,студент-новичок/любитель,страх,1,Google Play: VocalUP,"5★, 7 полезно","Стеснение петь, когда другие слышат",the app is great and fun but recommend you guys to make the background noises muted really save the embarrassment,https://play.google.com/store/apps/details?id=com.dodotdo.vocalup,2026-03-18,Google Play: приложения для пения
57,студент-новичок/любитель,боль,2,Google Play: Vocal Image,"1★, 196 полезно",Резкая негативная оценка голоса ранит и отталкивает,"Characterizing a more feminine voice as ""flighty"" and ""uninspired"" and ""unconvincing"" is incredibly disheartening. Please do better.",https://play.google.com/store/apps/details?id=app.vocalimage.bessia,2022-11-01,Google Play: приложения для пения
58,студент-новичок/любитель,готовность платить,2,Google Play: Vocal Image,"5★, 137 полезно; $40",$40/год со скидкой всё ещё дорого без пробы; цифры без объяснений непонятны,The app is quite expensive even with a discount of 50% off. at $40 with very little opportunities to try the app out before purchasing it seems difficult to make up my mind... the quantitative analysis is hard to understand when it gives just a score,https://play.google.com/store/apps/details?id=app.vocalimage.bessia,2025-05-04,Google Play: приложения для пения
59,студент-новичок/любитель,страх,2,Google Play: Vocal Image,"5★, 118 полезно",Страх ловушки подписки: не найти отмену и получить списание,"developers are suppose to make canceling a subscriptions/ free trial easy... I can't find it... If I get charged Oct.30th for a subscription, Im going to want a refund.",https://play.google.com/store/apps/details?id=app.vocalimage.bessia,2024-10-25,Google Play: приложения для пения
60,студент-новичок/любитель,возражение,2,Google Play: Vocal Image,"2★, 84 полезно; $4.99→$9.99/нед",Еженедельная тарификация воспринимается как жадность,"they not only charge weekly instead of monthly, they double it to 9.99 a week. $40 a month that doesn't allow you to skip boring nonsense",https://play.google.com/store/apps/details?id=app.vocalimage.bessia,2025-06-20,Google Play: приложения для пения
61,студент-новичок/любитель,готовность платить,2,Google Play: Vocal Image,"4★, 81 полезно; $79.99/год",$79.99/год недоступно; нужна гибкость и паузы в обучении,$79.99 a year is not a good option for me who A: Cannot afford such a price; and B: needs to take breaks in between learning. It would be nice to have multiple subscription plans,https://play.google.com/store/apps/details?id=app.vocalimage.bessia,2023-05-07,Google Play: приложения для пения
62,студент-новичок/любитель,возражение,2,Google Play: Vocal Image,"1★, 81 полезно",Годовая подписка на 30-дневный курс — несоответствие цены и объёма,"There's only a yearly subscription model for an app that has a 30 day course... A yearly plan with only 30 days of content is not the ""most value"". Most profit maybe.",https://play.google.com/store/apps/details?id=app.vocalimage.bessia,2023-10-04,Google Play: приложения для пения
63,студент-новичок/любитель,боль,2,Google Play: Vocal Image,"1★, 6 полезно",Нет понятной обратной связи; профессиональный жаргон непонятен новичку,"The feedback is not actionable - the doesn't tell me what i do wrong and where, or how to correct it. They use too much vocal coaching jargon that I don't understand.",https://play.google.com/store/apps/details?id=app.vocalimage.bessia,2025-11-09,Google Play: приложения для пения
64,студент-новичок/любитель,возражение,2,Google Play: Vocal Image,"2★, 4 полезно",Недоверие к AI-контенту; ценят живого человека,"the AI generated coaching videos are weird, low quality, and impossible to follow... AI should be used more intentionally than this, especially for an app that's supposed to be about human connection",https://play.google.com/store/apps/details?id=app.vocalimage.bessia,2026-07-23,Google Play: приложения для пения
65,студент-новичок/любитель,желание,2,Google Play: Vocal Image,"2★, 23 полезно","Хотят реального человека в упражнениях; страх, что упражнения утомляют голос",Would it be impossible to have a real person animate the exercises?... Maybe the exercises are tiring out my voice rather than strengthening it?,https://play.google.com/store/apps/details?id=app.vocalimage.bessia,2026-01-01,Google Play: приложения для пения
66,студент-новичок/любитель,желание,1,Google Play: Vocal Image,"4★, 55 полезно",Хотят визуальный график высоты по записи,"It would be a big help if it gave one of those graphs that show where your pitch is throughout rather than just saying what the high, low, and average are.",https://play.google.com/store/apps/details?id=app.vocalimage.bessia,2023-01-17,Google Play: приложения для пения
67,студент-новичок/любитель,триггер покупки,1,Google Play: Vocal Image,"5★, 9 полезно",Платит за видимый результат и уверенность перед важным событием,"I am a Paid user of this App, and it is totally worthwhile... It has helped me talk more confidently as I am preparing for my interviews.",https://play.google.com/store/apps/details?id=app.vocalimage.bessia,2025-10-17,Google Play: приложения для пения
68,студент-новичок/любитель,желание,2,Google Play: Smule,"4★, 499 полезно",Сообщество и совместное пение — причина годами платить,"You can sing with other people, join groups, and make friends.",https://play.google.com/store/apps/details?id=com.smule.singandroid,2022-02-17,Google Play: приложения для пения
69,студент-новичок/любитель,готовность платить,2,Google Play: Smule,"5★, 731 полезно",Бесплатная проба → многолетняя подписка,"I use the Android version, have been a paid subscriber for about 3 years now. The app is also available for free, so if you're not sure you want a subscription try it free first.",https://play.google.com/store/apps/details?id=com.smule.singandroid,2023-10-18,Google Play: приложения для пения
70,студент-новичок/любитель,страх,2,Google Play: Smule,"2★, 15 полезно; $9.99/нед",Неуверенным людям страшно петь с другими; $9.99/нед недоступно,"Some people are not confident enough to sing with others. Yeah, you can pay for the $10, but some are too poor to pay for it or on a fixed budget.",https://play.google.com/store/apps/details?id=com.smule.singandroid,2019-04-15,Google Play: приложения для пения
71,студент-новичок/любитель,боль,2,Google Play: Smule,"2★, 148 полезно",Хотят отслеживать вокальный прогресс по записям,"I can't track my vocal progress without paying a bunch of money for an app that is decent for people with generalized, popular music tastes.",https://play.google.com/store/apps/details?id=com.smule.singandroid,2023-06-16,Google Play: приложения для пения
72,студент-новичок/любитель,желание,1,Google Play: Smule,"1★, 197 полезно",Повтор трудного места и слышать себя в процессе,I love being able to retry a challenging part in a song without having to start over... I also liked hearing myself sing while I'm recording,https://play.google.com/store/apps/details?id=com.smule.singandroid,2021-02-20,Google Play: приложения для пения
73,студент-новичок/любитель,триггер покупки,1,Google Play: Smule,"3★, 74 полезно","Покупают помесячно волнами, когда хочется петь — нужна гибкая оплата",I buy membership on and off when I have the urge to sing for a month and it's great.,https://play.google.com/store/apps/details?id=com.smule.singandroid,2019-10-15,Google Play: приложения для пения
74,студент-новичок/любитель,возражение,2,Google Play: Learn Singing (sing.songs.learn.singing),"2★, 16 полезно",Не платят за переупакованный бесплатный YouTube-контент,All you did was conveniently bunch together videos from YouTube that I can watch without paying you a subscription fee. Most of the instructors I already follow on YouTube.,https://play.google.com/store/apps/details?id=sing.songs.learn.singing,2024-10-25,Google Play: приложения для пения
75,студент-новичок/любитель,желание,1,Google Play: Learn Singing (sing.songs.learn.singing),"5★, 47 полезно",После теории нужна практика с оценкой,The Only Thing I Would Recommend Is To Add A Practice Game To After Learning A Lesson. This Will Help Apply The Theory The Videos Teach And Our Performance Can Be Rated,https://play.google.com/store/apps/details?id=sing.songs.learn.singing,2025-03-18,Google Play: приложения для пения
76,студент-новичок/любитель,желание,1,Google Play: Pitchy,"5★, 10 полезно",Хотят практиковать свои песни со сравнением с оригиналом,You can upload the song you'd like to practice and sing along seeing your pitch graph alongside the original.,https://play.google.com/store/apps/details?id=com.pitchy.app,2025-12-07,Google Play: приложения для пения
77,студент-новичок/любитель,возражение,1,Google Play: Singing Coach AI,"4★, 2 полезно",Слишком скупой бесплатный план → удаление,"the free plan gives too little, 3 songs per month is crazy.. im probably uninstalling it",https://play.google.com/store/apps/details?id=com.singingcoach.ai,2026-05-29,Google Play: приложения для пения
78,педагог вокала,желание,2,Google Play: Appcompanist,"5★, 19 полезно",Педагог онлайн использует приложение-аккомпаниатор для учеников — нужны инструменты для домашней практики,I am a voice teacher who also studies voice... I have been using Appcompanist with my students and now I am using it myself... Since Covid I have been teaching only online... this App is a lifesaver for my students.,https://play.google.com/store/apps/details?id=com.appcompanist.appcompanist,2021-01-21,Google Play: приложения для пения
79,педагог вокала,триггер покупки,2,Google Play: Appcompanist,"5★, 3 полезно",Педагог платит за каталог и контроль транспонирования/темпа,"Essential to me as a voice teacher. Extensive catalog... Controls within app for transposition, tempo, fermatas, are fantastic. How did I live without this app before?",https://play.google.com/store/apps/details?id=com.appcompanist.appcompanist,2024-12-14,Google Play: приложения для пения
80,студент-будущий профи,боль,1,Google Play: Appcompanist,"3★, 12 полезно",Для профи важно высокое качество аккомпанемента,I have already heard several mistakes (wrong notes) in the accompaniment tracks. It's hard to feel like I'm making music at a high level when the accompaniment contains very noticeable errors.,https://play.google.com/store/apps/details?id=com.appcompanist.appcompanist,2020-09-29,Google Play: приложения для пения
81,педагог вокала,боль,3,"Google Play: Tonara (com.tonara.fame), приложение педагога для заданий и практики","1★, 13 лайков; автор — педагог музыки (инструмент не указан)","Педагог теряет время: задания с видео не загружаются и пропадают, при этом саму идею (баллы за практику) ученики любят. Готов отписаться.","I've been using this app for a few months now with my studio. It is so unbelievably buggy! There are long wait times to upload videos and recordings, the app closes with out warning, sometimes I take spend 5- 10 minutes creating and perfecting an assignment only to have it refuse to upload and then lose the entire assignment. It is the most frustrating app I have ever used, and so unfortunate because it is a great concept and the kids really enjoy the points system. I will probably unsubscribe",https://play.google.com/store/apps/details?id=com.tonara.fame,2020-04-29,Google Play: приложения педагогов и студий
82,педагог вокала,возражение,3,Google Play: Tonara (com.tonara.fame),"3★, 7 лайков; автор — педагог музыки",Жалобы учеников на глючный инструмент бьют по репутации педагога; годовая предоплата без возврата — повод больше не платить вперёд.,I am a music teacher and gave this a fair 6 month shot. I experienced bug after bug and once I started receiving complaints from my students I decided to cancel. Too bad I purchased a whole year. Customer service refused to refund me the balance... If you do decide to try it do not purchase a full year upfront.,https://play.google.com/store/apps/details?id=com.tonara.fame,2020-11-21,Google Play: приложения педагогов и студий
83,педагог вокала,боль,3,Google Play: Tonara (com.tonara.fame),"1★, 14 лайков; автор — педагог",Педагог становится техподдержкой: родители жалуются на каждом уроке; «бесплатно» оказалось 30-дневным триалом.,"I received complaints almost every day from my students about their practice not showing on the app and not getting their points. I signed myself up as a student and experienced the same problem. I received complaints from parents at every single lesson... I was told it was free--but that's just for 30 days, then there is a monthly subscription.",https://play.google.com/store/apps/details?id=com.tonara.fame,2020-02-14,Google Play: приложения педагогов и студий
84,педагог вокала,возражение,2,Google Play: Tonara (com.tonara.fame),"1★, 10 лайков; автор — педагог","Педагог не готов платить ежемесячно, если ученики пользуются инструментом нерегулярно и он ненадёжен.","Why must everything always turn into a subscription?? 😣 I've only used this app with a few of my students for over a year now, and STILL don't recommend it to new students. Of those few students, half of them don't even use it regularly. This app is too unreliable and has too many glitches for me to justify subscribing for a monthly fee.",https://play.google.com/store/apps/details?id=com.tonara.fame,2019-09-02,Google Play: приложения педагогов и студий
85,педагог вокала,боль,2,Google Play: Tonara (com.tonara.fame),"3★, 4 лайка; автор — педагог",Скрытая подписка для педагога и некорректный учёт практики учеников.,It is a bit misleading to not state that it's a subscription for teachers. That should be noted in the app description... I've been hearing from many of my students that their points are being chopped in half. Also set practice times are not working.,https://play.google.com/store/apps/details?id=com.tonara.fame,2019-07-22,Google Play: приложения педагогов и студий
86,педагог вокала,боль,2,Google Play: Tonara (com.tonara.fame),"1★, 2 лайка; автор — педагог","Приходится каждую неделю заново создавать одинаковые задания — рутина, которую педагог хочет автоматизировать.","Less than a week after paying for a monthly subscription, the app crashes whenever I try to add an assignment... It's been confusing for both my students and me to figure out its features, and you have to create new assignments every week for the same pieces. Don't even bother",https://play.google.com/store/apps/details?id=com.tonara.fame,2021-11-23,Google Play: приложения педагогов и студий
87,педагог вокала,желание,2,Google Play: Tonara (com.tonara.fame),"3★, 5 лайков; автор — педагог","Педагог хочет мотивировать учеников к практике между уроками и отправлять примеры, как заниматься; нужен точный учёт.","I like that my students have the ability to be motivated to practice by earning points, and that I can easily send them examples of how I want them to practice throughout the week. However... my students and I both have experienced inconsistent ability to recognize when we are playing. Which is the basis of this app.",https://play.google.com/store/apps/details?id=com.tonara.fame,2020-04-14,Google Play: приложения педагогов и студий
88,педагог вокала,желание,1,Google Play: Tonara (com.tonara.fame),"3★, 2 лайка; автор — педагог",Ученики занимаются у нескольких педагогов; нужна поддержка нескольких педагогов в одном аккаунте ученика.,"great app, but would be good if my students could have multiple tutors on one app as many of my students play other instruments where their tutors also use this app",https://play.google.com/store/apps/details?id=com.tonara.fame,2019-08-13,Google Play: приложения педагогов и студий
89,педагог вокала,желание,1,Google Play: Tonara (com.tonara.fame),"3★, 0 лайков; вероятно, педагог","Ценность: разные форматы материалов для ученика (видео, аудио, PDF) в одном месте.",I really like the diversity of what and how I can send students information.,https://play.google.com/store/apps/details?id=com.tonara.fame,2021-01-07,Google Play: приложения педагогов и студий
90,родитель,боль,2,Google Play: Tonara (com.tonara.fame),"1★, 11 лайков; автор — родитель","Рейтинги и лидерборды в студии могут демотивировать ребёнка; важно для педагогов, выбирающих геймификацию.","My son was really disappointed in this app. What was supposed to encourage him to practice is doing the opposite... he logs on and sees that his points go down bc he skipped a day or 2 of practice, he gets upset. He did not like this app.",https://play.google.com/store/apps/details?id=com.tonara.fame,2020-10-07,Google Play: приложения педагогов и студий
91,родитель,боль,2,Google Play: Tonara (com.tonara.fame),"1★, 13 лайков; автор — родитель","Родители пользуются инструментом только по требованию педагога — решение принимает педагог, а раздражение достаётся ему же.",I've given up on this app and we just use it because of teacher.,https://play.google.com/store/apps/details?id=com.tonara.fame,2020-04-05,Google Play: приложения педагогов и студий
92,студент-новичок/любитель,боль,2,Google Play: Tonara (com.tonara.fame),"3★, 8 лайков; автор — ученица (фортепиано и вокал)",Ученица вокала и фортепиано вынуждена держать разные аккаунты на разных устройствах для каждого педагога.,"I have to have a separate account for each teacher I have, but the app crashes if I try to log out. So, I have an account logged in on my phone and a different account on my tablet for piano and voice.",https://play.google.com/store/apps/details?id=com.tonara.fame,2020-05-05,Google Play: приложения педагогов и студий
93,родитель,боль,1,Google Play: Tonara (com.tonara.fame),"3★, 7 лайков; автор — родитель/ученик","Если платформа не отдаёт материалы, педагогу приходится вручную пересылать файлы в мессенджере.",I am still unable to download any PDF from the app... I have to have our teacher text me all the files in order to print them.,https://play.google.com/store/apps/details?id=com.tonara.fame,2020-05-20,Google Play: приложения педагогов и студий
94,педагог вокала,боль,3,"Google Play: Appcompanist (com.appcompanist.appcompanist), аккомпанемент и распевки для певцов","2★; автор — педагог, использует аккомпанемент и распевки для учеников",Педагог вокала: сбой прямо на уроке при открытии упражнений — главный повод прекратить подписку.,"I love this app so much and the concept is amazing. Oftentimes, it works great, but it is still far too buggy. The other day, I was trying to access exercises for my student and just kept on getting a blank page over and over again in the middle of our lesson... I have paid for this app for over a year now. But for now, I am not going to pay for it any longer until these issues have been fixed.",https://play.google.com/store/apps/details?id=com.appcompanist.appcompanist,2025-08-18,Google Play: приложения педагогов и студий
95,студент-будущий профи,боль,2,Google Play: Appcompanist (com.appcompanist.appcompanist),"3★, 12 лайков",Для серьёзного вокалиста ошибки в аккомпанементе недопустимы; качество фонограмм — критерий доверия.,I have already heard several mistakes (wrong notes) in the accompaniment tracks. It's hard to feel like I'm making music at a high level when the accompaniment contains very noticeable errors.,https://play.google.com/store/apps/details?id=com.appcompanist.appcompanist,2020-09-29,Google Play: приложения педагогов и студий
96,студент-будущий профи,желание,1,Google Play: Appcompanist (com.appcompanist.appcompanist),"3★, 4 лайка",Нужен предсказуемый темп аккомпанемента для занятий; нестабильное рубато мешает.,"The pianist is too inconsistent with tempi (during times where no rubato or push is musically asked or called for, with random accelerandi or rubati) for it to be used without too much fuss. Recording with a click track and only doing cadential tempo changes would be a great improvement.",https://play.google.com/store/apps/details?id=com.appcompanist.appcompanist,2021-05-29,Google Play: приложения педагогов и студий
97,студент-будущий профи,желание,1,Google Play: Appcompanist (com.appcompanist.appcompanist),"3★; автор — ученица, поступает в колледж",Абитуриентка готовит репертуар к поступлению с аккомпанементом из приложения; важна точная синхронизация.,I can find all my songs as a high school senior trying to get into college. there are syncing issues on certain tracks... the melody is about a half beat ahead of the accompaniment and it makes it a struggle.,https://play.google.com/store/apps/details?id=com.appcompanist.appcompanist,2025-11-09,Google Play: приложения педагогов и студий
98,студент-будущий профи,страх,2,Google Play: Appcompanist (com.appcompanist.appcompanist),2★; автор — студент музыкальной педагогики,Страх потерять доступ к оплаченному репертуару и материалам.,"Music education student here. I used to use appcompanist for my repertoire, but in the middle of my subscription for this month, my account was either deleted or removed. I was still paying, but it refused to let me use my email.",https://play.google.com/store/apps/details?id=com.appcompanist.appcompanist,2024-10-03,Google Play: приложения педагогов и студий
99,студент-новичок/любитель,возражение,2,Google Play: Appcompanist (com.appcompanist.appcompanist),"2★, 1 лайк",Трудная отмена подписки подрывает доверие к платным инструментам для певцов.,The app is easy to use but it's hard to cancel your subscription. I have been charged 200 dollars over the past 2 years because I can't cancel my subscription.,https://play.google.com/store/apps/details?id=com.appcompanist.appcompanist,2023-04-15,Google Play: приложения педагогов и студий
100,студент-новичок/любитель,возражение,2,Google Play: Appcompanist (com.appcompanist.appcompanist),3★,Распевки есть и бесплатно; платить за подписку ради них не готовы.,"Worked very well for vocal warm-ups! However, I didn't appreciate the fact that a subscription is required to access the songs. I ultimatley decided to switch to a better warm up app that is free.",https://play.google.com/store/apps/details?id=com.appcompanist.appcompanist,2025-09-24,Google Play: приложения педагогов и студий
101,студент-новичок/любитель,страх,3,Google Play: SwiftScales Vocal Trainer (com.swiftscales.music.vvt),"3★, 2 лайка",Без педагога упражнения выполняют неправильно; страх навредить голосу — аргумент за связку «приложение + педагог».,"I used the app consistently and at first I thought it was giving me a clear path forward. But without proper guidance, I ended up misunderstanding what the exercises were actually doing in my voice. SwiftScales is a tool, not a teacher. It doesn't explain coordination, vocal architecture, or how to approach the exercises safely. If you're new to singing stay away.",https://play.google.com/store/apps/details?id=com.swiftscales.music.vvt,2026-05-26,Google Play: приложения педагогов и студий
102,студент-новичок/любитель,боль,3,Google Play: SwiftScales Vocal Trainer (com.swiftscales.music.vvt),"2★, 100 лайков","Распевка без обратной связи бесполезна; нужна оценка того, что поёт ученик.","There's no point to it. All it does is play a scale, you can get the same from any audio recording or instrument that's about. There's no feedback or analysis of what you're producing (not even to the basic level that, say, a guitar tuner displays) so not really any justification to it being an app.",https://play.google.com/store/apps/details?id=com.swiftscales.music.vvt,2018-11-28,Google Play: приложения педагогов и студий
103,студент-новичок/любитель,желание,2,Google Play: SwiftScales Vocal Trainer (com.swiftscales.music.vvt),"3★, 61 лайк","Певец хочет внешнюю оценку своего пения, а не очередные упражнения.",I am trying to find an app that will tell me how my singing is. I can sing so I don't need to relearn this whole thing but I wanted an opinion.,https://play.google.com/store/apps/details?id=com.swiftscales.music.vvt,2018-10-01,Google Play: приложения педагогов и студий
104,студент-новичок/любитель,желание,2,Google Play: SwiftScales Vocal Trainer (com.swiftscales.music.vvt),"3★, 35 лайков","Нужна методичная база (дыхание, апподжио) под свой жанр, а не набор гамм.","TWO BREATHING EXERCIZES FOR A GAZILLON SCALES? If you are going to put together ANYTHING on learning singing it has to start with the breath... if you sing classical, gospel, Metal or any other challenging genre, pass on this and seek out some youtube videos on things like engagement and appoggio.",https://play.google.com/store/apps/details?id=com.swiftscales.music.vvt,2020-08-23,Google Play: приложения педагогов и студий
105,студент-новичок/любитель,желание,1,Google Play: SwiftScales Vocal Trainer (com.swiftscales.music.vvt),"3★, 5 лайков","Запись для обратной связи — недостающий элемент, чтобы инструмент заменял педагога между уроками.",add recording for feedback. this could be an excellent vocal teacher with one more feature added to it.,https://play.google.com/store/apps/details?id=com.swiftscales.music.vvt,2019-03-17,Google Play: приложения педагогов и студий
106,студент-новичок/любитель,желание,2,Google Play: SwiftScales Vocal Trainer (com.swiftscales.music.vvt),"3★, 78 лайков",Распеваются в машине; нужен режим без рук и длинные опорные ноты.,"I'm trying to improve my pitch. The piano notes are short, I feel like they're hard to match to. Also, I wish I could use this up hands-free, since I use it in the car.",https://play.google.com/store/apps/details?id=com.swiftscales.music.vvt,2022-08-28,Google Play: приложения педагогов и студий
107,родитель,боль,2,"Google Play: Practice Space (com.psllc.practicespace), приложение ученика в связке с педагогом",1★; автор — родитель,"Интерфейс практики, выданный педагогом, довёл ребёнка до слёз — риск для удержания ученика студией.",Both of my children had a very difficult time with the update and one ended up in tears. Definitely not encouraging to a young learner!,https://play.google.com/store/apps/details?id=com.psllc.practicespace,2026-08-19,Google Play: приложения педагогов и студий
108,родитель,боль,2,Google Play: Practice Space (com.psllc.practicespace),"2★, 5 лайков; автор — родитель",Потеря записанных видео и достижений ученика — главный демотиватор.,"Lost too many practice records to instability of the app. Specifically when it feezes on submission... it loses all the achievements, points and videos we record as part of that practice too, which is very frustrating for my son who loves to see how he tracks against the Leaderboard.",https://play.google.com/store/apps/details?id=com.psllc.practicespace,2022-05-06,Google Play: приложения педагогов и студий
109,студент-новичок/любитель,возражение,1,Google Play: Practice Space (com.psllc.practicespace),"1★, 6 лайков; автор — ученик","Если единственная ценность — отправка видео педагогу, её можно заменить мессенджером.",The only thing is really useful for is sending videos which I could just do any way.,https://play.google.com/store/apps/details?id=com.psllc.practicespace,2025-08-12,Google Play: приложения педагогов и студий
110,педагог вокала,боль,1,Google Play: Practice Space Teacher App (com.psllc.connect),1★; автор — начинающий пользователь-педагог,"Педагог хочет попробовать, но онбординг его не пускает.",can't start account as a new teacher. takes me right to sign in page. I dont have an account yet. I would love to try it,https://play.google.com/store/apps/details?id=com.psllc.connect,2026-01-05,Google Play: приложения педагогов и студий
111,педагог вокала,боль,2,"Google Play: Modus/PracticeTime (de.practicetime.practicetime), трекер практики",3★; автор — педагог,Педагог записывал пример для учеников и потерял запись; потеря контента — сильная боль.,Just did a 3 hour session to show my students and lost it all,https://play.google.com/store/apps/details?id=de.practicetime.practicetime,2023-09-13,Google Play: приложения педагогов и студий
112,родитель,желание,2,Google Play: PracticeTime (de.practicetime.practicetime),"3★, 2 лайка; автор — родитель",Родителям нужны автоматические напоминания о ежедневной практике.,it really needs a feature to generate practice reminders. I was hoping to put this on my kids devices so that it would remind them to put down their phones and do some music practice each day!,https://play.google.com/store/apps/details?id=de.practicetime.practicetime,2025-09-07,Google Play: приложения педагогов и студий
113,педагог вокала,желание,2,Google Play: ABRSM Piano Practice Partner (org.abrsm.pianopracticepartner),"2★, 5 лайков; автор — педагог","Педагог ценит замедление и игру вместе с учениками; уже потратил деньги на контент и злится, когда он недоступен.",being able to play along with seperate hands as well as slow down and speed up is something my students and I really enjoy... very frustrating and annoying as I've spent a fair amount of money buying the music,https://play.google.com/store/apps/details?id=org.abrsm.pianopracticepartner,2022-11-09,Google Play: приложения педагогов и студий
114,педагог вокала,готовность платить,1,Google Play: ABRSM Piano Practice Partner (org.abrsm.pianopracticepartner),"3★, 7 лайков",Пакет экзаменационных пьес за £5.99 покупают в основном педагоги; ученики хотят платить поштучно (40–50p за пьесу).,"Pieces NEED to be available one at a time otherwise your only market is piano teachers, not home practice... £5.99 for all pieces is 33p each, but 40p or even 50p for each piece is likely to bring more revenue altogether. At this price I just wouldn't buy anything.",https://play.google.com/store/apps/details?id=org.abrsm.pianopracticepartner,2014-10-14,Google Play: приложения педагогов и студий
115,педагог вокала,готовность платить,2,"Google Play: TeacherAide Pro 3 (com.apps.ips.teacheraidepro3), учёт учеников/посещаемости","1★, 26 лайков; автор — педагог (не музыка)",Для педагога с частичной занятостью годовая подписка на учёт учеников дорога; предпочитает разовую покупку.,The subscription cost is very high for part time teachers like me! Every year need to pay ₹1020. Before it was good that one time purchase used to give all features but not anymore.,https://play.google.com/store/apps/details?id=com.apps.ips.teacheraidepro3,2018-11-12,Google Play: приложения педагогов и студий
116,педагог вокала,возражение,2,Google Play: TeacherAide Pro 3 (com.apps.ips.teacheraidepro3),"1★, 15 лайков; автор — педагог",Переход с разовой оплаты на подписку отталкивает; альтернатива — таблица Excel.,Seriously? From 15€/life time to 30€ per year? I understand the work and all updates... Better use a Excel sheet and be free from this trap.,https://play.google.com/store/apps/details?id=com.apps.ips.teacheraidepro3,2020-08-31,Google Play: приложения педагогов и студий
117,педагог вокала,страх,1,Google Play: TeacherAide Pro 3 (com.apps.ips.teacheraidepro3),3★; автор — педагог,Страх потерять накопленные данные об учениках и оплаченную версию.,I'm scared to uninstall and reinstall it from the Play Store because I don't want to lose the paid version I bought through Amazon.,https://play.google.com/store/apps/details?id=com.apps.ips.teacheraidepro3,2025-08-24,Google Play: приложения педагогов и студий
118,педагог вокала,желание,1,Google Play: TeacherAide Pro 3 (com.apps.ips.teacheraidepro3),3★,Педагоги хотят общаться с учениками и родителями через привычный мессенджер.,Why can't I send messages via WhatsAp. If so 5 stars,https://play.google.com/store/apps/details?id=com.apps.ips.teacheraidepro3,2019-12-16,Google Play: приложения педагогов и студий
119,владелец школы,боль,3,"Google Play: Pike13 Staff (com.pikethirteen.staffapp), CRM для студий",1★; автор — сотрудник студии,"CRM студии: сломано расписание и доступность, письма не уходят; сотрудники вынуждены пользоваться.",Absolutely TERRIBLE software. Freezes and crashes all the time. Takes forever to load. Availability functions are broken. Doesn't send emails even though it says it did. If I didn't have to use it I wouldn't.,https://play.google.com/store/apps/details?id=com.pikethirteen.staffapp,2024-04-05,Google Play: приложения педагогов и студий
120,владелец школы,боль,2,Google Play: Pike13 Staff (com.pikethirteen.staffapp),1★; автор — сотрудник студии,"Нет интеграций с другими инструментами; вокруг полно альтернатив, лояльности нет.",I use this app for work and it's nothing but a hassle. It's not compatible with other platforms/apps and is honestly really unorganized. There are infinite other scheduling apps.,https://play.google.com/store/apps/details?id=com.pikethirteen.staffapp,2022-10-31,Google Play: приложения педагогов и студий
121,владелец школы,боль,1,Google Play: Pike13 Staff (com.pikethirteen.staffapp),1★; автор — сотрудник,"Выбор ПО делает владелец, а страдают преподаватели; это влияет на удержание команды.",garbage app that im forced to use for work,https://play.google.com/store/apps/details?id=com.pikethirteen.staffapp,2025-09-12,Google Play: приложения педагогов и студий
122,владелец школы,боль,1,Google Play: Pike13 Staff (com.pikethirteen.staffapp),2★,Мобильное приложение — обёртка над сайтом; нужен нормальный мобильный опыт.,"it's a cheaply designed app that pretty much just leads to the webpage, but I guess it technically works? it's not good tho",https://play.google.com/store/apps/details?id=com.pikethirteen.staffapp,2022-04-16,Google Play: приложения педагогов и студий
123,владелец школы,боль,2,"Google Play: Dance Studio Pro Portal (com.dancestudio_pro.dsp_portal), ПО для студий","3★, 1 лайк; автор — педагог студии","Педагогу студии нужны посещаемость, заметки к занятиям и связь с родителями в телефоне; интерфейс мешает.","I love the convenience of an on-the-go approach to my attendance tracker, class notes, and parent communication. However, when utilizing the Class Manager feature in this app, my menu and log out buttons are too far up and out of reach on the screen.",https://play.google.com/store/apps/details?id=com.dancestudio_pro.dsp_portal,2023-01-12,Google Play: приложения педагогов и студий
124,владелец школы,желание,1,Google Play: Dance Studio Pro Portal (com.dancestudio_pro.dsp_portal),1★,Отметка посещаемости с телефона — самая нужная функция для педагогов студии.,Can you add the take attendance feature which obviously is the most useful for teachers mobile devices.,https://play.google.com/store/apps/details?id=com.dancestudio_pro.dsp_portal,2024-09-05,Google Play: приложения педагогов и студий
125,владелец школы,боль,2,"Google Play: iClassPro Staff Portal (com.iclasspro.icp_staff_portal), ПО для классовых школ","2★, 4 лайка; автор — педагог (школа плавания)",Педагог в школе хочет в один тап видеть расписание на день.,"This app is confusing and unusable. I just want to see my schedule for the day. I can get there, but I seem to need to click ""attendance"" and then add a filter. It also won't remember my login for more than one day.",https://play.google.com/store/apps/details?id=com.iclasspro.icp_staff_portal,2020-08-27,Google Play: приложения педагогов и студий
126,владелец школы,боль,2,Google Play: iClassPro Staff Portal (com.iclasspro.icp_staff_portal),2★,"Педагоги не могут учесть отработанные часы, что ломает расчёт зарплаты.",I use this app at work and it constantly crashes to the point where you can't clock your hours,https://play.google.com/store/apps/details?id=com.iclasspro.icp_staff_portal,2022-08-29,Google Play: приложения педагогов и студий
127,владелец школы,боль,3,Google Play: Acuity Scheduling (com.acuityscheduling.app.android),"1★, 4 лайка; автор — владелец бизнеса с записью (не обязательно музыка)",Сбои приёма оплат в ПО для записи бьют по выручке; время между клиентами дорого.,"app was fantastic up until an update in Feb, and since then, it can't process credit card payments, UNLESS I clear the app data and cache between EACH TRANSACTION... Who has time to go through all those steps between every transaction???",https://play.google.com/store/apps/details?id=com.acuityscheduling.app.android,2026-04-24,Google Play: приложения педагогов и студий
128,владелец школы,боль,2,Google Play: Acuity Scheduling (com.acuityscheduling.app.android),"3★, 5 лайков; автор — владелец бизнеса",Нет живой поддержки — владельцы готовы уйти к конкуренту.,"I love the app when its working... However, the fact that there is no phone support is CRAZY and maddening. You shouldn't have to have long drawn out email conversations and screenshot and video record the problems.",https://play.google.com/store/apps/details?id=com.acuityscheduling.app.android,2025-03-28,Google Play: приложения педагогов и студий
129,владелец школы,страх,2,Google Play: Acuity Scheduling (com.acuityscheduling.app.android),"2★, 4 лайка; автор — владелец бизнеса",Страх ошибочных записей вне рабочего времени; раздражают доплаты за каждую функцию.,I'm always worried someone will be able to schedule a service at time that's not even during my business hours cause it's happened 3x in a month. They also nickel and dime you for every little feature they have available or add on.,https://play.google.com/store/apps/details?id=com.acuityscheduling.app.android,2025-07-21,Google Play: приложения педагогов и студий
130,владелец школы,боль,2,Google Play: Acuity Scheduling (com.acuityscheduling.app.android),"2★, 18 лайков; автор — владелец бизнеса","Расписание, не обновляющееся в реальном времени, ведёт к пропущенным переносам.",A scheduling app that doesn't update in real time is bad for business.,https://play.google.com/store/apps/details?id=com.acuityscheduling.app.android,2023-12-09,Google Play: приложения педагогов и студий
131,владелец школы,боль,2,Google Play: Acuity Scheduling (com.acuityscheduling.app.android),"1★, 5 лайков; автор — владелец, 8+ лет в Acuity","Неудобная онлайн-запись возвращает клиентов к звонкам, и владелец тратит время на администрирование.",Nothing works after this update... Now it barely signs me in—and the client interface has made my clients start calling me to schedule because it's so difficult to navigate or simply doesn't work.,https://play.google.com/store/apps/details?id=com.acuityscheduling.app.android,2026-03-18,Google Play: приложения педагогов и студий
132,владелец школы,желание,2,Google Play: Acuity Scheduling (com.acuityscheduling.app.android),"1★, 10 лайков; автор — владелец бизнеса","Владельцу нужны рассылки клиентам и оплаты «из коробки», без сторонних интеграций.","I can't send blast emails to my clients until they opt-in to receiving mail, which is crazy. There's no option to add card processing fees, so I had to find an external app to use my stripe card reader.",https://play.google.com/store/apps/details?id=com.acuityscheduling.app.android,2024-07-24,Google Play: приложения педагогов и студий
133,педагог вокала,боль,2,"Google Play: Superprof (com.superprof), маркетплейс репетиторов","1★, 3 лайка; автор — репетитор","Маркетплейс берёт комиссию и с педагога, и с ученика, не защищая от спама; педагоги ищут учеников иначе.","Service is full of fishing bots trying to spam everyone until they trick someone. They pretend to be superprof to do this. Superprof takes a considerable cut from your earnings and from the student (double dipping), which could be ignored if they managed the bots.",https://play.google.com/store/apps/details?id=com.superprof,2026-04-13,Google Play: приложения педагогов и студий
134,студент-новичок/любитель,возражение,2,Google Play: Superprof (com.superprof),"2★, 2 лайка; автор — ученик",Ученики не готовы платить за доступ к переписке с педагогом до первого урока.,great variety of tutors and subjects. But having to pay 40£ for a pass just to be able to talk to the tutor is absurd.,https://play.google.com/store/apps/details?id=com.superprof,2026-07-28,Google Play: приложения педагогов и студий
135,педагог вокала,боль,1,Google Play: Superprof (com.superprof),"2★, 3 лайка; автор — репетитор (Франция)",Педагог не может указать урок на дому у ученика и тариф с выездом; приходится вручную менять цену.,Quand je propose un cours je ne peux pas modifier le lieu et mettre que c'est chez l'élève et je ne peux pas selectionner le tarif avec frais de déplacement donc je suis obligé de changer le tarif manuellement.,https://play.google.com/store/apps/details?id=com.superprof,2023-02-04,Google Play: приложения педагогов и студий
136,педагог вокала,боль,2,"Google Play: Wiingy Tutors (com.wiingy.wiingytutors), маркетплейс репетиторов","1★, 4 лайка; автор — репетитор",Поток учеников с платформы иссякает после первого месяца; педагоги недовольны зависимостью от маркетплейса.,"Waste of time. First month as a tutor they give you a decent number of demos, but after that the numbers drop off significantly. Often times leads are canceled automatically which lowers demo priority.",https://play.google.com/store/apps/details?id=com.wiingy.wiingytutors,2026-08-09,Google Play: приложения педагогов и студий
137,педагог вокала,боль,2,Google Play: Wiingy Tutors (com.wiingy.wiingytutors),"1★, 6 лайков; автор — репетитор",Неявки на пробные уроки и непрозрачная цена снижают конверсию пробного урока в оплату.,"lots of no shows... Students have no idea of the cost of the classes/course before the demo. They get to know how much they have to pay after the demo is completed.. Therefore,some of them do not enroll in the course.",https://play.google.com/store/apps/details?id=com.wiingy.wiingytutors,2025-11-19,Google Play: приложения педагогов и студий
138,педагог вокала,возражение,2,Google Play: Wiingy Tutors (com.wiingy.wiingytutors),"1★, 6 лайков; автор — бывший репетитор",Педагоги скептически относятся к AI-планам уроков низкого качества; AI-функции должны быть проверяемыми и под контролем педагога.,"they use AI to create content, such as lesson plans, with the usual range of inaccuracies and meaningless garbage you might expect.",https://play.google.com/store/apps/details?id=com.wiingy.wiingytutors,2025-08-08,Google Play: приложения педагогов и студий
139,студент-новичок/любитель,боль,3,Google Suggest: why cant i sing,"Google Suggest en-US, seed 'why cant i sing': прямая подсказка #1",Базовая боль — «почему я не могу петь»: человек сам себе ставит диагноз «не умею»,why can't i sing,https://suggestqueries.google.com/complete/search?client=firefox&hl=en&gl=us&q=why%20cant%20i%20sing,2026-09-26,Подсказки поиска Google
140,студент-новичок/любитель,боль,3,Google Suggest: why cant i sing,"seed 'why cant i sing': прямая подсказка #2; варианты 'like i used to' на позициях 25, 54, 68, 90 расширенного списка","Потеря прежней формы: раньше пел, теперь голос «не тот» — возвращающиеся взрослые",why cant i sing anymore / why can't i sing like i used to / why can't i sing the way i used to,https://suggestqueries.google.com/complete/search?client=firefox&hl=en&gl=us&q=why%20cant%20i%20sing,2026-09-26,Подсказки поиска Google
141,студент-новичок/любитель,боль,2,Google Suggest: why cant i sing,seed 'why cant i sing': прямые подсказки #3–#5 (anymore / high notes); 'as high as i used to' поз. 13,Потеря верхнего диапазона — отдельный частый сценарий,why cant i sing high notes anymore / why can't i sing as high as i used to,https://suggestqueries.google.com/complete/search?client=firefox&hl=en&gl=us&q=why%20cant%20i%20sing,2026-09-26,Подсказки поиска Google
142,студент-новичок/любитель,боль,2,Google Suggest: why cant i sing,seed 'why cant i sing': прямые подсказки #6 и #9; 'properly' поз. 80,Неудовлетворённость качеством пения без понимания причины,why can't i sing good / why can't i sing well / why can't i sing properly,https://suggestqueries.google.com/complete/search?client=firefox&hl=en&gl=us&q=why%20cant%20i%20sing,2026-09-26,Подсказки поиска Google
143,студент-новичок/любитель,боль,2,Google Suggest: why cant i sing,"seed 'why cant i sing': расширение, поз. 50, 60, 61, 79, 91",Проблема с интонацией — не попадает в ноты,why cant i sing in tune / why can t i sing on key / why can't i sing in certain keys,https://suggestqueries.google.com/complete/search?client=firefox&hl=en&gl=us&q=why%20cant%20i%20sing,2026-09-26,Подсказки поиска Google
144,студент-новичок/любитель,страх,3,Google Suggest: why cant i sing; singing in front of,seed 'why cant i sing' поз. 51; seed 'singing in front of' поз. 105,"Может петь один, но не при людях — сценический/социальный страх",why cant i sing in front of people / cant sing in front of people,https://suggestqueries.google.com/complete/search?client=firefox&hl=en&gl=us&q=why%20cant%20i%20sing,2026-09-26,Подсказки поиска Google
145,студент-новичок/любитель,желание,2,Google Suggest: why cant i sing; how to teach singing,seed 'why cant i sing' поз. 67; seed 'how to teach singing' поз. 85,"Запрос «с нуля для тех, у кого не получается» — прямой вход для новичка",how to sing when you can't sing / how to learn to sing if you can t,https://suggestqueries.google.com/complete/search?client=firefox&hl=en&gl=us&q=why%20cant%20i%20sing,2026-09-26,Подсказки поиска Google
146,студент-новичок/любитель,боль,1,Google Suggest: why cant i sing,"seed 'why cant i sing' поз. 38, 99",Эмоциональная сторона: не получается выразительно или эмоции «ломают» пение,why can't i sing with emotion / why can't i sing without crying,https://suggestqueries.google.com/complete/search?client=firefox&hl=en&gl=us&q=why%20cant%20i%20sing,2026-09-26,Подсказки поиска Google
147,студент-новичок/любитель,боль,2,Google Suggest: why cant i sing,"seed 'why cant i sing' прямая подсказка #11 и ещё 8 вариантов (поз. 16, 19, 83, 87, 88, 92–94, 97)",Координация пения и аккомпанемента — массовая боль гитаристов-любителей,why can't i sing and play at the same time / why cant i sing and play guitar,https://suggestqueries.google.com/complete/search?client=firefox&hl=en&gl=us&q=why%20cant%20i%20sing,2026-09-26,Подсказки поиска Google
148,студент-новичок/любитель,страх,3,Google Suggest: is it too late to learn,"seed 'is it too late to learn': прямая подсказка #2 (выше рисования, инструмента, AI); 'to sing' поз. 192",Страх «поздно начинать» — пение в топе среди всех навыков для этого seed,is it too late to learn how to sing / is it too late to learn to sing,https://suggestqueries.google.com/complete/search?client=firefox&hl=en&gl=us&q=is%20it%20too%20late%20to%20learn,2026-09-26,Подсказки поиска Google
149,студент-новичок/любитель,страх,3,Google Suggest: can anyone learn to,"seed 'can anyone learn to': прямая подсказка #1, #2 и #10 (из 10)",Сомнение в наличии «таланта»: можно ли научиться вообще,can anyone learn to sing / can anyone learn to sing well / can anyone learn to sing good,https://suggestqueries.google.com/complete/search?client=firefox&hl=en&gl=us&q=can%20anyone%20learn%20to,2026-09-26,Подсказки поиска Google
150,студент-новичок/любитель,желание,2,Google Suggest: how long does it take to learn to sing,"seed 'how long does it take to learn to sing': #1–#3 прямые, 'decently' #10",Нужны сроки и ожидания: сколько времени до «прилично»,how long does it take to learn to sing / ... well / ... as an adult / ... decently,https://suggestqueries.google.com/complete/search?client=firefox&hl=en&gl=us&q=how%20long%20does%20it%20take%20to%20learn%20to%20sing,2026-09-26,Подсказки поиска Google
151,студент-новичок/любитель,страх,3,Google Suggest: afraid to sing,seed 'afraid to sing': прямая подсказка #1,Главная формулировка страха — петь при других,afraid to sing in front of others,https://suggestqueries.google.com/complete/search?client=firefox&hl=en&gl=us&q=afraid%20to%20sing,2026-09-26,Подсказки поиска Google
152,студент-новичок/любитель,страх,2,Google Suggest: afraid to sing,seed 'afraid to sing': прямая #3; 'scared to sing out loud' поз. 22,"Страх громкого звучания (стыд, чтобы не услышали)",afraid to sing loud / scared to sing out loud,https://suggestqueries.google.com/complete/search?client=firefox&hl=en&gl=us&q=afraid%20to%20sing,2026-09-26,Подсказки поиска Google
153,студент-новичок/любитель,страх,2,Google Suggest: afraid to sing,seed 'afraid to sing': прямая подсказка #4,"Страх, что услышат соседи — барьер домашней практики",afraid to sing in apartment,https://suggestqueries.google.com/complete/search?client=firefox&hl=en&gl=us&q=afraid%20to%20sing,2026-09-26,Подсказки поиска Google
154,студент-новичок/любитель,желание,2,Google Suggest: afraid to sing,"seed 'afraid to sing' поз. 15, 20",Активный запрос на преодоление страха,how to get over fear of singing / how to not be afraid to sing in front of others,https://suggestqueries.google.com/complete/search?client=firefox&hl=en&gl=us&q=afraid%20to%20sing,2026-09-26,Подсказки поиска Google
155,студент-новичок/любитель,страх,2,Google Suggest: afraid to sing; singing in front of,"seed 'afraid to sing' поз. 17; seed 'singing in front of' поз. 74–75, 96, 98, 99, 106",Страх осознаётся как «фобия» — ищут название/легитимацию,what is the fear of singing called / fear of singing in front of others phobia,https://suggestqueries.google.com/complete/search?client=firefox&hl=en&gl=us&q=singing%20in%20front%20of,2026-09-26,Подсказки поиска Google
156,студент-новичок/любитель,страх,2,Google Suggest: singing in front of,"seed 'singing in front of' поз. 48, 66, 68, 70, 73",Стыд и неловкость при публичном пении,i hate singing in front of people / why is singing in front of people so scary / why is singing in front of people embarrassing,https://suggestqueries.google.com/complete/search?client=firefox&hl=en&gl=us&q=singing%20in%20front%20of,2026-09-26,Подсказки поиска Google
157,студент-новичок/любитель,триггер покупки,2,Google Suggest: singing in front of,"seed 'singing in front of': прямые #1, #2, #4, плюс ~10 вариантов (tiktok, family, parents, boyfriend)",Вирусный формат «впервые спел при близких» — момент-мечта и точка выхода из страха,singing in front of friends for the first time / singing in front of family for the first time,https://suggestqueries.google.com/complete/search?client=firefox&hl=en&gl=us&q=singing%20in%20front%20of,2026-09-26,Подсказки поиска Google
158,студент-новичок/любитель,страх,2,Google Suggest: singing in front of,"seed 'singing in front of' поз. 8, 92, 93, 61, 69",Нервы перед выступлением — запрос на техники,how to not be nervous singing in front of a crowd / how to get comfortable singing in front of others,https://suggestqueries.google.com/complete/search?client=firefox&hl=en&gl=us&q=singing%20in%20front%20of,2026-09-26,Подсказки поиска Google
159,студент-новичок/любитель,желание,3,Google Suggest: how to sing,seed 'how to sing': прямая подсказка #2 (сразу после самого seed),Главное желание — просто петь лучше,how to sing better,https://suggestqueries.google.com/complete/search?client=firefox&hl=en&gl=us&q=how%20to%20sing,2026-09-26,Подсказки поиска Google
160,студент-новичок/любитель,желание,2,Google Suggest: how to sing,"seed 'how to sing' поз. 23, 27",Ожидание мгновенного результата — ищут быстрые «хаки»,how to sing better instantly / how to sing better in 1 minute,https://suggestqueries.google.com/complete/search?client=firefox&hl=en&gl=us&q=how%20to%20sing,2026-09-26,Подсказки поиска Google
161,студент-новичок/любитель,боль,2,Google Suggest: how to sing,"seed 'how to sing': прямая #5 ('from your diaphragm'), поз. 66, 141","Пение «горлом» — осознанная боль, язык «диафрагма vs горло»",how to sing from diaphragm instead of throat / how to sing not from throat,https://suggestqueries.google.com/complete/search?client=firefox&hl=en&gl=us&q=how%20to%20sing,2026-09-26,Подсказки поиска Google
162,студент-новичок/любитель,боль,2,Google Suggest: how to sing,"seed 'how to sing' поз. 165, 229, 232",Напряжение и дискомфорт в горле при пении,how to sing without straining your throat / how to sing without strain / how to sing quietly without straining,https://suggestqueries.google.com/complete/search?client=firefox&hl=en&gl=us&q=how%20to%20sing,2026-09-26,Подсказки поиска Google
163,студент-новичок/любитель,желание,2,Google Suggest: how to sing,seed 'how to sing' поз. 37,Уверенность как отдельная цель,how to sing confidently,https://suggestqueries.google.com/complete/search?client=firefox&hl=en&gl=us&q=how%20to%20sing,2026-09-26,Подсказки поиска Google
164,студент-новичок/любитель,желание,2,Google Suggest: how to sing,"seed 'how to sing' поз. 85, 130, 145, 152","Попадание в ноты — базовый навык, который ищут",how to sing in tune / how to sing more in tune / how to sing on key for beginners,https://suggestqueries.google.com/complete/search?client=firefox&hl=en&gl=us&q=how%20to%20sing,2026-09-26,Подсказки поиска Google
165,студент-новичок/любитель,желание,3,Google Suggest: how to practice singing,seed 'how to practice singing': прямая #2; поз. 12,Самостоятельная домашняя практика — основной сценарий,how to practice singing at home / how to practice singing at home for beginners,https://suggestqueries.google.com/complete/search?client=firefox&hl=en&gl=us&q=how%20to%20practice%20singing,2026-09-26,Подсказки поиска Google
166,студент-новичок/любитель,боль,3,Google Suggest: how to practice singing,"seed 'how to practice singing': прямые #4, #7, #9; поз. 42, 44, 47 (dorm), 90, 108, 109, 122, 150, 156, 157",Шум и соседи — одна из самых частых практических болей (кластер >12 формулировок),how to practice singing in an apartment / at home quietly / quietly / without disturbing neighbors / without making noise,https://suggestqueries.google.com/complete/search?client=firefox&hl=en&gl=us&q=how%20to%20practice%20singing,2026-09-26,Подсказки поиска Google
167,студент-новичок/любитель,желание,2,Google Suggest: how to practice singing,"seed 'how to practice singing': прямая #6; поз. 87, 91, 142",Нужна тренировка интонации с обратной связью,how to practice singing on pitch / how to practice singing in tune,https://suggestqueries.google.com/complete/search?client=firefox&hl=en&gl=us&q=how%20to%20practice%20singing,2026-09-26,Подсказки поиска Google
168,студент-новичок/любитель,желание,2,Google Suggest: how to practice singing,"seed 'how to practice singing' поз. 38, 45, 52, 53, 98, 115","Нужна структура и режим практики — не знают, сколько и как",how long to practice singing each day / how to practice singing daily / what is the best way to practice singing,https://suggestqueries.google.com/complete/search?client=firefox&hl=en&gl=us&q=how%20to%20practice%20singing,2026-09-26,Подсказки поиска Google
169,студент-новичок/любитель,желание,2,Google Suggest: how to practice singing,"seed 'how to practice singing' поз. 15, 19, 123, 133",Практика без педагога — самостоятельный формат,how to practice singing by yourself / on your own / alone,https://suggestqueries.google.com/complete/search?client=firefox&hl=en&gl=us&q=how%20to%20practice%20singing,2026-09-26,Подсказки поиска Google
170,студент-новичок/любитель,боль,3,Google Suggest: how to sing high notes,"seed 'how to sing high notes': прямые #4, #5; ещё поз. 59, 62, 103, 112, 142, 159",Высокие ноты без напряжения — лидирующая формулировка в теме,how to sing high notes without straining (female / male),https://suggestqueries.google.com/complete/search?client=firefox&hl=en&gl=us&q=how%20to%20sing%20high%20notes,2026-09-26,Подсказки поиска Google
171,студент-новичок/любитель,боль,2,Google Suggest: how to sing high notes,seed 'how to sing high notes': прямая #9; поз. 115,Срывы голоса на верхах,how to sing high notes without cracking,https://suggestqueries.google.com/complete/search?client=firefox&hl=en&gl=us&q=how%20to%20sing%20high%20notes,2026-09-26,Подсказки поиска Google
172,студент-новичок/любитель,боль,2,Google Suggest: how to sing high notes,"seed 'how to sing high notes' поз. 17, 19, 40, 45, 46, 76","Ощущение, что «мой голос низкий — мне не дано»",how to sing high notes with a deep voice / with a low voice / if you have a deep voice,https://suggestqueries.google.com/complete/search?client=firefox&hl=en&gl=us&q=how%20to%20sing%20high%20notes,2026-09-26,Подсказки поиска Google
173,студент-новичок/любитель,страх,2,Google Suggest: how to sing high notes,"seed 'how to sing high notes' поз. 43, 74",Страх повредить голос,how to sing high notes without damaging your voice / without hurting your throat,https://suggestqueries.google.com/complete/search?client=firefox&hl=en&gl=us&q=how%20to%20sing%20high%20notes,2026-09-26,Подсказки поиска Google
174,студент-новичок/любитель,желание,2,Google Suggest: how to sing high notes,"seed 'how to sing high notes' поз. 48–57, 135",Хотят лёгкости и быстрого прогресса в диапазоне,how to sing high notes easily / effortlessly / quickly / how long does it take to sing high notes,https://suggestqueries.google.com/complete/search?client=firefox&hl=en&gl=us&q=how%20to%20sing%20high%20notes,2026-09-26,Подсказки поиска Google
175,студент-новичок/любитель,боль,2,Google Suggest: my voice,"seed 'my voice' поз. 26, 40, 114",Ломается голос при пении,my voice breaks when i sing / my voice keeps cracking when i sing / my voice cracks a lot,https://suggestqueries.google.com/complete/search?client=firefox&hl=en&gl=us&q=my%20voice,2026-09-26,Подсказки поиска Google
176,студент-новичок/любитель,боль,2,Google Suggest: my voice,"seed 'my voice' поз. 63, 64",Зажатость и напряжение,my voice feels strained when i sing / my voice feels tight when i sing,https://suggestqueries.google.com/complete/search?client=firefox&hl=en&gl=us&q=my%20voice,2026-09-26,Подсказки поиска Google
177,студент-новичок/любитель,боль,2,Google Suggest: my voice,"seed 'my voice' поз. 49, 195, 196",Шок от своей записи — неприятие собственного голоса,my voice doesn't sound good recorded / my voice sounds different when recorded / my voice sounds weird on recording,https://suggestqueries.google.com/complete/search?client=firefox&hl=en&gl=us&q=my%20voice,2026-09-26,Подсказки поиска Google
178,студент-новичок/любитель,боль,1,Google Suggest: my voice,"seed 'my voice' поз. 61, 193, 194",Недовольство тембром и силой голоса,my voice sounds nasally / my voice sounds like a kid / my voice feels weak,https://suggestqueries.google.com/complete/search?client=firefox&hl=en&gl=us&q=my%20voice,2026-09-26,Подсказки поиска Google
179,студент-новичок/любитель,боль,2,Google Suggest: my voice,"seed 'my voice' поз. 72, 76, 77, 97, 113; 'my voice is hoarse' прямая #4",Усталость и охриплость голоса (пересечение с вокальной гигиеной),my voice gets hoarse easily / my voice gets tired when i talk / my voice is always hoarse,https://suggestqueries.google.com/complete/search?client=firefox&hl=en&gl=us&q=my%20voice,2026-09-26,Подсказки поиска Google
180,студент-новичок/любитель,возражение,3,Google Suggest: singing app,"seed 'singing app': прямые #2 и #6; ещё поз. 62, 63, 65, 66, 67",Главный модификатор запросов про приложения — бесплатность,singing app free / singing apps that are completely free / singing app free no download,https://suggestqueries.google.com/complete/search?client=firefox&hl=en&gl=us&q=singing%20app,2026-09-26,Подсказки поиска Google
181,студент-новичок/любитель,желание,2,Google Suggest: singing app,"seed 'singing app': прямая #3; поз. 156, 158–160, 185",Хотят визуализацию высоты тона и обратную связь по интонации,singing app pitch / singing app to match pitch / singing app pitch correction,https://suggestqueries.google.com/complete/search?client=firefox&hl=en&gl=us&q=singing%20app,2026-09-26,Подсказки поиска Google
182,студент-новичок/любитель,желание,2,Google Suggest: singing app,seed 'singing app': прямая #10; 'singing app range' поз. 169,Определение диапазона — точка входа,singing app that finds your range,https://suggestqueries.google.com/complete/search?client=firefox&hl=en&gl=us&q=singing%20app,2026-09-26,Подсказки поиска Google
183,студент-новичок/любитель,возражение,2,Google Suggest: singing app; are singing apps,seed 'singing app' поз. 105; seed 'are singing apps' прямая #1,Скепсис к эффективности приложений,do singing apps work / are singing apps good,https://suggestqueries.google.com/complete/search?client=firefox&hl=en&gl=us&q=are%20singing%20apps,2026-09-26,Подсказки поиска Google
184,студент-новичок/любитель,желание,2,Google Suggest: singing app,seed 'singing app' поз. 121,Ожидают геймифицированный ежедневный формат по модели Duolingo,singing app like duolingo,https://suggestqueries.google.com/complete/search?client=firefox&hl=en&gl=us&q=singing%20app,2026-09-26,Подсказки поиска Google
185,студент-новичок/любитель,желание,2,Google Suggest: singing app,"seed 'singing app' поз. 60, 78, 171, 183","Персонализация и оценка — хотят, чтобы приложение «слушало» и оценивало",singing app that adjusts to your voice / singing evaluation app / singing grading app,https://suggestqueries.google.com/complete/search?client=firefox&hl=en&gl=us&q=singing%20app,2026-09-26,Подсказки поиска Google
186,студент-новичок/любитель,желание,1,Google Suggest: singing app,"seed 'singing app' поз. 13, 184, 209","Часть аудитории хочет звучать хорошо сразу (караоке/эффекты), а не учиться",singing app to make you sound good / singing app with auto tune,https://suggestqueries.google.com/complete/search?client=firefox&hl=en&gl=us&q=singing%20app,2026-09-26,Подсказки поиска Google
187,студент-новичок/любитель,триггер покупки,1,Google Suggest: singing app,"seed 'singing app': прямая #9; поз. 164, 166, 168",Выбор через отзывы и рекомендации сообщества,singing apps reddit / singing app reviews / singing app recommendations,https://suggestqueries.google.com/complete/search?client=firefox&hl=en&gl=us&q=singing%20app,2026-09-26,Подсказки поиска Google
188,студент-новичок/любитель,желание,3,Google Suggest: singing lessons; voice lessons,seed 'singing lessons' прямая #6; seed 'voice lessons' прямая #6,Онлайн-формат — топ-модификатор после «near me» и крупных городов,singing lessons online / voice lessons online,https://suggestqueries.google.com/complete/search?client=firefox&hl=en&gl=us&q=singing%20lessons,2026-09-26,Подсказки поиска Google
189,студент-новичок/любитель,желание,3,Google Suggest: singing lessons; voice lessons,seed 'singing lessons' прямая #7; seed 'voice lessons' прямая #10; >10 городских вариантов 'for adults',Взрослые явно выделяют себя как сегмент; есть городские варианты '... for adults',singing lessons for adults / voice lessons for adults / singing lessons online for adults,https://suggestqueries.google.com/complete/search?client=firefox&hl=en&gl=us&q=voice%20lessons,2026-09-26,Подсказки поиска Google
190,студент-новичок/любитель,готовность платить,2,Google Suggest: singing lessons; voice lessons,"seed 'singing lessons' поз. 34, 156; seed 'voice lessons' поз. 35, 157; seed 'how much to charge...' поз. 11, 15, 21",Цена — один из немногих не-географических модификаторов,singing lessons cost / singing lessons price / voice lessons cost / how much do singing lessons cost / how much are voice lessons,https://suggestqueries.google.com/complete/search?client=firefox&hl=en&gl=us&q=singing%20lessons,2026-09-26,Подсказки поиска Google
191,студент-новичок/любитель,возражение,2,Google Suggest: singing lessons; how to teach singing,"seed 'singing lessons' поз. 61, 143; 'voice lessons' поз. 65, 145; seed 'how to teach singing' поз. 6 (прямая)",Поиск бесплатной альтернативы урокам,singing lessons free / singing lessons online free / voice lessons free online / how to learn singing at home for free,https://suggestqueries.google.com/complete/search?client=firefox&hl=en&gl=us&q=how%20to%20teach%20singing,2026-09-26,Подсказки поиска Google
192,студент-новичок/любитель,возражение,1,Google Suggest: singing lessons; voice lessons,seed 'singing lessons' поз. 150 и 'youtube reddit'; seed 'voice lessons' поз. 149,YouTube как бесплатная замена платным урокам,singing lessons youtube reddit / voice lessons on youtube / singing lessons on youtube,https://suggestqueries.google.com/complete/search?client=firefox&hl=en&gl=us&q=singing%20lessons,2026-09-26,Подсказки поиска Google
193,студент-новичок/любитель,возражение,3,Google Suggest: are voice lessons worth,seed 'are voice lessons worth': прямые #1–#8,"Сомнение в ценности уроков, особенно онлайн и для взрослых",are voice lessons worth it / are singing lessons worth it as an adult / are online singing lessons worth it,https://suggestqueries.google.com/complete/search?client=firefox&hl=en&gl=us&q=are%20voice%20lessons%20worth,2026-09-26,Подсказки поиска Google
194,студент-новичок/любитель,страх,3,Google Suggest: can voice lessons,"seed 'can voice lessons': прямая #1; #5, #6; в 'do voice lessons' #6",Страх «я безнадёжен — уроки мне не помогут»,can voice lessons help a bad singer / can singing lessons help anyone / can singing lessons make you good,https://suggestqueries.google.com/complete/search?client=firefox&hl=en&gl=us&q=can%20voice%20lessons,2026-09-26,Подсказки поиска Google
195,студент-новичок/любитель,возражение,2,Google Suggest: do voice lessons,"seed 'do voice lessons': прямые #1, #2, #4, #5, #8",Нужны доказательства результата,do voice lessons work / do voice lessons work reddit / do singing lessons actually help,https://suggestqueries.google.com/complete/search?client=firefox&hl=en&gl=us&q=do%20voice%20lessons,2026-09-26,Подсказки поиска Google
196,студент-новичок/любитель,возражение,2,Google Suggest: how to teach singing,"seed 'how to teach singing' поз. 25, 50, 117, 145, 153",Желание обойтись без педагога,can you learn to sing without a vocal coach / how to learn singing by yourself without coaching / can you self teach singing,https://suggestqueries.google.com/complete/search?client=firefox&hl=en&gl=us&q=how%20to%20teach%20singing,2026-09-26,Подсказки поиска Google
197,студент-новичок/любитель,желание,1,Google Suggest: singing lessons; voice lessons,seed 'singing lessons'/'voice lessons': расширение по буквам v/z,Живой онлайн-урок по видеосвязи как ожидаемый формат,singing lessons zoom / voice lessons virtual / voice lessons on zoom,https://suggestqueries.google.com/complete/search?client=firefox&hl=en&gl=us&q=voice%20lessons,2026-09-26,Подсказки поиска Google
198,студент-новичок/любитель,возражение,1,Google Suggest: voice lessons; voice teacher,seed 'voice lessons' расширение (v); seed 'voice teacher' прямая #8,"Путаница в терминах и форматах — не понимают, что покупать",voice lessons vs singing lessons / voice lessons vs vocal coaching / voice teacher vs vocal coach,https://suggestqueries.google.com/complete/search?client=firefox&hl=en&gl=us&q=voice%20teacher,2026-09-26,Подсказки поиска Google
199,студент-будущий профи,желание,2,Google Suggest: how long does it take to learn to sing,seed 'how long does it take to learn to sing' прямая #4; seed 'how to teach singing' поз. 133,Цель профессионального уровня и вопрос сроков,how long does it take to learn to sing professionally / how to learn singing professionally,https://suggestqueries.google.com/complete/search?client=firefox&hl=en&gl=us&q=how%20long%20does%20it%20take%20to%20learn%20to%20sing,2026-09-26,Подсказки поиска Google
200,студент-будущий профи,желание,2,Google Suggest: how to sing high notes,"seed 'how to sing high notes': прямые #6, #7, #8; поз. 83, 88, 105","Продвинутые технические запросы — микст, грудной регистр наверху",how to sing high notes in mixed voice / how to sing high notes with chest voice / how to sing high notes without falsetto,https://suggestqueries.google.com/complete/search?client=firefox&hl=en&gl=us&q=how%20to%20sing%20high%20notes,2026-09-26,Подсказки поиска Google
201,студент-будущий профи,желание,1,Google Suggest: how to teach singing; how to practice singing,"seed 'how to teach singing' поз. 109, 126; seed 'how to practice singing' поз. 29, 137","Жанровые траектории: мюзикл, классика, опера",how to learn to sing musical theatre / how to practice classical singing at home / how to practice opera singing,https://suggestqueries.google.com/complete/search?client=firefox&hl=en&gl=us&q=how%20to%20practice%20singing,2026-09-26,Подсказки поиска Google
202,студент-будущий профи,желание,1,Google Suggest: how to practice singing,"seed 'how to practice singing' поз. 92, 168, 170; seed 'how to teach singing' поз. 150, 152",Музыкальная грамотность — сольфеджио для прослушиваний,how to practice sight singing / how to practice singing intervals / how to practice singing scales,https://suggestqueries.google.com/complete/search?client=firefox&hl=en&gl=us&q=how%20to%20practice%20singing,2026-09-26,Подсказки поиска Google
203,студент-будущий профи,желание,1,Google Suggest: how to practice singing,"seed 'how to practice singing' поз. 159, 160, 163, 164","Поп/R&B-техники: рифы, раны, расширение диапазона",how to practice vocal runs / how to practice singing riffs / how to practice vocal range,https://suggestqueries.google.com/complete/search?client=firefox&hl=en&gl=us&q=how%20to%20practice%20singing,2026-09-26,Подсказки поиска Google
204,студент-будущий профи,желание,1,Google Suggest: how to sing high notes,"seed 'how to sing high notes' поз. 18, 29, 90, 98; seed 'how to sing' #10 'like michael jackson'",Ориентир на кумиров — обучение через конкретных артистов и песни,how to sing high notes like ariana grande / like mariah carey / like bruno mars / like michael jackson,https://suggestqueries.google.com/complete/search?client=firefox&hl=en&gl=us&q=how%20to%20sing%20high%20notes,2026-09-26,Подсказки поиска Google
205,родитель,триггер покупки,2,Google Suggest: singing lessons for my child,"seed 'singing lessons for my child': прямые #1, #2",Родитель ищет уроки для конкретного ребёнка (часто дочери),singing lessons for my daughter / singing lessons for a child,https://suggestqueries.google.com/complete/search?client=firefox&hl=en&gl=us&q=singing%20lessons%20for%20my%20child,2026-09-26,Подсказки поиска Google
206,родитель,страх,3,Google Suggest: voice lessons for kids,"seed 'voice lessons for kids' поз. 45, 119",Неуверенность в правильном возрасте старта,what age should a child start voice lessons / when to start voice lessons for kids,https://suggestqueries.google.com/complete/search?client=firefox&hl=en&gl=us&q=voice%20lessons%20for%20kids,2026-09-26,Подсказки поиска Google
207,родитель,желание,2,Google Suggest: singing lessons for my child,"seed 'singing lessons for my child' поз. 5, 6, 7, 10, 11; seed 'singing lessons' поз. 63",Поиск по конкретному возрасту — нужны программы под возраст,singing lessons for 5 year olds / for 7 year olds near me / for 9 year olds / for 10 year olds / for toddlers near me,https://suggestqueries.google.com/complete/search?client=firefox&hl=en&gl=us&q=singing%20lessons%20for%20my%20child,2026-09-26,Подсказки поиска Google
208,родитель,готовность платить,2,Google Suggest: voice lessons for kids,"seed 'voice lessons for kids' поз. 33, 42, 65",Цена — ключевой вопрос родителя,how much do voice lessons cost for kids / how much are voice lessons for kids / singing lessons for kids cost,https://suggestqueries.google.com/complete/search?client=firefox&hl=en&gl=us&q=voice%20lessons%20for%20kids,2026-09-26,Подсказки поиска Google
209,родитель,желание,2,Google Suggest: voice lessons for kids,"seed 'voice lessons for kids': прямая #3; поз. 13, 89, 90, 123",Спрос на онлайн/домашний формат для детей,voice lessons for kids online / virtual voice lessons for kids / singing lessons for kids at home,https://suggestqueries.google.com/complete/search?client=firefox&hl=en&gl=us&q=voice%20lessons%20for%20kids,2026-09-26,Подсказки поиска Google
210,родитель,возражение,2,Google Suggest: voice lessons for kids,"seed 'voice lessons for kids' прямая #4 (youtube); поз. 49, 51–53, 93, 130",Бесплатные альтернативы и YouTube,free singing lessons for kids online / free voice lessons for kids / singing lessons for kids youtube,https://suggestqueries.google.com/complete/search?client=firefox&hl=en&gl=us&q=voice%20lessons%20for%20kids,2026-09-26,Подсказки поиска Google
211,родитель,желание,2,Google Suggest: voice lessons for kids,"seed 'voice lessons for kids' поз. 17, 125",Ниша: уроки для детей с аутизмом,singing lessons for kids with autism / singing lessons for autistic kids,https://suggestqueries.google.com/complete/search?client=firefox&hl=en&gl=us&q=voice%20lessons%20for%20kids,2026-09-26,Подсказки поиска Google
212,родитель,желание,2,Google Suggest: singing app,"seed 'singing app': прямая #4; поз. 61, 63; seed 'voice lessons for kids' поз. 14","Приложение для детской практики, с запросом бесплатности",singing apps for kids / singing app for kids free / singing lessons for kids app,https://suggestqueries.google.com/complete/search?client=firefox&hl=en&gl=us&q=singing%20app,2026-09-26,Подсказки поиска Google
213,родитель,готовность платить,1,Google Suggest: voice lessons for kids,"seed 'voice lessons for kids' поз. 57, 101",Выбор формата: групповые (дешевле) vs индивидуальные,group voice lessons for kids / private voice lessons for kids,https://suggestqueries.google.com/complete/search?client=firefox&hl=en&gl=us&q=voice%20lessons%20for%20kids,2026-09-26,Подсказки поиска Google
214,родитель,желание,1,Google Suggest: how to practice singing,seed 'how to practice singing' поз. 59; seed 'how to sing high notes' поз. 64; seed 'voice lessons for kids' поз. 120,"Родители ищут, как поддержать практику ребёнка дома",how to practice singing for kids / how to sing high notes for kids / songs for kids to sing voice lessons,https://suggestqueries.google.com/complete/search?client=firefox&hl=en&gl=us&q=how%20to%20practice%20singing,2026-09-26,Подсказки поиска Google
215,педагог вокала,боль,3,Google Suggest: how much to charge for voice lessons,"seed 'how much to charge for voice lessons': прямые #1–#3, #5; поз. 16–18, 22",Ценообразование — главный деловой вопрос педагога,how much to charge for voice lessons / how much should i charge for voice lessons / how much to charge for private voice lessons,https://suggestqueries.google.com/complete/search?client=firefox&hl=en&gl=us&q=how%20much%20to%20charge%20for%20voice%20lessons,2026-09-26,Подсказки поиска Google
216,педагог вокала,боль,3,Google Suggest: how to get voice students,seed 'how to get voice students': прямые #1–#3,Привлечение учеников,how to get more voice students / how to find voice students,https://suggestqueries.google.com/complete/search?client=firefox&hl=en&gl=us&q=how%20to%20get%20voice%20students,2026-09-26,Подсказки поиска Google
217,педагог вокала,триггер покупки,2,Google Suggest: how to get more students for,"seed 'how to get more students for' (прямые #3, #6)",Педагоги зависят от маркетплейсов репетиторов,how to get more students on preply / how to get more students on superprof,https://suggestqueries.google.com/complete/search?client=firefox&hl=en&gl=us&q=how%20to%20get%20more%20students%20for,2026-09-26,Подсказки поиска Google
218,педагог вокала,желание,3,Google Suggest: voice teacher; singing teacher,"seed 'voice teacher': прямая #9; поз. 31, 173; seed 'singing teacher' поз. 36, 170, 201",Потребность в легитимности/квалификации,voice teacher certification / voice teacher certification online / singing teacher qualifications uk online / singing teacher training online,https://suggestqueries.google.com/complete/search?client=firefox&hl=en&gl=us&q=voice%20teacher,2026-09-26,Подсказки поиска Google
219,педагог вокала,боль,2,Google Suggest: voice teacher; singing teacher,"seed 'voice teacher': прямая #3; поз. 102, 147; seed 'singing teacher' прямая #4, поз. 154",Поиск работы и нестабильный доход; интерес к удалёнке,voice teacher jobs / voice teacher jobs remote / voice teacher online jobs / singing teacher jobs,https://suggestqueries.google.com/complete/search?client=firefox&hl=en&gl=us&q=voice%20teacher,2026-09-26,Подсказки поиска Google
220,педагог вокала,готовность платить,2,Google Suggest: voice teacher; singing teacher,"seed 'voice teacher' поз. 183, 186; seed 'singing teacher' поз. 180, 192",Сравнение ставок и заработка,voice teacher salary / voice teacher rates / singing teacher rates / singing teacher salary,https://suggestqueries.google.com/complete/search?client=firefox&hl=en&gl=us&q=singing%20teacher,2026-09-26,Подсказки поиска Google
221,педагог вокала,страх,2,Google Suggest: voice teacher,seed 'voice teacher': прямая подсказка #11 (в первой выдаче),ИИ в связке с педагогом — интерес/тревога о замене,voice teacher ai,https://suggestqueries.google.com/complete/search?client=firefox&hl=en&gl=us&q=voice%20teacher,2026-09-26,Подсказки поиска Google
222,педагог вокала,желание,2,Google Suggest: how to teach singing,seed 'how to teach singing': прямая #4; поз. 123; seed 'how to run a music school' поз. 13,Переход в онлайн-преподавание,how to teach singing online / how to teach singing lessons online / how to start teaching music lessons online,https://suggestqueries.google.com/complete/search?client=firefox&hl=en&gl=us&q=how%20to%20teach%20singing,2026-09-26,Подсказки поиска Google
223,педагог вокала,желание,2,Google Suggest: how to teach singing,"seed 'how to teach singing': прямая #2; поз. 28, 89, 94; seed 'voice lessons for kids' поз. 58, 64",Методика для детей — отдельный запрос педагогов,how to teach singing to kids / how to teach children singing / how to teach voice lessons for kids,https://suggestqueries.google.com/complete/search?client=firefox&hl=en&gl=us&q=how%20to%20teach%20singing,2026-09-26,Подсказки поиска Google
224,педагог вокала,боль,2,Google Suggest: how to teach singing,"seed 'how to teach singing' поз. 37, 82, 83, 116, 176",Трудные ученики с интонацией — методическая боль,how to teach singing to tone deaf / how to teach someone to sing in tune / how to teach someone to not sing flat / how to teach kids to sing in tune,https://suggestqueries.google.com/complete/search?client=firefox&hl=en&gl=us&q=how%20to%20teach%20singing,2026-09-26,Подсказки поиска Google
225,педагог вокала,желание,1,Google Suggest: how to teach singing,"seed 'how to teach singing' поз. 19, 20, 51, 81, 127, 132, 142",Ищут готовые методики и материалы по темам,how to teach beginner singing / how to teach singing for beginners / how to teach belt singing / how to teach vibrato in singing / how to teach vocal resonance,https://suggestqueries.google.com/complete/search?client=firefox&hl=en&gl=us&q=how%20to%20teach%20singing,2026-09-26,Подсказки поиска Google
226,педагог вокала,боль,2,Google Suggest: music lesson cancellation,"seed 'music lesson cancellation': прямая #1 (+ сетевые школы Music & Arts, Long & McQuade)","Отмены уроков — проблема дохода, ищут шаблоны политики",music lesson cancellation policy,https://suggestqueries.google.com/complete/search?client=firefox&hl=en&gl=us&q=music%20lesson%20cancellation,2026-09-26,Подсказки поиска Google
227,педагог вокала,желание,1,Google Suggest: voice teacher; singing teacher,seed 'voice teacher' поз. 16; seed 'singing teacher' поз. 14,Спрос на приложение-помощник педагога/тренера,voice coach app / singing teacher app,https://suggestqueries.google.com/complete/search?client=firefox&hl=en&gl=us&q=singing%20teacher,2026-09-26,Подсказки поиска Google
228,педагог вокала,боль,1,Google Suggest: music teacher burnout,seed 'music teacher burnout': сам seed в подсказках #1,Выгорание педагогов,music teacher burnout,https://suggestqueries.google.com/complete/search?client=firefox&hl=en&gl=us&q=music%20teacher%20burnout,2026-09-26,Подсказки поиска Google
229,педагог вокала,триггер покупки,2,Google Suggest: voice teacher; singing teacher,"seed 'voice teacher' прямая #5; seed 'singing teacher' прямые #3, #8, #12",Со стороны спроса: локальный поиск педагога — нужен профиль/видимость,singing teacher at home / singing teachers for kids near me / voice teachers for adults near me,https://suggestqueries.google.com/complete/search?client=firefox&hl=en&gl=us&q=singing%20teacher,2026-09-26,Подсказки поиска Google
230,владелец школы,боль,3,Google Suggest: music school software,"seed 'music school software': прямые #6–#8, #10; 'music lessons scheduling software' поз. 24","Операционка: расписание, биллинг, управление",music school management software / music school scheduling software / music school billing software,https://suggestqueries.google.com/complete/search?client=firefox&hl=en&gl=us&q=music%20school%20software,2026-09-26,Подсказки поиска Google
231,владелец школы,триггер покупки,2,Google Suggest: music school software,"seed 'music school software': прямые #9, #11, #12","Активный выбор ПО, сравнение решений",best music school software / best music school management software / opus music school software,https://suggestqueries.google.com/complete/search?client=firefox&hl=en&gl=us&q=music%20school%20software,2026-09-26,Подсказки поиска Google
232,владелец школы,желание,2,Google Suggest: music school business,"seed 'music school business': прямые #2, #5, #6",Запрос на бизнес-модель и шаблоны,music school business plan / music school business plan pdf / music school business model,https://suggestqueries.google.com/complete/search?client=firefox&hl=en&gl=us&q=music%20school%20business,2026-09-26,Подсказки поиска Google
233,владелец школы,боль,2,Google Suggest: music school business,seed 'music school business': прямая #1,Продажа/покупка школ — первая подсказка; возможный сигнал выхода из бизнеса,music school business for sale,https://suggestqueries.google.com/complete/search?client=firefox&hl=en&gl=us&q=music%20school%20business,2026-09-26,Подсказки поиска Google
234,владелец школы,страх,2,Google Suggest: how to run a music school,seed 'how to run a music school': прямая #6,Страх высоких стартовых затрат,how to start a music school with no money,https://suggestqueries.google.com/complete/search?client=firefox&hl=en&gl=us&q=how%20to%20run%20a%20music%20school,2026-09-26,Подсказки поиска Google
235,владелец школы,желание,2,Google Suggest: how to run a music school,"seed 'how to run a music school': прямые #2, #3, #7, #10, #11","Запуск школы, в т.ч. онлайн",how to start an online music school / how to start a music lessons business / how to start my own music school,https://suggestqueries.google.com/complete/search?client=firefox&hl=en&gl=us&q=how%20to%20run%20a%20music%20school,2026-09-26,Подсказки поиска Google
236,владелец школы,готовность платить,2,Google Suggest: music school owner,seed 'music school owner': прямая #1,Вопрос доходности владения школой,music school owner salary,https://suggestqueries.google.com/complete/search?client=firefox&hl=en&gl=us&q=music%20school%20owner,2026-09-26,Подсказки поиска Google
237,владелец школы,боль,2,Google Suggest: music lesson cancellation,"seed 'music lesson cancellation': прямые #2, #3",Отмены и пропуски — операционная боль школ,music school cancellation policy / music and arts lesson cancellation policy,https://suggestqueries.google.com/complete/search?client=firefox&hl=en&gl=us&q=music%20lesson%20cancellation,2026-09-26,Подсказки поиска Google
238,студент-новичок/любитель,желание,3,YouTube search: how to sing better,"4,225,486 просмотров; топ-1 по запросам 'how to sing better' и 'singing for beginners', всплывает в 8+ выдачах","Желание быстрого, мгновенного улучшения голоса; мужская аудитория отдельно",how to sing better instantly for guys (Adam Mishan),https://www.youtube.com/watch?v=1nnndhSc4iw,2026-09-26,YouTube: спрос на контент
239,студент-новичок/любитель,желание,3,YouTube search: how to sing better,"2,003,205 просмотров",То же обещание 'instantly' для женщин — спрос на быстрый результат,How to SING Better INSTANTLY for Girls (Vocal WARM UP + Exercises) (VOCALFY),https://www.youtube.com/watch?v=ObwshS9yziQ,2026-09-26,YouTube: спрос на контент
240,студент-новичок/любитель,желание,3,YouTube search: singing for beginners,"53,345,273 просмотра — максимум по всей выборке",Короткая ежедневная распевка — самый массовый формат; спрос на готовую рутину 'сделай вместе со мной',5 MINUTE VOCAL WARM UP (Jacobs Vocal Academy),https://www.youtube.com/watch?v=YCLyAmXtpfY,2026-09-26,YouTube: спрос на контент
241,студент-новичок/любитель,желание,3,YouTube search: voice lessons online,"31,701,191 просмотр; топ-1 по 'voice lessons online'","Ежедневная 10-минутная тренировка — формат привычки, повторяемый просмотр",10 Minute Daily VOCAL WORKOUT! Vocal Exercise (subtitles) (Cheryl Porter),https://www.youtube.com/watch?v=1XHXezdnL0A,2026-09-26,YouTube: спрос на контент
242,студент-новичок/любитель,желание,3,YouTube search: singing for beginners,"19,555,883 просмотра",Готовые ежедневные упражнения-гаммы под аккомпанемент,Daily Practice 1: Scales and Triads (The Singing School),https://www.youtube.com/watch?v=3eT2NoTYwNA,2026-09-26,YouTube: спрос на контент
243,студент-новичок/любитель,желание,3,YouTube search: voice lessons online,"18,653,340 просмотров",Распевка 'как у профи' — спрос на профессиональную рутину,"Professional Vocal Warmup 1 - ""Opening Up The Voice"" (EricArceneaux)",https://www.youtube.com/watch?v=Q5hS7eukUbQ,2026-09-26,YouTube: спрос на контент
244,студент-новичок/любитель,желание,3,YouTube search: how to sing better,"14,307,775 просмотров",Формат 'дуэт с педагогом' — ощущение занятия с живым коучем; расширение диапазона,Vocal Exercise DUET for RANGE & TEMPO w/Vocal Coach Cheryl Porter,https://www.youtube.com/watch?v=PQynEer2JAY,2026-09-26,YouTube: спрос на контент
245,студент-новичок/любитель,желание,2,YouTube search: kids singing lessons,"12,049,060 просмотров",Упражнения на материале популярных песен — учиться на любимом репертуаре,Ed Sheeran SHAPE OF YOU Vocal Exercise DUET w/Vocal Coach (Cheryl Porter),https://www.youtube.com/watch?v=1OJpJe-uTDk,2026-09-26,YouTube: спрос на контент
246,студент-новичок/любитель,желание,3,YouTube search: singing for beginners,"11,021,204 просмотра",Ежедневные упражнения для 'потрясающего голоса',Daily Singing Exercises For An Awesome Voice (Jacobs Vocal Academy),https://www.youtube.com/watch?v=ZAx0UF_k2hM,2026-09-26,YouTube: спрос на контент
247,студент-новичок/любитель,триггер покупки,3,YouTube search: kids singing lessons,"48,795,987 просмотров",Наблюдение за реальным уроком с новичком — сильнейший по вовлечению формат 'до/после с педагогом',Vocal Coach teaches NEW STUDENT how to SING (Cheryl Porter),https://www.youtube.com/watch?v=L576wINX3Ok,2026-09-26,YouTube: спрос на контент
248,студент-новичок/любитель,триггер покупки,3,YouTube search: can anyone learn to sing,"7,122,797 просмотров; в выдаче 'can anyone learn to sing'","Видео трансформации доказывают, что можно научиться — триггер начать заниматься",INCREDIBLE Singing Transformation Video (Adam Mishan),https://www.youtube.com/watch?v=eTX9LxZ9YUQ,2026-09-26,YouTube: спрос на контент
249,студент-новичок/любитель,триггер покупки,3,YouTube search: can anyone learn to sing,"1,317,578 просмотров",Конкретный срок (3 месяца) + видимый результат,INSANE 3 Month Singing Transformation (Adam Mishan),https://www.youtube.com/watch?v=HW71o-tZOH4,2026-09-26,YouTube: спрос на контент
250,студент-новичок/любитель,триггер покупки,2,YouTube search: how to become a professional singer,"2,927,280 просмотров",Челлендж '30 дней' от блогера-новичка — спрос на путь с понятным сроком,I Learned How to Sing for 30 Days (Kize),https://www.youtube.com/watch?v=wUNTgmIpU_c,2026-09-26,YouTube: спрос на контент
251,студент-новичок/любитель,триггер покупки,2,YouTube search: is it too late to learn to sing adult,"41,352 просмотра",Трансформация 'ужасного певца' через приложение — приложения продаются через видео-результат,30 Day Vocal Transformation | Horrible Singer Learns to Sing + SINGR Review (Courtney Coffey),https://www.youtube.com/watch?v=kdWB0UdwtuY,2026-09-26,YouTube: спрос на контент
252,студент-новичок/любитель,страх,3,YouTube search: can anyone learn to sing,"1,336,539 просмотров; тема представлена 10+ видео разных коучей","Страх 'у меня нет таланта' — вопрос, можно ли научиться вообще",Can Anyone Learn To Sing? (Jacobs Vocal Academy),https://www.youtube.com/watch?v=-elfEwsMoNM,2026-09-26,YouTube: спрос на контент
253,студент-новичок/любитель,возражение,2,YouTube search: can anyone learn to sing,"11,724 просмотра","Возражение: онлайн-уроки бессмысленны, талант врождённый","Can Anyone Learn To Sing? (Are Online Singing Lessons Pointless?) You Either ""Have It"" Or You Don't? (Chris Liepe)",https://www.youtube.com/watch?v=91SNv1eqlc4,2026-09-26,YouTube: спрос на контент
254,студент-новичок/любитель,страх,2,YouTube search: can anyone learn to sing,"272,558 просмотров",Страх отсутствия таланта используется как вход в воронку платного курса,Can Anyone Learn To Sing? The Simple Truth Revealed (Superior Singing Method),https://www.youtube.com/watch?v=5mFsZs8PNT4,2026-09-26,YouTube: спрос на контент
255,студент-новичок/любитель,страх,3,YouTube search: am I tone deaf,"13,399,554 просмотра",Страх 'у меня нет слуха' — массовый спрос на самопроверку,Are you TONE DEAF or MUSICALLY GIFTED? (A FUN test for non-musicians) (Pardon my Piano),https://www.youtube.com/watch?v=_jtPdpWgu0w,2026-09-26,YouTube: спрос на контент
256,студент-новичок/любитель,страх,3,YouTube search: am I tone deaf,"11,089,847 просмотров",Тест на слух — огромный интерес,Are you 'tone deaf'? Watch this video to find out! (Part 1) (Play By Ear Music School),https://www.youtube.com/watch?v=4yrr5FgjWZk,2026-09-26,YouTube: спрос на контент
257,студент-новичок/любитель,страх,3,YouTube search: am I tone deaf,"5,222,256 просмотров",Ещё один тест на слух с многомиллионной аудиторией — тема системно востребована,ARE YOU TONE DEAF OR MUSICALLY GIFTED? (A simple test for non-musicians) (Kevin George),https://www.youtube.com/watch?v=XDrCjoodIUc,2026-09-26,YouTube: спрос на контент
258,студент-новичок/любитель,страх,2,YouTube search: am I tone deaf,"2,630,117 просмотров",Тест на слух,"Are you ""TONE DEAF""? Find out now! (Pardon my Piano)",https://www.youtube.com/watch?v=hjN2xnirD1s,2026-09-26,YouTube: спрос на контент
259,студент-новичок/любитель,желание,1,YouTube search: am I tone deaf,"15,484 просмотра","Желание услышать 'ты не безнадёжен' — позиционирование 'докажу, что у тебя есть слух'",TONE DEAF TEST!! - I can prove you are NOT!! (Singing From Scratch),https://www.youtube.com/watch?v=k8GmudAiRKk,2026-09-26,YouTube: спрос на контент
260,студент-новичок/любитель,боль,3,YouTube search: how to sing in tune pitch,"1,201,626 просмотров",Боль: пою мимо нот; хочу быстро исправить интонацию,Fix your PITCH in 10 minutes - Vocal Lesson (Singeo),https://www.youtube.com/watch?v=sW0kDEtH53I,2026-09-26,YouTube: спрос на контент
261,студент-новичок/любитель,боль,2,YouTube search: how to sing in tune pitch,"528,781 просмотр",Нестабильная интонация,Sing on Pitch: 3 Exercises to Make It Happen Every Time (Ramsey Voice Studio),https://www.youtube.com/watch?v=bBKH3sNeikg,2026-09-26,YouTube: спрос на контент
262,студент-новичок/любитель,боль,2,YouTube search: how to sing in tune pitch,"538,788 просмотров",Интонация,How To Sing On Pitch – How To Sing In Tune – Ken Tamplin Vocal Academy,https://www.youtube.com/watch?v=eTCrWRCsna8,2026-09-26,YouTube: спрос на контент
263,студент-новичок/любитель,боль,2,YouTube search: how to sing in tune pitch,"113,065 просмотров","Самоидентификация 'off-key singer' — люди, которые считают себя фальшивящими",I Cracked The Code for Off-Key Singers (AmaZane Channel),https://www.youtube.com/watch?v=TAy-c1a3BzI,2026-09-26,YouTube: спрос на контент
264,студент-новичок/любитель,желание,1,YouTube search: how to sing in tune pitch,"20,279 просмотров",Педагоги рекомендуют приложения визуальной обратной связи по высоте — спрос на инструмент контроля,How to sing more in tune by using the Nail the Pitch app (Zoe Stibi Vocal Coach),https://www.youtube.com/watch?v=aiPe-Cbl_SQ,2026-09-26,YouTube: спрос на контент
265,студент-новичок/любитель,желание,3,YouTube search: how to sing high notes,"4,563,638 просмотров",Высокие ноты — одно из сильнейших желаний,How to sing really high - Voice lesson on how to sing higher (Madeleine Harvey),https://www.youtube.com/watch?v=9lRRF6lJtJE,2026-09-26,YouTube: спрос на контент
266,студент-новичок/любитель,желание,3,YouTube search: how to sing high notes,"2,873,862 просмотра",Высокие ноты,How To Sing - High Notes (EricArceneaux),https://www.youtube.com/watch?v=5Vv0WAvtIig,2026-09-26,YouTube: спрос на контент
267,студент-новичок/любитель,желание,3,YouTube search: how to sing high notes,"1,594,562 просмотра",Высокие ноты с мощью + короткая рутина,HIT HIGH Notes with POWER! (10 Min MUST DO Warm Up) (Ramsey Voice Studio),https://www.youtube.com/watch?v=V8nDeo0GQ5s,2026-09-26,YouTube: спрос на контент
268,студент-новичок/любитель,боль,3,YouTube search: how to sing high notes,"1,215,120 просмотров; в выдачах 'high notes' и 'without strain'",Мужчины: напряжение на верхах,How to Sing High Notes for Guys Without Straining (SuperiorSinging),https://www.youtube.com/watch?v=sFxtuc-k1mw,2026-09-26,YouTube: спрос на контент
269,студент-новичок/любитель,боль,2,YouTube search: how to sing high notes,"759,462 просмотра",Мужской сегмент: высокие ноты,How To Sing High Pitch For Guys - Three Secrets! (Power To Sing),https://www.youtube.com/watch?v=ZLzU9wUAEI4,2026-09-26,YouTube: спрос на контент
270,студент-новичок/любитель,боль,3,YouTube search: how to sing without strain,"1,319,613 просмотров","Боль: зажим, напряжение при пении",Sing Without Tension - Ken Tamplin Vocal Academy,https://www.youtube.com/watch?v=VIWWOYyuj5I,2026-09-26,YouTube: спрос на контент
271,студент-новичок/любитель,боль,3,YouTube search: how to become a professional singer,"2,425,707 просмотров",Боль: пою горлом,Stop Singing from your Throat | Proper Vocal Technique explained (VoxGuru),https://www.youtube.com/watch?v=j8GELlbYlBk,2026-09-26,YouTube: спрос на контент
272,студент-новичок/любитель,боль,2,YouTube search: how to sing without strain,"650,164 просмотра",Напряжение,Sing Without Straining: 10 Exercises to Eliminate Tension and Free Your Voice (Ramsey Voice Studio),https://www.youtube.com/watch?v=euX4KS85pjw,2026-09-26,YouTube: спрос на контент
273,студент-новичок/любитель,боль,2,YouTube search: how to sing without strain,"663,693 просмотра",Горловое пение как барьер к высоким нотам,DON'T Sing From Your Throat - #1 Vocal Exercise to Unlock Powerful High Notes (Isaiah Harris),https://www.youtube.com/watch?v=CtpUDv5VsB4,2026-09-26,YouTube: спрос на контент
274,студент-новичок/любитель,боль,3,YouTube search: how to stop voice cracking,"4,040,435 просмотров; в 7+ выдачах",Боль: голос срывается ('cracking'),Vocal Coach Teaches How To Stop Cracking - Vocal Exercise (Cheryl Porter),https://www.youtube.com/watch?v=nuvpQJppx_U,2026-09-26,YouTube: спрос на контент
275,студент-новичок/любитель,боль,2,YouTube search: how to stop voice cracking,"1,260,734 просмотра",Срывы голоса,How to fix voice cracks while singing (VoxGuru),https://www.youtube.com/watch?v=bunCBhp5E5Q,2026-09-26,YouTube: спрос на контент
276,студент-новичок/любитель,боль,2,YouTube search: how to stop voice cracking,"903,954 просмотра",Срывы голоса,How To Stop Your Voice From Cracking (Nicola Milan Studio),https://www.youtube.com/watch?v=m3IjWwjog5M,2026-09-26,YouTube: спрос на контент
277,студент-новичок/любитель,желание,3,YouTube search: how to find your voice singing,"8,201,106 просмотров","Желание найти 'свой' голос, перестать копировать",How to Find Your True Singing Voice! WHY COPY SOMEONE ELSE? (Healthy Vocal Technique),https://www.youtube.com/watch?v=8XEH3A1rYHI,2026-09-26,YouTube: спрос на контент
278,студент-новичок/любитель,желание,3,YouTube search: how to find your voice singing,"4,000,050 просмотров",Найти естественный голос,How to Find Your Natural Singing Voice - 5 Easy Steps (Ramsey Voice Studio),https://www.youtube.com/watch?v=7cBkkulndz4,2026-09-26,YouTube: спрос на контент
279,студент-новичок/любитель,желание,3,YouTube search: how to find your voice singing,"4,292,178 просмотров",Найти свой голос,Voice Lesson: Finding YOUR Voice (EricArceneaux),https://www.youtube.com/watch?v=niU9s2WwkpE,2026-09-26,YouTube: спрос на контент
280,студент-новичок/любитель,желание,3,YouTube search: how to find your voice singing,"15,200,296 просмотров",Узнать свой диапазон/тип голоса — быстрая самодиагностика,Find Your Vocal Range In 1 Minute (alanpiano1),https://www.youtube.com/watch?v=9IejHKpfHso,2026-09-26,YouTube: спрос на контент
281,студент-новичок/любитель,желание,2,YouTube search: does my child have singing talent,"9,878,762 просмотра",Найти 'настоящий голос',How to find your REAL VOICE (RoseAngel),https://www.youtube.com/watch?v=RpLWtGqDu0o,2026-09-26,YouTube: спрос на контент
282,студент-новичок/любитель,желание,2,YouTube search: how to find your voice singing,"2,187,562 просмотра",Короткая программа с понятным сроком — 7 дней,7 Days to a Beautiful Voice (Vocal Coaching Lesson) (Singeo),https://www.youtube.com/watch?v=wNlAuDx_pfI,2026-09-26,YouTube: спрос на контент
283,студент-новичок/любитель,желание,3,YouTube search: singing for beginners,"3,692,221 просмотр; в 9 выдачах",Первый урок от 'настоящего' коуча — важность доверия к квалификации,Your FIRST Singing Lesson (Beginner Lesson from a REAL Vocal Coach) (Ramsey Voice Studio),https://www.youtube.com/watch?v=jog-nfLldRI,2026-09-26,YouTube: спрос на контент
284,студент-новичок/любитель,желание,2,YouTube search: singing for beginners,"1,579,118 просмотров",Пошаговая программа по дням для новичка,Vocal Lessons - Day 1 - Singing Lessons For Beginners | 30 Day Singer,https://www.youtube.com/watch?v=0Sxs_-MXKFo,2026-09-26,YouTube: спрос на контент
285,студент-новичок/любитель,страх,2,YouTube search: how to sing better,"1,064,519 просмотров",Страх 'делаю неправильно' — сильный крючок,There's a 99% chance you're singing WRONG (Music Lessons with Lauren),https://www.youtube.com/watch?v=qt-3WHpFRNc,2026-09-26,YouTube: спрос на контент
286,студент-новичок/любитель,боль,3,YouTube search: how to breathe when singing,"4,214,964 просмотра",Непонимание дыхания/опоры,Voice Lesson: How To Sing From The Diaphragm (Part 1) (EricArceneaux),https://www.youtube.com/watch?v=-SeSL9WdVBo,2026-09-26,YouTube: спрос на контент
287,студент-новичок/любитель,боль,2,YouTube search: how to breathe when singing,"1,628,233 просмотра",Дыхание при пении,How to Breathe when Singing: Inhalation (Singgeek),https://www.youtube.com/watch?v=e-9LPpsBidE,2026-09-26,YouTube: спрос на контент
288,студент-новичок/любитель,боль,2,YouTube search: how to breathe when singing,"938,845 просмотров",'FINALLY' — боль от противоречивых/непонятных объяснений опоры,Breath Support for Singing - CLEARLY & CORRECTLY explained - FINALLY! (Healthy Vocal Technique),https://www.youtube.com/watch?v=WR2772TGrgo,2026-09-26,YouTube: спрос на контент
289,студент-новичок/любитель,желание,2,YouTube search: mix voice tutorial,"731,268 просмотров",Микст — желание продвинутых любителей (мощь+диапазон),How to Find Your Mixed Voice (Blend chest & head voices. Better power and range) (Chris Liepe),https://www.youtube.com/watch?v=PWILJG2wh5Q,2026-09-26,YouTube: спрос на контент
290,студент-новичок/любитель,боль,2,YouTube search: mix voice tutorial,"519,902 просмотра","Боль: 'тянутая' грудь, не получается микст",How to Get Mixed Voice - 1 Exercise to Stop Pulled Chest Voice (Power To Sing),https://www.youtube.com/watch?v=aqKj2gFxwmk,2026-09-26,YouTube: спрос на контент
291,студент-новичок/любитель,боль,2,YouTube search: mix voice tutorial,"390,126 просмотров","Микст для мужчин, 10 минут в день",Male Singers: Build Your Mix Voice in 10 Mins/Day (Spencer Welch Vocal Studio),https://www.youtube.com/watch?v=ZpeVTtLusgo,2026-09-26,YouTube: спрос на контент
292,студент-новичок/любитель,страх,3,YouTube search: how to sing with confidence,"544,010 просмотров",Страх/нервы: голос дрожит от волнения,3 ways to fix a nervous singing voice - Sing with confidence! (Madeleine Harvey),https://www.youtube.com/watch?v=hwFISkK-Cug,2026-09-26,YouTube: спрос на контент
293,студент-новичок/любитель,страх,2,YouTube search: how to sing with confidence,"22,303 просмотра",Страх петь при других,Overcome Your Fear of Singing in Front of Others (The Whole Voice - Allie),https://www.youtube.com/watch?v=RgHfkwV5wmM,2026-09-26,YouTube: спрос на контент
294,студент-новичок/любитель,страх,2,YouTube search: stage fright singing,"27,923 просмотра; для сравнения TED-Ed 'science of stage fright' 1,766,461","Сценический страх в пении: вокальные видео собирают мало (7–28K), общие TED-видео — сотни тысяч; ниша недообслужена вокальными коучами",Singing Anxiety SOLVED - How to sound (and feel) BETTER when you're scared. (Singeo),https://www.youtube.com/watch?v=b8aDrxC0Ils,2026-09-26,YouTube: спрос на контент
295,студент-новичок/любитель,страх,2,YouTube search: stage fright singing,"1,766,461 просмотр",Общий интерес к сценическому страху высок,The science of stage fright (and how to overcome it) - Mikael Cho (TED-Ed),https://www.youtube.com/watch?v=K93fMnFKwfI,2026-09-26,YouTube: спрос на контент
296,студент-новичок/любитель,страх,2,YouTube search: record yourself singing hate my voice,"965,321 просмотр",Неприятие собственного голоса на записи,why you hate your recorded voice (and how to fix it) (Andrew Barr),https://www.youtube.com/watch?v=VYNedlToYhY,2026-09-26,YouTube: спрос на контент
297,студент-новичок/любитель,боль,2,YouTube search: record yourself singing hate my voice,"199,904 просмотра",'Мой голос звучит плохо',3 Reasons Why Your Voice Sounds BAD - And How To Fix It (Singeo),https://www.youtube.com/watch?v=6gQOw_svID4,2026-09-26,YouTube: спрос на контент
298,студент-новичок/любитель,боль,2,YouTube search: sing without neighbors hearing,"54,352 просмотра; тема 5+ видео, умеренный спрос","Боль: негде заниматься, соседи/соседи по комнате слышат",How To Sing & Practice Without Bothering Your Neighbors (Or Room Mates) (Chris Liepe),https://www.youtube.com/watch?v=R6lv0kdBvFw,2026-09-26,YouTube: спрос на контент
299,студент-новичок/любитель,боль,2,YouTube search: sing without neighbors hearing,"68,910 просмотров",Тихая практика дома,How to Sing Quietly & Practice Singing When Others Can Hear You (Madeleine Harvey),https://www.youtube.com/watch?v=SVv7GC5R-TM,2026-09-26,YouTube: спрос на контент
300,студент-новичок/любитель,страх,1,YouTube search: how to practice singing at home alone,"1,224 просмотра",Стыд петь дома при близких,How to Practice When You're too Embarrassed to Sing at Home (The Career Singer's Studio),https://www.youtube.com/watch?v=KyvbyVCqt2U,2026-09-26,YouTube: спрос на контент
301,студент-новичок/любитель,страх,2,YouTube search: is it too late to learn to sing adult,"37,610 просмотров","Страх 'поздно начинать'; видео по теме в основном небольшие (1–40K), кроме индийского контента",LEARNING TO SING LATER IN LIFE: Can you still learn how to sing when you're older? (Freya Casey),https://www.youtube.com/watch?v=F-dqu7vntLo,2026-09-26,YouTube: спрос на контент
302,студент-новичок/любитель,страх,1,YouTube search: voice teacher tips,"94,925 просмотров",Возрастной голос — отдельная ниша упражнений,Vocal Exercises for Aging Voices | Singing Exercises for Mature Voices (Vocal Warmups with Kathleen),https://www.youtube.com/watch?v=mMveCMhJgfE,2026-09-26,YouTube: спрос на контент
303,студент-новичок/любитель,возражение,2,YouTube search: singing teacher pricing lessons,"13,954 просмотра","Возражение: зачем педагог, если можно самому по YouTube",CAN YOU TEACH YOURSELF TO SING? Do you need a voice teacher? (Healthy Vocal Technique),https://www.youtube.com/watch?v=CF9eJN_c_jo,2026-09-26,YouTube: спрос на контент
304,студент-будущий профи,страх,3,YouTube search: vocal damage nodules singers,"786,976 просмотров",Страх повредить голос,How to PROTECT your SINGING VOICE w/Vocal Coach (8 Signs of vocal damage) (Cheryl Porter),https://www.youtube.com/watch?v=i0ntsPB5Bp8,2026-09-26,YouTube: спрос на контент
305,студент-будущий профи,страх,3,YouTube search: vocal damage nodules singers,"522,207 просмотров",Самодиагностика ранних признаков травмы связок,Vocal Cord Swelling Checks: A Simple Way to Detect the Early Signs of Vocal Injury (Laryngopedia),https://www.youtube.com/watch?v=zit6I7EPMto,2026-09-26,YouTube: спрос на контент
306,студент-будущий профи,боль,2,YouTube search: vocal damage nodules singers,"487,113 просмотров",Восстановление после повреждения,Vocal Damage? Here's How to Repair It (Adam Mishan),https://www.youtube.com/watch?v=My7nlV68_ho,2026-09-26,YouTube: спрос на контент
307,студент-будущий профи,страх,2,YouTube search: vocal damage nodules singers,"326,132 просмотра",Узелки — реальный страх певцов,The sound of trying to sing with vocal cord nodules (loucey),https://www.youtube.com/watch?v=bDVYpu6pXcc,2026-09-26,YouTube: спрос на контент
308,студент-будущий профи,желание,2,YouTube search: musical theatre audition tips singing,"321,119 просмотров",Подготовка к прослушиваниям в мюзикл (школьники),YOUR THEATRE TEACHER WISHES YOU KNEW THIS! | Audition Tips for High School Students (Caylee Jo),https://www.youtube.com/watch?v=8dePxvUqGQU,2026-09-26,YouTube: спрос на контент
309,студент-будущий профи,желание,2,YouTube search: musical theatre audition tips singing,"331,136 просмотров",Выделиться на прослушивании,5 ways to stand out at an audition - for singers and actors (Madeleine Harvey),https://www.youtube.com/watch?v=a6JoFrSnFmQ,2026-09-26,YouTube: спрос на контент
310,студент-будущий профи,желание,2,YouTube search: musical theatre audition tips singing,"164,244 просмотра",Инсайды кастинг-директоров,13 BEST Audition Tips from Casting Directors | The ONLY Audition Crash Course You Need (Bethany G),https://www.youtube.com/watch?v=HjRXga2H-Xo,2026-09-26,YouTube: спрос на контент
311,студент-будущий профи,страх,1,YouTube search: is it too late to learn to sing adult,"40,966 просмотров",Страх опоздать с карьерой,Are You TOO OLD for a Music Career? Here's the REAL ANSWER! (Adam Ivy),https://www.youtube.com/watch?v=w9whsfZdNlc,2026-09-26,YouTube: спрос на контент
312,студент-будущий профи,желание,2,YouTube search: does my child have singing talent,"507,879 просмотров",Сомнение 'моё ли это' — нужна внешняя оценка потенциала,Are you MEANT TO BE a singer? 3 Signs to Know for Sure (Ramsey Voice Studio),https://www.youtube.com/watch?v=58mlKv-O-iM,2026-09-26,YouTube: спрос на контент
313,студент-будущий профи,готовность платить,1,YouTube search: singing teacher pricing lessons,221 просмотр,Точка цены: карьерные певцы платят до $300 за урок у топ-педагога; тема цены на YouTube почти не ищется,How much should you pay for singing lessons? My $300 singing lesson. (The Career Singer's Studio),https://www.youtube.com/watch?v=GaCA9pumBu0,2026-09-26,YouTube: спрос на контент
314,родитель,желание,2,YouTube search: does my child have singing talent,"3,113,229 просмотров",Родители хотят сами заниматься пением с малышами,HOW TO TEACH A TODDLER TO SING (How to DAD),https://www.youtube.com/watch?v=TvN_lUFYXMU,2026-09-26,YouTube: спрос на контент
315,родитель,желание,2,YouTube search: kids singing lessons,"1,084,835 просмотров",Первый урок пения для детей (сольфеджио),First Singing Lesson for Kids- Solfege Lesson 1 (My Music Workshop),https://www.youtube.com/watch?v=OsT7WcoLXrY,2026-09-26,YouTube: спрос на контент
316,родитель,триггер покупки,3,YouTube search: does my child have singing talent,"32,703,367 просмотров","Видео 'ребёнок с педагогом' — вирусный формат, демонстрирующий результат",Little girl learns how to SING with Vocal Coach (Cheryl Porter),https://www.youtube.com/watch?v=8om3GbxODgs,2026-09-26,YouTube: спрос на контент
317,родитель,желание,2,YouTube search: does my child have singing talent,"25,165,679 просмотров","Мечта о шоу талантов для ребёнка; выдача 'does my child have singing talent' заполнена шоу, а не оценкой таланта — нет контента, отвечающего родителю",Top 10 Kids Singing DISNEY Songs on Talent Shows (Talent Recap),https://www.youtube.com/watch?v=IKnruE4FpuE,2026-09-26,YouTube: спрос на контент
318,родитель,желание,1,YouTube search: kids singing lessons,"4,562,930 просмотров",Детская/общая ежедневная распевка,Daily Vocal Warmup #1 (Rubina Robinson),https://www.youtube.com/watch?v=O7mMM67eyXY,2026-09-26,YouTube: спрос на контент
319,педагог вокала,желание,2,YouTube search: how to teach voice lessons,"320,142 просмотра — топ педагогического контента",Педагоги ищут методику работы с детьми,"""Teaching Singing To Kids & Children Pt. 1"" - Voice Lessons To The World Ep. 118 (New York Vocal Coaching)",https://www.youtube.com/watch?v=RaXlNvLHSIc,2026-09-26,YouTube: спрос на контент
320,педагог вокала,желание,2,YouTube search: how to teach voice lessons,"89,950 просмотров",Начинающие педагоги: как учить юных певцов,Beginner Voice Teachers Training || How to Teach Young Singers (Classical Voice Coaching),https://www.youtube.com/watch?v=SuuripNiKNA,2026-09-26,YouTube: спрос на контент
321,педагог вокала,желание,2,YouTube search: how to teach voice lessons,"22,435 просмотров",Переход в онлайн-преподавание,How To Teach Voice Lessons Online (Billy Gollner),https://www.youtube.com/watch?v=f9j1MyyPCR8,2026-09-26,YouTube: спрос на контент
322,педагог вокала,боль,1,YouTube search: how to teach voice lessons,"6,750 просмотров",Технические сложности онлайн-уроков вокала,Teaching online voice lessons (Institute for Vocal Advancement),https://www.youtube.com/watch?v=XSYLBjLi_N8,2026-09-26,YouTube: спрос на контент
323,педагог вокала,желание,2,YouTube search: how to teach voice lessons,"8,557 просмотров",Структура урока + заработок на преподавании; певцы видят преподавание как доход,How to Structure a Singing Lesson (Singers - Earn Money Teaching Voice!) (Fiona Flyte),https://www.youtube.com/watch?v=9vCuIxOkoPE,2026-09-26,YouTube: спрос на контент
324,педагог вокала,желание,2,YouTube search: voice teacher tips,"6,173 просмотра; всплывает в 4 педагогических выдачах",'Earn REAL money' — деньги как мотив; бизнес-контент для педагогов почти отсутствует,How to Become a Voice Coach - 11 Tips for Professional Singers (Earn REAL Money Teaching) (Fiona Flyte),https://www.youtube.com/watch?v=k0hu5xhDGU8,2026-09-26,YouTube: спрос на контент
325,педагог вокала,боль,1,YouTube search: vocal coach business,"11,465 просмотров",Выгорание/сомнение продолжать у коучей-блогеров,Is it time to quit as the Honest Vocal Coach? (Georgina Honestly),https://www.youtube.com/watch?v=V16EgSfFMus,2026-09-26,YouTube: спрос на контент
326,педагог вокала,боль,1,YouTube search: singing teacher burnout,218 просмотров,"Выгорание педагогов вокала — тема есть, но спрос на видео минимален","Identity, Self-Worth and Burnout in the Performing Arts (Singing Teachers Talk Podcast)",https://www.youtube.com/watch?v=m59IYpzZnzM,2026-09-26,YouTube: спрос на контент
327,педагог вокала,боль,1,YouTube search: singing teacher burnout,374 просмотра,Онлайн-педагог о выборе между хобби и выгоранием,Hobby or burnout you must choose (Linor Oren - Online singing teacher),https://www.youtube.com/watch?v=ub9HsPYckvw,2026-09-26,YouTube: спрос на контент
328,педагог вокала,боль,2,YouTube search: how to get more voice students,0 из 14 результатов по теме привлечения учеников,Запрос о привлечении учеников не даёт ни одного профильного видео — выдача заполнена студенческим контентом. Маркетинг для педагогов на YouTube — пустая ниша,How to get more voice students — поиск без релевантных результатов,https://www.youtube.com/results?search_query=how+to+get+more+voice+students,2026-09-26,YouTube: спрос на контент
329,владелец школы,боль,1,YouTube search: start a voice studio,"0 из 12 релевантных; максимум по теме педагогики 6,173 (Fiona Flyte)",Запрос об открытии вокальной студии даёт контент про домашние студии записи; бизнес-контента для владельцев вокальных школ нет,"start a voice studio — выдача о студиях звукозаписи/voiceover, не о вокальных школах",https://www.youtube.com/results?search_query=start+a+voice+studio,2026-09-26,YouTube: спрос на контент
330,владелец школы,боль,1,YouTube search: vocal coach business,312 просмотров,"Бизнес вокального коучинга — единичные видео, минимальный спрос",The business of vocal coaching to developing vocal talent w/ Dave Stroud (Sing Talk),https://www.youtube.com/watch?v=AIXj2RPP74I,2026-09-26,YouTube: спрос на контент
331,студент-новичок/любитель,боль,2,Веб-обзор: Superior Singing Method (AM Vocal Studios),"обзор вокального коуча, 2026","Сайт Superior Singing Method не работает больше года, а оплата по-прежнему принимается: курс заброшен",superiorsingingmethod.com did not load for me...on both the plain and www versions,https://amvocalstudios.com/post/superior-singing-method-review/,2026-08-02,Веб: отзывы о курсах и онлайн-школах
332,студент-новичок/любитель,страх,3,Веб-обзор: Superior Singing Method (AM Vocal Studios),обзор вокального коуча; ключевой минус курса,"Главный риск самообучения по видео: нет обратной связи, ученик месяцами закрепляет зажим гортани",You cannot hear yourself accurately...self-taught singers spend months reinforcing a strained larynx,https://amvocalstudios.com/post/superior-singing-method-review/,2026-08-02,Веб: отзывы о курсах и онлайн-школах
333,студент-новичок/любитель,готовность платить,2,Веб-обзор: Superior Singing Method (AM Vocal Studios),"цена $29 разово, возврат 60 дней через ClickBank",Разовая оплата ($29) и отсутствие автопродления воспринимаются как плюс,You pay once and you keep it. No renewal you forget to cancel,https://amvocalstudios.com/post/superior-singing-method-review/,2026-08-02,Веб: отзывы о курсах и онлайн-школах
334,студент-новичок/любитель,возражение,2,Веб-обзор: Superior Singing Method (AM Vocal Studios),обзор; ложный дедлайн скидки ≥ 2 года,Ложная срочность в цене подрывает доверие к онлайн-курсам,The $29 price is presented as a temporary Black Friday sale but has been permanent since at least November 2024,https://amvocalstudios.com/post/superior-singing-method-review/,2026-08-02,Веб: отзывы о курсах и онлайн-школах
335,студент-новичок/любитель,возражение,1,Веб: Superior Singing Method (Trustpilot/BBB через поиск),1 отзыв на Trustpilot; BBB — 0 отзывов,Мало независимых отзывов при заявленных 35 000+ студентах — повод для недоверия,"Only one Trustpilot review ... For a product claiming tens of thousands of students, that is a strange amount of silence.",https://www.bbb.org/us/co/commerce-city/profile/singing-lessons/superior-singing-method-1296-90278208,2026-09-26,Веб: отзывы о курсах и онлайн-школах
336,студент-будущий профи,триггер покупки,2,Trustpilot: Ken Tamplin Vocal Academy,"Trustpilot 5★, рейтинг профиля 3.7, 1 отзыв","66-летний певец купил KTVA ради конкретной цели (стать ведущим вокалистом, трибьют-группа); стабильность через 3 месяца ежедневной работы",I needed to become a lead vocalist...I have been using Ken's course for about 14 months...This was the best money that I spent on my music.,https://www.trustpilot.com/review/kentamplinvocalacademy.com,2026-05-12,Веб: отзывы о курсах и онлайн-школах
337,студент-будущий профи,боль,2,Форум KTVA: тред «Does it really work?»,"форум KTVA, несколько постов 2013–2014 (пересказ)",Ученики годами перебирают курсы и дорогих коучей без прорыва; решение принимается после YouTube-демонстрации результата (белтинг),"Tried numerous vocal programs (Roger Love, Seth Riggs, Brett Manning, others) over years without adequate results, discovered Ken through YouTube video",https://forum.kentamplinvocalacademy.com/discussion/1833/ken-tamplin-vocal-academy-reviews-does-it-really-work,2014-01-01,Веб: отзывы о курсах и онлайн-школах
338,студент-будущий профи,боль,2,Форум KTVA,"форум KTVA (пересказ постов jake, sage, 2013)",Потраченные тысячи на известных коучей без результата — боль и источник недоверия к педагогам,"had trained with famous vocal coaches spending thousands ... found their teachings ""sorely lacking""",https://forum.kentamplinvocalacademy.com/discussion/1833/ken-tamplin-vocal-academy-reviews-does-it-really-work,2013-07-01,Веб: отзывы о курсах и онлайн-школах
339,студент-новичок/любитель,боль,3,Trustpilot: Musora (Singeo),"Trustpilot Musora 2.1★, 26 отзывов, 77% — 1★",После редизайна Musora (включая Singeo) исчезли песни и уроки — пользователи чувствуют себя обманутыми,"Musora has gone from being a good online learning experience to a scam within months. They remade their site in July 2026, removing most songs, and quite a few lessons.",https://www.trustpilot.com/review/musora.com,2026-07-01,Веб: отзывы о курсах и онлайн-школах
340,студент-новичок/любитель,боль,3,Trustpilot: Musora (Singeo),Trustpilot 1★,"Отмена подписки не выполнена, в возврате отказано","Never cancelled after my written request within 90 days, now will not refund the money charged last year.",https://www.trustpilot.com/review/musora.com,2026-09-26,Веб: отзывы о курсах и онлайн-школах
341,студент-новичок/любитель,боль,2,Trustpilot: Musora,Trustpilot 1★; lifetime $1200,Даже «пожизненный» доступ урезается — страх потерять оплаченный контент,"I purchased a Drumeo Edge Membership – Lifetime on July 29, 2021, for $1,200 USD...Now...songs that were previously accessible are being locked.",https://www.trustpilot.com/review/musora.com,2026-09-26,Веб: отзывы о курсах и онлайн-школах
342,студент-новичок/любитель,боль,2,Trustpilot: Musora,Trustpilot 1★,Нет живой поддержки у крупной онлайн-платформы,I've sent 3 emails in last week and so far no response other than automated 'we will answer we promise'.,https://www.trustpilot.com/review/musora.com,2026-09-26,Веб: отзывы о курсах и онлайн-школах
343,студент-новичок/любитель,желание,1,Trustpilot: Musora,"Trustpilot 5★ (Musora, 11% 5★)",Мотивирует учиться у любимых артистов/узнаваемых преподавателей,"What did it for me, was seeing drummers I really like and learning from them.",https://www.trustpilot.com/review/musora.com,2026-09-26,Веб: отзывы о курсах и онлайн-школах
344,студент-новичок/любитель,возражение,2,Веб-обзор: Singeo (Bloom Vocal),пересказ Reddit-обсуждения в обзоре; $229–279/год,Singeo: дорого относительно объёма персональной обратной связи; хотят прямой критики,price felt high and personalized listening or feedback felt limited,https://www.bloomvocal.site/en/blog/singeo-review-2026,2026-09-26,Веб: отзывы о курсах и онлайн-школах
345,студент-новичок/любитель,желание,2,"Веб-обзоры: Singeo (Musician Wave, American Songwriter)",ключевой плюс Singeo в обзорах,Ценится возможность загрузить запись и получить отзыв коуча и сообщества,you can upload recordings of yourself singing and get feedback from vocal coaches and peers in the Singeo community,https://www.musicianwave.com/singeo-review/,2026-09-26,Веб: отзывы о курсах и онлайн-школах
346,студент-будущий профи,возражение,2,Веб-обзоры: Singeo,общий минус в обзорах Singeo,Singeo и аналоги — для начинающих; продвинутым не хватает контента,there currently isn't a lot of advanced content for experienced singers,https://americansongwriter.com/singeo-review/,2026-09-26,Веб: отзывы о курсах и онлайн-школах
347,студент-новичок/любитель,возражение,2,MusicRadar: обзор Singeo,"MusicRadar, минусы; цена тогда $15/мес, $127/год, $297 lifetime",Онлайн-курс требует самодисциплины — частая причина бросить,Requires self discipline,https://www.musicradar.com/reviews/singeo-review,2022-03-16,Веб: отзывы о курсах и онлайн-школах
348,студент-новичок/любитель,боль,3,Веб-обзор: 30 Day Singer (AM Vocal Studios),обзор вокального коуча 30 Day Singer,Нет подотчётности в самостоятельном курсе; завершаемость 5–15%,Nobody is expecting you on Tuesday at 6pm. Nobody notices when you skip a week,https://amvocalstudios.com/post/30-day-singer-review/,2026-07-07,Веб: отзывы о курсах и онлайн-школах
349,студент-новичок/любитель,боль,3,Веб-обзор: 30 Day Singer (AM Vocal Studios),обзор 30 Day Singer,Главное отличие живого урока — мгновенная коррекция; в видеокурсе её нет,"A live coach hears the problem, gives you an adjustment, hears the next attempt...within thirty seconds",https://amvocalstudios.com/post/30-day-singer-review/,2026-07-07,Веб: отзывы о курсах и онлайн-школах
350,студент-новичок/любитель,возражение,2,Веб-обзор: 30 Day Singer,обзор 30 Day Singer,"Одинаковая программа для всех, без учёта индивидуальных проблем голоса",The 30-day sequence is the same for everyone,https://amvocalstudios.com/post/30-day-singer-review/,2026-07-07,Веб: отзывы о курсах и онлайн-школах
351,студент-новичок/любитель,готовность платить,2,Веб-обзор: 30 Day Singer,цена 30 Day Singer $129/год,"Бенчмарк цены самообучения: ~$11–30 в месяц, 30-дневная гарантия, бесплатный тариф",legitimately good product for its price ... Annual: $129/year (~$10.75/month); Monthly: $29.95/month,https://amvocalstudios.com/post/30-day-singer-review/,2026-07-07,Веб: отзывы о курсах и онлайн-школах
352,студент-новичок/любитель,триггер покупки,2,Веб-обзор: 30 Day Singer,плюс в обзоре 30 Day Singer,Ежедневная структура помогает выработать привычку — привлекает новичков,The daily structure works for habit building,https://amvocalstudios.com/post/30-day-singer-review/,2026-07-07,Веб: отзывы о курсах и онлайн-школах
353,студент-новичок/любитель,возражение,2,Веб-обзоры: 30 Day Singer (Music Industry How To и др.),обзоры 30 Day Singer (минус модели подписки),Подписка без конечной точки: отмена = потеря доступа; часть предпочитает разовую оплату,"If you cancel your subscription at any point, you lose access to all the content you've seen",https://www.musicindustryhowto.com/30-day-singer-review/,2026-09-26,Веб: отзывы о курсах и онлайн-школах
354,студент-будущий профи,боль,1,Веб-обзоры: 30 Day Singer,сводка обзоров 30 Day Singer,Продвинутые исчерпывают курс за ~3 месяца,Some advanced singers report exhausting useful content by month three,https://www.musicindustryhowto.com/30-day-singer-review/,2026-09-26,Веб: отзывы о курсах и онлайн-школах
355,студент-новичок/любитель,боль,3,Trustpilot: Cheryl Porter Method,"Trustpilot 2.1★, 9 отзывов, 100% — 1★","Cheryl Porter Method: нельзя отменить подписку, письма игнорируются; единственный выход — блокировать карту",This is a scam! You cannot cancel,https://www.trustpilot.com/review/cherylportermethod.com,2026-09-26,Веб: отзывы о курсах и онлайн-школах
356,студент-новичок/любитель,боль,3,Trustpilot: Cheryl Porter Method,Trustpilot 1★,Из €100 вернули €22 без объяснений; возврат только при <25% пройденного курса,Incomplete Refund & Terrible Support,https://www.trustpilot.com/review/cherylportermethod.com,2026-09-26,Веб: отзывы о курсах и онлайн-школах
357,студент-новичок/любитель,боль,3,Trustpilot: Cheryl Porter Method,Trustpilot 1★ (цитируется в обзоре Bloom Vocal),"Уроки слишком короткие, техники нет — «99% маркетинга и 1% вокального образования»",many of the 'lessons' were extremely short — some under two minutes — and didn't actually teach technique in a meaningful way,https://www.trustpilot.com/review/cherylportermethod.com,2026-09-26,Веб: отзывы о курсах и онлайн-школах
358,студент-новичок/любитель,боль,2,Trustpilot: Cheryl Porter Method,Trustpilot 1★; обзор Bloom Vocal о разных ценах,Двойное списание; $54 вместо заявленных $27; нестабильные цены ($27/$59/$129 за один курс),They charge you twice the price,https://www.trustpilot.com/review/cherylportermethod.com,2026-09-26,Веб: отзывы о курсах и онлайн-школах
359,студент-новичок/любитель,желание,1,Веб-обзор: Cheryl Porter Method (Bloom Vocal),цитата Bathroom Singing Crew в обзоре,"Ценится поддерживающий, мотивирующий стиль преподавателя",Cheryl does a very good job of encouraging students and giving solid instructions at the same time.,https://www.bloomvocal.site/en/blog/cheryl-porter-vocal-method-review-2026,2026-09-26,Веб: отзывы о курсах и онлайн-школах
360,студент-новичок/любитель,готовность платить,1,Веб-обзор: Roger Love Singing Academy (Know Your Instrument),цены Roger Love,"Roger Love Singing Academy: $197–597 разово за 14-недельный курс, 4 бесплатных урока",Level 1: $197; Levels 1 & 2: $297; All three levels: $497,https://www.knowyourinstrument.com/roger-love-singing-academy-review/,2026-09-26,Веб: отзывы о курсах и онлайн-школах
361,студент-новичок/любитель,триггер покупки,2,Веб: Roger Love (через поиск),гарантия Roger Love (по поиску),"Гарантия, привязанная к социальному результату (комплимент окружающих) — сильное обещание","if you haven't received at least a ""You sounded awesome!"" compliment in 30 days, he'll happily refund your payment",https://rogerlove.com/singing/,2026-09-26,Веб: отзывы о курсах и онлайн-школах
362,студент-новичок/любитель,возражение,1,Веб-обзор: Roger Love Singing Academy,минусы Roger Love,Устаревшее качество видео/интерфейса — минус дорогих курсов,Video definition could be better ... Interface is functional but by no means flashy,https://www.knowyourinstrument.com/roger-love-singing-academy-review/,2026-09-26,Веб: отзывы о курсах и онлайн-школах
363,студент-новичок/любитель,боль,3,Trustpilot: Superprof,"Trustpilot 3161 отзыв, 16% — 1★; рейтинг скрыт за накрутку","Superprof: скрытая ежемесячная подписка $49 за доступ к репетитору, отказ в возврате",Hidden 50$ membership fee. Refused refund and offered a free subscription,https://www.trustpilot.com/review/superprof.com?stars=1,2026-07-02,Веб: отзывы о курсах и онлайн-школах
364,студент-новичок/любитель,боль,2,Trustpilot: Superprof,"Trustpilot 1★, DE",Платный барьер лишь чтобы связаться с педагогом отталкивает учеников,The last step involves a monthly subscription request just to contact an instructor. Feels like a scam,https://www.trustpilot.com/review/superprof.com?stars=1,2026-07-27,Веб: отзывы о курсах и онлайн-школах
365,студент-новичок/любитель,боль,3,Trustpilot: Superprof,"Trustpilot 1★, множество отзывов 2025–2026","Непрозрачное автопродление — повторяющаяся жалоба (US, GB, CA, IN, DE, MY)","The payment was presented in a way that appeared to be a one-time payment, but it resulted in automatically recurring subscription",https://www.trustpilot.com/review/superprof.com?stars=1,2026-08-03,Веб: отзывы о курсах и онлайн-школах
366,педагог вокала,боль,3,Trustpilot: Superprof,"Trustpilot 1★, MY","Педагоги платят маркетплейсу, но не получают учеников",I never once received a single paying student from their site,https://www.trustpilot.com/review/superprof.com?stars=1,2026-08-31,Веб: отзывы о курсах и онлайн-школах
367,педагог вокала,желание,2,Trustpilot: Superprof,Trustpilot 5★ (68% — 5★),Часть педагогов ценит маркетплейсы как источник клиентов,Been teaching through Superprof for a year and it's been great. I've gained many new clients,https://www.trustpilot.com/review/superprof.com,2026-09-26,Веб: отзывы о курсах и онлайн-школах
368,студент-новичок/любитель,триггер покупки,2,Trustpilot: Lessonface,"Trustpilot Lessonface 4.1★, 11 отзывов, 5★",Главная ценность — найти «своего» педагога; живые онлайн-уроки,It took me a while to get the fine points of the website but no time at all to know I had finally found the teacher I desperately needed.,https://www.trustpilot.com/review/lessonface.com,2026-08-01,Веб: отзывы о курсах и онлайн-школах
369,студент-новичок/любитель,желание,2,Trustpilot: Lessonface,Trustpilot 5★,Ценятся качество звука/видео и простое расписание,The video and audio are first rate. It's so well organized and simple to schedule and take a lesson.,https://www.trustpilot.com/review/lessonface.com,2026-01-01,Веб: отзывы о курсах и онлайн-школах
370,студент-новичок/любитель,боль,2,Trustpilot: Lessonface,Trustpilot 1★,"Повышение цены без предупреждения, нет конвертации валюты",Lesson fee increase without letting me know...Poor customer service by the instructor...No Canadian converter.,https://www.trustpilot.com/review/lessonface.com,2026-01-01,Веб: отзывы о курсах и онлайн-школах
371,педагог вокала,боль,2,Trustpilot: Lessonface,Trustpilot 1★,Педагог на Lessonface не получил учеников через платформу,THIS IS A SCAM...there is no matching and no students contact teachers.,https://www.trustpilot.com/review/lessonface.com,2025-07-01,Веб: отзывы о курсах и онлайн-школах
372,родитель,триггер покупки,2,Common Sense Media: Lessonface,"Common Sense Media, возраст 9+",Для родителей онлайн — экономия времени на дорогу,"If your family is already shuttling kids around to lots of activities, Lessonface would be a nice way to simplify your schedule, as it allows kids to take a lesson right in the living room.",https://www.commonsensemedia.org/website-reviews/lessonface,2026-09-26,Веб: отзывы о курсах и онлайн-школах
373,родитель,страх,2,Common Sense Media: Lessonface,Common Sense Media; COPPA,Безопасность ребёнка: проверка педагогов и возможность присутствовать — обязательные условия,"Teachers undergo background checks ... Parents can ""sit in"" on lessons or monitor via webcam",https://www.commonsensemedia.org/website-reviews/lessonface,2026-09-26,Веб: отзывы о курсах и онлайн-школах
374,родитель,желание,1,Веб: Lessonface for Kids,Lessonface kid-friendly (через поиск),"Для маленьких детей — игра и музыкальность, а не техника","Children can start voice lessons as young as 5 or 6 years old, with lessons at this age focusing more on exploration, musicality, and having fun",https://www.lessonface.com/kidfriendly,2026-09-26,Веб: отзывы о курсах и онлайн-школах
375,педагог вокала,страх,3,Веб: Virtu Academy о закрытии TakeLessons,статья Virtu Academy,"Закрытие TakeLessons (ноябрь 2024) — педагоги потеряли репутацию, отзывы и поток учеников","Years of building your reputation, student reviews and visibility on TakeLessons are suddenly up in the air.",https://www.virtu.academy/blog/supporting-musicians-after-takelessons-shutdown,2024-09-11,Веб: отзывы о курсах и онлайн-школах
376,педагог вокала,боль,2,Веб: Virtu Academy,статья Virtu Academy,"Админ-нагрузка (расписание, оплаты) пугает педагогов без платформы","The prospect of handling all the logistics—scheduling, payments, and more—on your own.",https://www.virtu.academy/blog/supporting-musicians-after-takelessons-shutdown,2024-09-11,Веб: отзывы о курсах и онлайн-школах
377,педагог вокала,готовность платить,1,Веб: TakeLessons (через поиск),"сводка поиска (Tunelark, sidehusl)",Бенчмарк комиссии маркетплейса для педагогов: 10–20%; Lessonface — 5% за приведённых педагогом учеников,TakeLessons charged 20% commission on the first 10 lessons with any individual student ... would drop to 10%,https://blog.tunelark.com/takelessons-shut-down-alternatives/,2026-09-26,Веб: отзывы о курсах и онлайн-школах
378,студент-будущий профи,желание,2,Веб: статьи онлайн vs частный педагог (через поиск),сводка статей онлайн vs частные уроки,Для мюзикла/классики/джаза нужен живой педагог; онлайн-курс — дополнение,"For specialized styles like Jazz, Western Classical, and Musical Theatre, the student-teacher connection is especially important",https://www.angelesacademyofmusic.com/news/in-person-vs-online-singing-lessons,2026-09-26,Веб: отзывы о курсах и онлайн-школах
379,педагог вокала,желание,1,Веб: статьи онлайн vs частный педагог,сводка статей (Ramsey Voice и др.),Гибрид: курс как домашняя практика между живыми уроками,"Online courses give you access to structured, repeatable material that strengthens what you learn in private lessons",https://ramseyvoice.com/online-vs-private-singing-lessons/,2026-09-26,Веб: отзывы о курсах и онлайн-школах
380,студент-новичок/любитель,желание,3,лендинг Simply Sing,"цена: $14.99–19.99/мес или $59.99–89.99/год (по данным обзоров, в лендинге цен нет)","Simply Sing продаёт мечту петь любимые песни и брать все ноты — фокус на песнях, а не технике","Sing your heart out / No song is out of reach / Hit every note, every time",https://www.hellosimply.com/simply-sing,2026-09-26,Веб: позиционирование и цены конкурентов
381,студент-новичок/любитель,страх,3,лендинг Simply Sing,цена: от $59.99/год,Закрывает страх «не достану высокие ноты» — транспонирование песен под диапазон,Simply Sing adapts all songs to your unique vocal range. Hit those high notes singing the songs you love,https://www.hellosimply.com/simply-sing,2026-09-26,Веб: позиционирование и цены конкурентов
382,студент-новичок/любитель,страх,2,лендинг Simply Sing,цена: от $59.99/год,"Обещание против страха перенапрячь/повредить голос и не знать, где дышать","We'll tell you when to hold a note and when to breathe, so you can sing more easily without straining your voice.",https://www.hellosimply.com/simply-sing,2026-09-26,Веб: позиционирование и цены конкурентов
383,студент-новичок/любитель,желание,2,лендинг Simply Sing,цена: от $59.99/год,Желание найти собственный голос и тембр,Discover your unique voice / Find your own tone,https://www.hellosimply.com/simply-sing,2026-09-26,Веб: позиционирование и цены конкурентов
384,студент-новичок/любитель,триггер покупки,2,лендинг Yousician (singing),цена: Premium+ $19.99/мес или $119.99/год (по сторонним источникам; зависит от страны); 7 дней бесплатно,"Yousician: «весело и легко», для полного новичка — снятие барьера входа",Learning to sing has never been this fun and easy. / Whether you're a complete beginner or a seasoned vocalist,https://yousician.com/singing,2026-09-26,Веб: позиционирование и цены конкурентов
385,студент-новичок/любитель,триггер покупки,3,лендинг Yousician (singing),цена: Premium+ от $119.99/год; Flash sale,Мгновенная обратная связь по попаданию и ритму — ключевой продающий аргумент приложений,Get instant feedback — The app gives you instant feedback on the timing and accuracy of your singing.,https://yousician.com/singing,2026-09-26,Веб: позиционирование и цены конкурентов
386,студент-новичок/любитель,желание,2,лендинг Yousician (singing),цена: Premium+ от $119.99/год,Желание петь чисто (интонация) как базовая цель,Sing in tune / Practice your singing voice,https://yousician.com/singing,2026-09-26,Веб: позиционирование и цены конкурентов
387,студент-новичок/любитель,возражение,1,лендинг Yousician (singing),"цена: 7 дней бесплатно, далее подписка",Снятие возражения «нужно оборудование/микрофон»,"No accessories needed — All you need is your voice and a phone, tablet, desktop computer or laptop.",https://yousician.com/singing,2026-09-26,Веб: позиционирование и цены конкурентов
388,родитель,триггер покупки,1,лендинг Yousician (family),цена: Family Plan (цена не указана на лендинге),Yousician продаёт семейный тариф — родитель платит за нескольких членов семьи,Family Plan — One membership with 4 Premium+ accounts,https://yousician.com/family,2026-09-26,Веб: позиционирование и цены конкурентов
389,студент-новичок/любитель,триггер покупки,1,лендинг Yousician (Wayback 2022-05-17),"цена: Premium+ trial 1 week (2022, цены не на странице)","Wayback 2022: заголовки Yousician не изменились за 4 года — позиционирование стабильно (всё в одном, свой темп, пробная неделя)",Everything you need to learn how to sing in one app / Learn at your own pace with online singing lessons / Try our Premium+ plan free for 1 week,http://web.archive.org/web/20220517075317/https://yousician.com/singing,2022-05-17,Веб: позиционирование и цены конкурентов
390,студент-новичок/любитель,желание,3,лендинг Singing Carrots,"цена: от $119.99/год (по их блогу), цены скрыты за логином; промокод LETSSING −10%",Singing Carrots перепозиционировался в «личного AI-коуча» — желание персонального педагога без педагога,"Your Personal AI Vocal Coach — It listens to you sing, analyzes your pitch and range, and guides you through short daily sessions tailored to your voice.",https://singingcarrots.com/,2026-09-26,Веб: позиционирование и цены конкурентов
391,студент-новичок/любитель,страх,3,лендинг Singing Carrots,цена: от $119.99/год,Закрывает страх «у меня нет голоса/слуха» и стеснение петь при других,You can sing / Build Confidence Outside the Shower,https://singingcarrots.com/,2026-09-26,Веб: позиционирование и цены конкурентов
392,студент-новичок/любитель,триггер покупки,3,лендинг Singing Carrots,цена: от $119.99/год,Измеримый результат в сроках (диапазон +2 ноты за 5 недель) как триггер покупки,80% of our users see results in 2 weeks and 90% in 4 weeks / Practicing regularly at least 2 times a week increase their vocal range by 2 notes within the first 5 weeks,https://singingcarrots.com/,2026-09-26,Веб: позиционирование и цены конкурентов
393,студент-новичок/любитель,возражение,2,лендинг Singing Carrots,цена: от $119.99/год,Снятие возражения «нет времени»,"just 20 minutes a day, 2–3 times per week, is enough to start hearing real changes",https://singingcarrots.com/,2026-09-26,Веб: позиционирование и цены конкурентов
394,студент-новичок/любитель,желание,2,лендинг Singing Carrots (Wayback 2022-06-02),цена: 2022 — на странице цен нет (бесплатный курс 21 урок); 2026 — от $119.99/год,"Wayback 2022: Singing Carrots был «набором инструментов» (тест диапазона, pitch monitor, песни по диапазону); к 2026 сменился на «AI Vocal Coach» с планом занятий — сдвиг от инструментов к ведению",The place to practice your singing — We give you tools to become a better singer. Put in 15 minutes a day and become one.,http://web.archive.org/web/20220602154136/https://singingcarrots.com/,2022-06-02,Веб: позиционирование и цены конкурентов
395,студент-новичок/любитель,желание,2,лендинг Singing Carrots (Wayback 2022-06-02),цена: бесплатный инструмент (2022),Желание подобрать песни «под свой голос» (2022 и сохраняется в 2026: «The right songs for you»),Looking for a good song to sing? Let's use your vocal range to find songs that match your natural singing capabilities.,http://web.archive.org/web/20220602154136/https://singingcarrots.com/,2022-06-02,Веб: позиционирование и цены конкурентов
396,студент-новичок/любитель,готовность платить,2,блог Singing Carrots (цены конкурентов 2026),цена: коридор $60–240/год для приложений/курсов,Singing Carrots публикует сравнение цен рынка: 30 Day Singer $29.95/мес или $99/год; Singeo $25–30/мес; Yousician $14.99–44.99/мес; SingWell $120/мес; Cheryl Porter $49–999; KTVA $149–299 + $19.95/мес; Singorama $67; MasterClass $120–240/год,A free account lets you preview some tests and tools; to actually practice and study you need a paid plan.,https://singingcarrots.com/blog/best-online-singing-courses-prices-2026-updated-guide/,2026-09-26,Веб: позиционирование и цены конкурентов
397,студент-новичок/любитель,готовность платить,1,блог Singing Carrots (цены 2026),цена: от $119.99/год со скидками,Ценовая дискриминация по стране и студенческие скидки — рынок чувствителен к цене,"discounted pricing available for students, schools, and users in countries with lower purchasing power",https://singingcarrots.com/blog/best-online-singing-courses-prices-2026-updated-guide/,2026-09-26,Веб: позиционирование и цены конкурентов
398,студент-новичок/любитель,желание,2,лендинг Singeo (Musora),цена: $30/мес или $279/год; 7 дней бесплатно,Singeo (Musora) — желание петь любимые песни и «петь лучше»,SING THE SONGS YOU LOVE. / THE NEW WAY TO SING BETTER.,https://www.singeo.com/,2026-09-26,Веб: позиционирование и цены конкурентов
399,студент-новичок/любитель,возражение,2,лендинг Singeo (Musora),цена: $30/мес или $279/год,Снятие возражения «нет времени» — 10 минут в день,Improve your skills in just 10 minutes a day.,https://www.singeo.com/,2026-09-26,Веб: позиционирование и цены конкурентов
400,студент-новичок/любитель,триггер покупки,2,лендинг Singeo (Musora),"цена: $279/год, 90-дневная гарантия возврата",Авторитет звёздных педагогов + «коуч дома в любое время» как замена живому педагогу,"Gain insights from vocal coaches, Grammy-Award winners, and chart-topping performers. / like having your own singing coach at your home, literally any time",https://www.singeo.com/,2026-09-26,Веб: позиционирование и цены конкурентов
401,студент-новичок/любитель,желание,2,лендинг Singeo (Musora),цена: $30/мес,"Желание сообщества и живых эфиров, план занятий","Get weekly live streams, student lesson plans, and access to a global singing community.",https://www.singeo.com/,2026-09-26,Веб: позиционирование и цены конкурентов
402,студент-новичок/любитель,желание,1,лендинг Singeo (Musora),цена: $279/год,Отзывы на лендинге: результат = сила голоса и уверенность,My voice feels stronger / given me a confidence boost,https://www.singeo.com/,2026-09-26,Веб: позиционирование и цены конкурентов
403,студент-новичок/любитель,триггер покупки,1,лендинг Singeo (Wayback 2021-05-17),"цена: 2021 — нет (pre-launch); 2026 — $30/мес, $279/год",Wayback 2021: Singeo был листом ожидания с бесплатными уроками; к 2026 — подписка $30/мес. Модель: бесплатный контент → платное членство,Membership Launching JULY 2021 — WARM-UP NOW FOR FREE. Get free lessons and tutorials every week!,http://web.archive.org/web/20210517102952/https://www.singeo.com/,2021-05-17,Веб: позиционирование и цены конкурентов
404,студент-новичок/любитель,желание,3,лендинг 30 Day Singer,цена: $10.75/мес при оплате за год; бесплатный базовый доступ; 30-дневная гарантия; акция $549 bundle за $99,30 Day Singer: быстрый результат за фиксированный срок,"Become A Better Singer In Only 30 Days! / Easy, Fast and Fun Lessons!",https://www.30daysinger.com/,2026-09-26,Веб: позиционирование и цены конкурентов
405,студент-новичок/любитель,желание,2,страница цен 30 Day Singer,цена: Full Access $10.75/мес (annual),"Состав тарифа отражает конкретные желания: вибрато, мелизмы, стиль известных певцов, интонация",Perfect Pitch & Intonation / How To Master Vibrato / Runs & Embellishments / Vocal Styles of Famous Singers,https://www.30daysinger.com/pricing,2026-09-26,Веб: позиционирование и цены конкурентов
406,студент-новичок/любитель,триггер покупки,2,страница цен 30 Day Singer,цена: $10.75/мес (annual),Доступ к обратной связи преподавателя — платная ценность внутри подписки,Instructor Help & Advice / Singing Feedback,https://www.30daysinger.com/pricing,2026-09-26,Веб: позиционирование и цены конкурентов
407,студент-новичок/любитель,страх,3,лендинг 30 Day Singer (Wayback 2022-06-18),"цена: 2022 — на лендинге не указана; 2026 — $10.75/мес annual, bundle $99","Wayback 2022: главный страх — «у меня нет слуха/таланта»; в 2026 этот блок с лендинга ушёл, остались «Easy, Fast and Fun» и скидочные офферы","Convinced you can't sing because you're ""tone-deaf"" or weren't ""born musical""? Those are singing myths. We can turn anyone into a great singer.",http://web.archive.org/web/20220618012247/https://www.30daysinger.com/,2022-06-18,Веб: позиционирование и цены конкурентов
408,студент-новичок/любитель,страх,2,лендинг 30 Day Singer (Wayback 2022-06-18),цена: не указана (2022),Страх петь перед людьми — обещание уверенности,"Being able to sing in front of others is so much fun, but can be intimidating at first. We will give you the confidence to perform",http://web.archive.org/web/20220618012247/https://www.30daysinger.com/,2022-06-18,Веб: позиционирование и цены конкурентов
409,студент-будущий профи,желание,1,лендинг 30 Day Singer (Wayback 2022-06-18),цена: не указана (2022),Отзыв на лендинге: хобби → мечта выступить в любительском мюзикле,I love to sing and have decided to make it my new hobby. I want to sing better for myself and hopefully one day do a musical at our local theater.,http://web.archive.org/web/20220618012247/https://www.30daysinger.com/,2022-06-18,Веб: позиционирование и цены конкурентов
410,студент-будущий профи,желание,3,лендинг Ken Tamplin Vocal Academy,цена: $49 (акция «83% OFF KTVA LIVE»); курс 3.0 — $149 вступление + $19.95/мес,"KTVA: высокие ноты, контроль, выносливость без усталости",Unlock notes you thought were impossible / Sing with new confidence and control / Sing for hours without fatigue / Dominate karaoke,https://kentamplinvocalacademy.com/,2026-09-26,Веб: позиционирование и цены конкурентов
411,студент-будущий профи,триггер покупки,2,лендинг Ken Tamplin Vocal Academy,цена: $49 акция; 1-on-1 с Кеном $750/час,Соцдоказательство «до/после» и геймификация уровней (пояса) как триггер,"Trusted by 1,200,000 People / Join the 1,000s of Vocal Transformations Like These / Check Out Who Recently Leveled Up Their Belt Color",https://kentamplinvocalacademy.com/,2026-09-26,Веб: позиционирование и цены конкурентов
412,студент-будущий профи,желание,2,лендинг Ken Tamplin Vocal Academy,цена: $49 акция,Статусное желание — выделиться среди других,Want To Be The Most Impressive Singer In The Room?,https://kentamplinvocalacademy.com/,2026-09-26,Веб: позиционирование и цены конкурентов
413,студент-будущий профи,готовность платить,1,лендинг KTVA (через WebSearch),цена: $750/час,Верхняя граница рынка: премиальный 1-на-1 со звёздным коучем,"1 Hour – $750, 5 Days (10 hours) – $7,000, and 10 Days (20 hours) – $14,000",https://kentamplinvocalacademy.com/store/,2026-09-26,Веб: позиционирование и цены конкурентов
414,студент-будущий профи,страх,2,лендинг KTVA (Wayback 2022-05-29),цена 2022: $19.95/мес + $149 вступление / $299/год / $899; 2026: $49 акция,"Wayback 2022: страх навредить голосу и потерять его; тогда были 3 варианта цены ($19.95/мес+$149, $299/год, $899 физ. копия); в 2026 фокус сместился на агрессивные скидки ($49, «83% OFF»)",You will learn: How to sing high notes – get killer tone – insane pitch – sing for hours without strain – sing any style – keep your voice healthy,http://web.archive.org/web/20220529052421/https://kentamplinvocalacademy.com/,2022-05-29,Веб: позиционирование и цены конкурентов
415,студент-будущий профи,триггер покупки,2,лендинг KTVA (Wayback 2022-05-29),цена 2022: $19.95/мес + $149,Wayback 2022: обратная связь на видео от сообщества/модераторов как ценность,"Join over 20,000 fellow KTVA singers and 8 professional moderators in our KTVA community forum. Post videos and get instant feedback!",http://web.archive.org/web/20220529052421/https://kentamplinvocalacademy.com/,2022-05-29,Веб: позиционирование и цены конкурентов
416,студент-новичок/любитель,готовность платить,1,"лендинг Superior Singing Method (через WebSearch, обзоры)","цена: $29 разово (ранее $97 или 3×$39.95), гарантия 60 дней","Superior Singing Method: разовая покупка курса подешевела с $97 до $29 — давление цен на курсы (лендинг недоступен, 503; данные из обзоров)",Current price is $29 one time with 8 modules and a 60-day refund / Older pricing shows $97,https://www.musicindustryhowto.com/superior-singing-method-review-can-these-lessons-make-you-a-better-singer/,2026-09-26,Веб: позиционирование и цены конкурентов
417,студент-новичок/любитель,желание,2,лендинг Vocalista (App Store),цена: IAP $7.99–$79.99 (7 дней trial → годовая подписка); 4.6★ из 3.2K отзывов,"Vocalista: упражнения под диапазон + аналитика тембра (придыхание, резонанс), персональный план по целям","All exercises are adjusted to your vocal range so you can do them with ease / Get real-time pitch feedback that helps you hit every note spot-on / Get insights on your pitch, breathiness, and resonance after each exercise",https://apps.apple.com/us/app/vocalista-learn-to-sing/id6444087548,2026-09-26,Веб: позиционирование и цены конкурентов
418,педагог вокала,триггер покупки,3,лендинг My Music Staff (pricing),цена: $16.95/мес + $4.95 за доп. преподавателя; 30 дней бесплатно; гарантия 90 дней,My Music Staff: доступность и прозрачная цена для частника,"Affordable, all-in-one studio management software for Music Teachers / Simple pricing that grows with your studio – no hidden fees!",https://www.mymusicstaff.com/pricing/,2026-09-26,Веб: позиционирование и цены конкурентов
419,педагог вокала,желание,3,лендинг My Music Staff,цена: $16.95/мес,"Боли частника: расписание, оплаты вовремя, пробные уроки — автоматизация",Organize your lessons / Manage your students / Get paid on time / Automate your trial lessons,https://www.mymusicstaff.com/,2026-09-26,Веб: позиционирование и цены конкурентов
420,педагог вокала,желание,2,лендинг My Music Staff,цена: $16.95/мес,Экономия времени на админке и переписке — центральное обещание,Save time with calendar-based billing / Eliminate back-and-forth emails / Send automatic email & SMS reminders,https://www.mymusicstaff.com/,2026-09-26,Веб: позиционирование и цены конкурентов
421,педагог вокала,возражение,1,лендинг My Music Staff (pricing),"цена: $16.95/мес, без контрактов","Снятие возражений: без контрактов, живая поддержка","Upgrade, downgrade, or cancel whenever you need—no contracts / Real people in Canada building and supporting your business",https://www.mymusicstaff.com/pricing/,2026-09-26,Веб: позиционирование и цены конкурентов
422,педагог вокала,готовность платить,2,лендинг My Music Staff (Wayback 2021-04-12),цена 2021: $12.95/мес; 2026: $16.95/мес,Wayback 2021: цена была $12.95 + $3.95/педагог; к 2026 выросла до $16.95 + $4.95 (+31%) — рынок терпит рост; позиционирование «без оплаты за ученика» сохранилось («Add as many students as you want»),"Netflix doesn’t charge by the movie, so why would you pay by the student? $12.95/mo Unlimited Students. Unlimited Storage. ... $3.95/mo per teacher.",http://web.archive.org/web/20210412000119/https://www.mymusicstaff.com/pricing,2021-04-12,Веб: позиционирование и цены конкурентов
423,педагог вокала,триггер покупки,1,лендинг TutorBird (pricing),цена: $16.95/мес + $4.95 за доп. тьютора; гарантия 90 дней,"TutorBird (та же компания, что MMS) — идентичный оффер для тьюторов","Affordable, all-in-one business management for Tutors / 30 Days Free (no credit card required) / Free phone and email support",https://www.tutorbird.com/pricing/,2026-09-26,Веб: позиционирование и цены конкурентов
424,педагог вокала,боль,3,лендинг CLARA Studio,"цена: $14/мес (5 учеников) — $74/мес (65); Studio 10 $19, 20 $29, 30 $39; бета-цена фиксируется на 12 мес",CLARA Studio: боль — время на заметки и отчёты после урока; обещание вернуть время,TEACH. DON'T TYPE. / Other tools cost teachers time. CLARA gives it back.,https://claranotes.ai/,2026-09-26,Веб: позиционирование и цены конкурентов
425,педагог вокала,желание,3,лендинг CLARA Studio,цена: от $14/мес,Желание автоматически превращать урок в домашку и заметки для ученика/родителя (отчёты родителям на 66 языках),"Your lesson becomes notes, practice tasks, and personalized student coaching — automatically.",https://claranotes.ai/,2026-09-26,Веб: позиционирование и цены конкурентов
426,педагог вокала,возражение,2,лендинг CLARA Studio,цена: от $14/мес,Снятие возражений: сложность для учеников и приватность записей уроков,"No accounts, no passwords, no tech support / processing ... under agreements that prohibit using your data to train AI models",https://claranotes.ai/,2026-09-26,Веб: позиционирование и цены конкурентов
427,студент-новичок/любитель,желание,2,лендинг Tonic Notes,цена: $24.99/мес или $239.99/год; 30 дней бесплатно,"Tonic Notes: ученик хочет помнить, что сказал педагог, и знать, что практиковать; родители в курсе","The music lesson notetaker that captures what your teacher says, what you play, and what to practice next. / Teachers, students, parents — all in the loop",https://www.tonicnotes.com/,2026-09-26,Веб: позиционирование и цены конкурентов
428,педагог вокала,триггер покупки,3,лендинг Singing Carrots Studio,цена: $0 для педагогов; ученики — платный AI-коуч опционально,Singing Carrots Studio: бесплатная видеоплатформа для вокальных педагогов + реферальный доход $20 за ученика,An AI-supercharged classroom for voice teachers / Always free for teachers / Optionally earn $20 per student who upgrades on their own. No quotas,https://singingcarrots.com/studio,2026-09-26,Веб: позиционирование и цены конкурентов
429,педагог вокала,желание,3,лендинг Singing Carrots Studio,цена: $0 для педагогов,Желание контролировать практику ученика между уроками,Your teaching continues between lessons / Students can practice on the plan you set in class,https://singingcarrots.com/studio,2026-09-26,Веб: позиционирование и цены конкурентов
430,владелец школы,боль,3,лендинг Opus1,цена: пакеты от $98/мес (Starter до 200 учеников); без контрактов,"Opus1: боль владельца — совмещать все роли, админка съедает время","Admin Less. Inspire More. / Running a performing arts school means being the admin, accountant, scheduler, and marketer, all at once.",https://opus1.io/,2026-09-26,Веб: позиционирование и цены конкурентов
431,владелец школы,боль,3,лендинг Opus1,цена: от $98/мес,"Четыре явные боли школ: хаос расписания, неоплаты, разрозненная коммуникация, рост",Scheduling chaos? ... Missed payments? ... Disconnected communication? ... Hard to grow?,https://opus1.io/,2026-09-26,Веб: позиционирование и цены конкурентов
432,владелец школы,триггер покупки,3,лендинг Opus1,цена: от $98/мес,Обещание роста набора как главный триггер для владельца,40% Growth — Schools that implement Opus1 grow on average 40% enrollment in the first 18 months.,https://opus1.io/,2026-09-26,Веб: позиционирование и цены конкурентов
433,владелец школы,готовность платить,2,лендинг Opus1 (Wayback 2022-05-11),"цена 2022: Starter $89, Premium $178/мес за локацию, SMS +$99; 2026: от $98/мес","Wayback 2022: Opus1 был «Music Studio Management Solution» c ценами Starter 89 / Premium 178 за локацию; в 2026 — «Admin Less. Inspire More.», 3 тарифа (Starter/Growth/Ultimate) от $98/мес, акцент сместился с функций на боли и рост (+40%)",Pricing & Plans — Starter Per location ... Up to 200 active students ... Premium Per location Unlimited students/services ... SMS feature ... is an added $99/mo,http://web.archive.org/web/20220511121828/https://opus1.io/,2022-05-11,Веб: позиционирование и цены конкурентов
434,владелец школы,триггер покупки,2,лендинг Opus1 (Wayback 2022-05-11),цена 2022: от $89/мес,Wayback 2022: самостоятельная запись/перенос родителями — ключ к масштабированию,The only way to scale a music school ... is to automate repetitive tasks and empower clients to schedule / reschedule at their own convenience online.,http://web.archive.org/web/20220511121828/https://opus1.io/,2022-05-11,Веб: позиционирование и цены конкурентов
435,владелец школы,триггер покупки,2,лендинг Jackrabbit Music,"цена: Class $49/мес, Plus $93/мес, Enterprise $245/мес (общие тарифы)",Jackrabbit Music: экономия времени и быстрые оплаты,Ranked #1 Software for Music Schools / Save Time and Receive Payments Faster,https://www.jackrabbitclass.com/music/,2026-09-26,Веб: позиционирование и цены конкурентов
436,владелец школы,желание,2,лендинг Jackrabbit Music,цена: от $49/мес,Желание освободить время на рост; опыт родителей как отдельная ценность,help music schools find more time to focus on growth strategies while running an efficient business / Parent Experience / Automated Billing,https://www.jackrabbitclass.com/music/,2026-09-26,Веб: позиционирование и цены конкурентов
437,студент-новичок/любитель,готовность платить,2,"Веб: Thumbtack, цены на уроки вокала (через WebSearch)","$75/час, среднее по Thumbtack (по данным сравнения платформ Lesson With You)",США: средняя цена часового урока вокала на Thumbtack около $75.,Thumbtack's average rate is around $75 per hour.,https://www.thumbtack.com/p/voice-lesson-prices,2026,"Веб: рынок, цены уроков, статистика"
438,студент-новичок/любитель,готовность платить,2,"Веб: Lesson With You, ценовой гайд",Lessonface $67/час; Wyzant $83/час; Lesson With You $65/час,"США, онлайн-платформы: Lessonface около $67/час, Wyzant около $83/час (педагоги с профильным дипломом по вокалу).","Lessonface's average price among teachers with a degree in voice is about $67 per hour ... Wyzant has the highest average price, at roughly $83 per hour",https://lessonwithyou.com/singing-lessons-cost/,2026-09,"Веб: рынок, цены уроков, статистика"
439,студент-новичок/любитель,готовность платить,2,"Веб: Lesson With You, ценовой гайд",30 мин $30–50; 60 мин $70 (диапазон $50–80); группа $20,"США: 30 мин онлайн $30–40, очно $40–50, в группе $20; 60 мин в среднем $70.","30-minute lessons: Online: $30-40; In-person: $40-50; Group lessons: $20. 60-minute lessons: Average $70, Range $50-80",https://lessonwithyou.com/singing-lessons-cost/,2026-09,"Веб: рынок, цены уроков, статистика"
440,студент-будущий профи,готовность платить,3,"Веб: Lesson With You, ценовой гайд",$40 → $70 → $80–120 → $200/час по квалификации,"Цена сильно зависит от квалификации педагога: $40/час без диплома, $80–120/час магистр/доктор, до $200/час у концертных певцов. Будущие профи платят за статус и экспертизу.",No music degree: ~$40/hour ... Bachelor's in vocal performance: ~$70/hour; Master's or doctorate degree: $80-120/hour; Professional concert singers with awards: up to $200/hour,https://lessonwithyou.com/singing-lessons-cost/,2026-09,"Веб: рынок, цены уроков, статистика"
441,студент-новичок/любитель,триггер покупки,2,"Веб: Lesson With You, ценовой гайд",разница $10–20/час в пользу онлайна,Онлайн дешевле очных уроков на $10–20 в час; цена — аргумент в пользу онлайна.,"Online lessons are usually the most affordable, while lessons at a teacher's studio often cost about $10 to $20 more per hour.",https://lessonwithyou.com/singing-lessons-cost/,2026-09,"Веб: рынок, цены уроков, статистика"
442,студент-новичок/любитель,страх,2,"Веб: Lesson With You, ценовой гайд",Совет в ценовом гайде; «многие педагоги на Thumbtack не имеют музыкального диплома»,"Отраслевые гайды подогревают страх выбрать неквалифицированного педагога; указывают, что многие педагоги на Thumbtack не имеют профильного диплома.","For the best results, look for a teacher with at least a bachelor's degree in vocal performance.",https://lessonwithyou.com/singing-lessons-cost/,2026-09,"Веб: рынок, цены уроков, статистика"
443,педагог вокала,готовность платить,2,"Веб: Junocal, статья о ставках на уроки музыки 2026","медиана: 30 мин $51,50 / 45 мин $72 / 60 мин $91 (по 10–12 провайдерам)","США, выборка 2026: медиана $51,50 за 30 мин, $72 за 45 мин, $91 за 60 мин.",US Rates (September 2026 Sample): 30 minutes: $51.50 median; 45 minutes: $72.00 median; 60 minutes: $91.00 median,https://junocal.com/blog/how-much-to-charge-for-music-lessons,2026-09,"Веб: рынок, цены уроков, статистика"
444,педагог вокала,готовность платить,2,"Веб: Junocal, статья о ставках на уроки музыки 2026","медиана: 30 мин £21,25 / 45 мин £31,88 / 60 мин £40","Великобритания, выборка 2026: медиана £40 за час, £21,25 за 30 мин.",UK Rates (September 2026 Sample): 30 minutes: £21.25 median; 45 minutes: £31.88 median; 60 minutes: £40.00 median,https://junocal.com/blog/how-much-to-charge-for-music-lessons,2026-09,"Веб: рынок, цены уроков, статистика"
445,педагог вокала,боль,2,"Веб: Junocal, статья о ставках на уроки музыки 2026",10 мин неоплачиваемой работы на каждые 30 мин урока; 85% загрузка в расчёте,"Неоплачиваемая подготовка и разбор урока съедают реальную ставку; учитель считает себя дороже, чем зарабатывает фактически.","A thirty-minute lesson with ten minutes of preparation and follow-up uses forty minutes. At $40 per lesson, that is $60 gross per working hour before other gaps",https://junocal.com/blog/how-much-to-charge-for-music-lessons,2026-09,"Веб: рынок, цены уроков, статистика"
446,педагог вокала,боль,2,"Веб: Junocal, статья о ставках на уроки музыки 2026","$42 000/год; 1 020 оплаченных уроков; $41,18 за 30 мин",Пример расчёта: для выручки $42 тыс. в год при 30 учениках нужно брать около $41 за 30 минут; пропуски и незаполненные слоты напрямую бьют по доходу.,"For a solo teacher needing $42,000 annual revenue with 1,020 expected paid lessons (30 × 40 weeks × 85% utilization), the required fee is $41.18 per 30-minute lesson.",https://junocal.com/blog/how-much-to-charge-for-music-lessons,2026-09,"Веб: рынок, цены уроков, статистика"
447,педагог вокала,готовность платить,2,"Веб: ZipRecruiter, зарплата Voice Teacher (через WebSearch)","$28,50/час; $59 287/год; 25–75 перцентиль $47–70 тыс.; 90-й $80 тыс.","США: средний доход педагога вокала по ZipRecruiter $28,50/час или около $59 тыс. в год (оценка по вакансиям).","The average voice teacher salary in the United States as of April 2026 is $28.50 an hour or $59,287 per year.",https://www.ziprecruiter.com/Salaries/Voice-Teacher-Salary,2026-04,"Веб: рынок, цены уроков, статистика"
448,педагог вокала,готовность платить,1,"Веб: ZipRecruiter, зарплата Voice Teacher по штатам (через WebSearch)","LA $30,71/час; Washington $32,28/час; Minnesota $27,92/час",Региональные различия в США невелики: $28–32/час по данным ZipRecruiter.,"In Los Angeles, California, the average voice teacher salary is $30.71 an hour ... In Washington ... $32.28 an hour ... In Minnesota ... $27.92 an hour","https://www.ziprecruiter.com/Salaries/Voice-Teacher-Salary-in-Los-Angeles,CA",2026,"Веб: рынок, цены уроков, статистика"
449,педагог вокала,боль,2,Веб: Thumbtack + ZipRecruiter (сопоставление),"$75/час цена урока против $28,50/час дохода (сопоставление двух источников)","Разрыв между ценой урока для клиента ($65–90/час) и средним доходом педагога ($28,50/час): незаполненное расписание, комиссии платформ и работа по найму съедают доход.",Thumbtack's average rate is around $75 per hour ... The average voice teacher salary ... is $28.50 an hour,https://www.ziprecruiter.com/Salaries/Voice-Teacher-Salary,2026,"Веб: рынок, цены уроков, статистика"
450,педагог вокала,готовность платить,2,"Веб: Prospects.ac.uk, профиль профессии (данные ISM)",медиана £38/час; £32–44 по типу работодателя,"Великобритания: медианная ставка частного педагога музыки £38/час; в частных школах £44, в муниципальных музыкальных службах £32.",ISM Survey (Dec 2024-Mar 2025): Median hourly rate (face-to-face and online): £38 ... Independent schools: £44/hour (median); Music services/hubs: £32/hour,https://www.prospects.ac.uk/job-profiles/private-music-teacher/,2025,"Веб: рынок, цены уроков, статистика"
451,педагог вокала,готовность платить,2,Веб: Musicians' Union ставки (через WebSearch / Junocal),"MU: £44 (2025/26) → £45,50/час (2026/27); £22,75 за 30 мин","Профсоюз музыкантов UK рекомендует минимум £45,50/час на 2026–27 (было £44 в 2025–26) — выше рыночной медианы £38–40.","Musicians' Union recommends £45.50 per hour for self-employed individual and small-group teaching in the 2026–27 academic year, with £22.75 for thirty minutes",https://junocal.com/blog/how-much-to-charge-for-music-lessons,2026,"Веб: рынок, цены уроков, статистика"
452,педагог вокала,страх,2,"Веб: Prospects.ac.uk, профиль профессии",описание условий работы в официальном профгиде UK,"Нерегулярный график, отмены и переносы — системная часть профессии.","Your working hours typically include after school, evenings and weekends. Hours may be irregular due to cancellations and rearrangements.",https://www.prospects.ac.uk/job-profiles/private-music-teacher/,2025,"Веб: рынок, цены уроков, статистика"
453,педагог вокала,страх,3,"Веб: Prospects.ac.uk, профиль профессии",официальный профгид UK,"Страх нестабильного дохода: долго набирать учеников, доход падает в кризис стоимости жизни.","In the early stages, it can take some time to build up a portfolio of pupils and income-generating activity. The amount of work you get will also be affected by economic issues such as a cost-of-living crisis.",https://www.prospects.ac.uk/job-profiles/private-music-teacher/,2025,"Веб: рынок, цены уроков, статистика"
454,студент-новичок/любитель,готовность платить,2,Веб: Superprof UK (через WebSearch),£25/час среднее; Лондон £40–50; Манчестер £29; общий диапазон £10–70,"UK, Superprof: в среднем £25/час; Лондон £40–50, Манчестер £29.","In the UK, the average price for singing lessons on Superprof is typically around £25 per hour ... In London ... around £40-£50 per hour ... In Manchester ... around £29/h",https://www.superprof.co.uk/lessons/singing/united-kingdom/,2026,"Веб: рынок, цены уроков, статистика"
455,студент-новичок/любитель,готовность платить,2,"Веб: Superprof UK, онлайн-уроки (через WebSearch)",онлайн £20–35/час,UK: онлайн-урок вокала £20–35/час.,"In the UK, the average price per hour for private online singing lessons is typically between £20 and £35",https://www.superprof.co.uk/lessons/singing/online/,2026,"Веб: рынок, цены уроков, статистика"
456,студент-новичок/любитель,триггер покупки,3,Веб: Superprof UK (через WebSearch),93% педагогов вокала на Superprof дают первый урок бесплатно,"Бесплатный первый урок — рыночный стандарт на Superprof; снижает барьер входа, но и приучает к бесплатному пробнику.",93% of Superprof singing teachers offer a free first lesson.,https://www.superprof.co.uk/lessons/singing/united-kingdom/,2026,"Веб: рынок, цены уроков, статистика"
457,студент-новичок/любитель,готовность платить,2,Веб: Superprof Canada (через WebSearch),"CA$40 среднее; Торонто 47, Монреаль 49, Оттава 46, Квебек 53, Суррей 46 CA$/час","Канада, Superprof: в среднем CA$40/час; крупные города CA$46–53.",The average price of Singing lessons is $40. ... Toronto typically costs $47 per hour ... Montreal ... $49 per hour ... Québec City ... around $53/h,https://www.superprof.ca/lessons/singing/canada/,2026,"Веб: рынок, цены уроков, статистика"
458,студент-новичок/любитель,готовность платить,2,"Веб: Lesson With You, гайды по городам Австралии (через WebSearch)",A$68–70/час; Сидней/Брисбен A$50–100; Мельбурн/Перт/Аделаида A$50–80,Австралия: средний часовой урок вокала A$68–70; диапазон A$50–100.,"The average price for a one-hour singing lesson in Sydney and Brisbane, Australia is $68, while in Melbourne, Gold Coast, Adelaide, and Perth it averages $70 per hour.",https://lessonwithyou.com/singing-lessons-cost-sydney-australia/,2025,"Веб: рынок, цены уроков, статистика"
459,студент-будущий профи,готовность платить,2,Веб: Lesson With You / Superprof AU (через WebSearch),A$80–120/час (магистр/доктор); до A$200,"Австралия: премиальный сегмент A$80–120/час, топ до A$200 — будущие профи и прослушивания.",teachers with a master's or doctorate degree or years of performing experience usually charge $80 to $120 per hour ... professional concert singers ... might charge as much as $200,https://www.superprof.com.au/blog/voice-training-prices/,2025,"Веб: рынок, цены уроков, статистика"
460,студент-новичок/любитель,готовность платить,2,"Веб: Lesson With You, гайды по городам НЗ (через WebSearch)",Окленд NZ$70 (50–80); Крайстчерч NZ$68 (50–100),Новая Зеландия: около NZ$68–70/час.,Auckland: ... an average price of $70 per hour ... Christchurch: ... between $50-$100 per hour ... average price of $68,https://lessonwithyou.com/singing-lessons-cost-auckland-new-zealand/,2025,"Веб: рынок, цены уроков, статистика"
461,студент-новичок/любитель,готовность платить,2,Веб: Superprof Ireland (через WebSearch),€25/час,Ирландия (Superprof): в среднем €25/час — самый низкий ценовой уровень среди целевых стран.,The average hourly rate for singing instruction in Ireland is 25 euros per hour.,https://www.superprof.ie/blog/voice-coaching-prices-for-tutors/,2026,"Веб: рынок, цены уроков, статистика"
462,студент-новичок/любитель,желание,2,Веб: ABRSM Making Music 2025 (через WebSearch),">50% населения UK; выборка 2025: 1 021 ребёнок, 1 011 взрослых, 1 958 педагогов",UK: больше половины населения поют — огромный пул потенциальных «любителей».,"Over half of the general population say they engage with music through singing, alone or in front of others.",https://www.abrsm.org/en-gb/news/making-music-report-highlights-importance-of-music-for-mental-health,2025,"Веб: рынок, цены уроков, статистика"
463,студент-новичок/любитель,триггер покупки,3,Веб: ABRSM Making Music 2021 (PDF),"8% (1 из 12) учатся петь онлайн, 2020; около 10% детей берут уроки вокала","UK: число поющих стабильно, но обучение пению сдвигается в онлайн — 8% учатся петь онлайн (в 2014 значимой доли не было).","The numbers of us singing have not changed, but we are doing more of it online. ... In 2020, 8% or just over 1 in 12 of us are now learning to sing through online lessons, whereas there was no significant statistic for online singing in 2014.",https://www.abrsm.org/sites/default/files/2023-08/web_abrsm-making-music-uk-21.pdf,2021,"Веб: рынок, цены уроков, статистика"
464,студент-новичок/любитель,возражение,3,Веб: ABRSM Making Music 2021 (PDF),71% педагогов; 18% взрослых; 25% детей; 37% детей из беднейших семей,Цена — главный барьер: 71% педагогов называют её барьером; 18% взрослых не начали из-за стоимости.,71% of music teachers say that cost of music lessons is a barrier for learners. 25% of children and 18% of adults who have never played an instrument say this was because of the cost,https://www.abrsm.org/sites/default/files/2023-08/web_abrsm-making-music-uk-21.pdf,2021,"Веб: рынок, цены уроков, статистика"
465,родитель,возражение,3,"Веб: ABRSM Making Music 2021 (PDF), рис. 39","36% педагогов, причина №3 падения числа учеников","36% педагогов объясняют уход учеников тем, что родители не могут оплачивать уроки (причина №3).",Parents cannot afford lessons,https://www.abrsm.org/sites/default/files/2023-08/web_abrsm-making-music-uk-21.pdf,2021,"Веб: рынок, цены уроков, статистика"
466,родитель,боль,3,"Веб: ABRSM Making Music 2021 (PDF), рис. 39","44% педагогов, причина №1 потери учеников",Главная причина ухода учеников по мнению педагогов — занятость учёбой и другими делами (44%).,Students are too busy with schoolwork / other commitments to continue lessons,https://www.abrsm.org/sites/default/files/2023-08/web_abrsm-making-music-uk-21.pdf,2021,"Веб: рынок, цены уроков, статистика"
467,родитель,страх,3,"Веб: ABRSM Making Music 2021 (PDF), рис. 51",50% бросивших детей; 28% «слишком занят»,"50% детей бросивших музыку назвали потерю интереса — главный страх родителя «заплатит, а ребёнок бросит».",I lost interest/ didn't want to learn anymore,https://www.abrsm.org/sites/default/files/2023-08/web_abrsm-making-music-uk-21.pdf,2021,"Веб: рынок, цены уроков, статистика"
468,родитель,возражение,2,Веб: ABRSM Making Music 2021 (PDF),~1/3 педагогов,"Около трети педагогов считают, что родители ценят онлайн-уроки меньше очных — возражение против онлайн-формата.",Around one third of teachers feel (some) parents attach less value to online lessons.,https://www.abrsm.org/sites/default/files/2023-08/web_abrsm-making-music-uk-21.pdf,2021,"Веб: рынок, цены уроков, статистика"
469,родитель,желание,2,Веб: ABRSM Making Music 2021 (PDF),качественный вывод отчёта ABRSM + MEPG,"Онлайн делает урок видимым для родителя; вовлечённость родителя — ключ к тому, чтобы ребёнок не бросил.","parents, who were often in the present during online lessons, became more engaged in their child's learning ... Musical achievement is linked to high levels of parental involvement: a crucial factor in whether a child persists or gives up",https://www.abrsm.org/sites/default/files/2023-08/web_abrsm-making-music-uk-21.pdf,2021,"Веб: рынок, цены уроков, статистика"
470,педагог вокала,триггер покупки,2,"Веб: ABRSM Making Music 2021 (PDF), рис. 39",70% (причина №1 роста); 33% — проактивная реклама,"70% педагогов, у которых выросло число учеников, получили их через сарафанное радио — маркетинг педагога почти полностью рекомендательный.",I have gained students naturally by word of mouth,https://www.abrsm.org/sites/default/files/2023-08/web_abrsm-making-music-uk-21.pdf,2021,"Веб: рынок, цены уроков, статистика"
471,педагог вокала,боль,2,Веб: ABRSM Making Music 2021 (PDF),60% < 20 ч/нед; выборка 2 485 педагогов,"60% педагогов преподают меньше 20 часов в неделю — портфельная карьера, недозагрузка.","Most music teachers surveyed appear to teach part time, with 60% of teachers reporting they provide lessons for less than 20 hours per week.",https://www.abrsm.org/sites/default/files/2023-08/web_abrsm-making-music-uk-21.pdf,2021,"Веб: рынок, цены уроков, статистика"
472,педагог вокала,боль,3,Веб: ABRSM Making Music 2021 (PDF),41% педагогов,Качество звука в видеосвязи — ключевая техническая боль онлайн-уроков (особенно критично для вокала).,41% of teachers report poor internet access and poor sound quality from video conferencing software as a challenge for their pupils during lockdown,https://www.abrsm.org/sites/default/files/2023-08/web_abrsm-making-music-uk-21.pdf,2021,"Веб: рынок, цены уроков, статистика"
473,педагог вокала,желание,2,Веб: ABRSM Making Music 2021 (PDF),55% будут давать онлайн-уроки; 87% успешно перешли в онлайн,"Педагоги хотят гибрид: 55% оставят онлайн как резерв, но почти все предпочитают очные уроки.",Over half (55%) of music teachers said they were likely to offer online classes after the lockdown particularly as a backup or as an alternative way to get around logistical barriers. ... almost all music teachers said they were looking forward to returning to face-to-face lessons.,https://www.abrsm.org/sites/default/files/2023-08/web_abrsm-making-music-uk-21.pdf,2021,"Веб: рынок, цены уроков, статистика"
474,педагог вокала,желание,2,Веб: ABRSM Making Music 2021 (PDF),61% педагогов,"Педагоги видят главный фактор прогресса в мотивации и практике ученика между уроками — то, что они плохо контролируют.","61% of teachers say that motivation, practice, commitment, and enthusiasm are the key factors in ensuring learners make progress",https://www.abrsm.org/sites/default/files/2023-08/web_abrsm-making-music-uk-21.pdf,2021,"Веб: рынок, цены уроков, статистика"
475,студент-новичок/любитель,желание,2,Веб: ABRSM Making Music 2021 (PDF),качественный вывод исследования MEPG в отчёте ABRSM,Самозапись помогает ученикам слышать себя — подтверждение ценности записи/разбора.,MEPG report that some learners found recording themselves particularly helpful in building their self-awareness.,https://www.abrsm.org/sites/default/files/2023-08/web_abrsm-making-music-uk-21.pdf,2021,"Веб: рынок, цены уроков, статистика"
476,студент-будущий профи,триггер покупки,2,Веб: ABRSM Making Music 2021 (PDF),>100 000 кандидатов за ~6 месяцев,Спрос на экзамены по видеозаписи: 100 тыс.+ кандидатов за полгода — записи выступлений становятся нормой оценки.,"In autumn 2020, ABRSM launched a new assessment called the Performance Grade, based on a recorded performance ... By March 2021, more than 100,000 candidates in the UK had entered the Performance Grade.",https://www.abrsm.org/sites/default/files/2023-08/web_abrsm-making-music-uk-21.pdf,2021,"Веб: рынок, цены уроков, статистика"
477,студент-новичок/любитель,желание,2,"Веб: Chorus America, Chorus Impact Study 2019",54 млн; 17% (2019) против 14% (2008); 270 000 хоров; >1 из 5 домохозяйств с поющим членом семьи,"США: 54 млн+ человек поют в хорах, доля растёт — большой рынок взрослых любителей.",More than 54 million Americans sing in choruses ... 17% of Americans sing in choruses (up from 14% in 2008),https://chorusamerica.org/resource/chorus-impact-study-singing-lifetime,2019,"Веб: рынок, цены уроков, статистика"
478,владелец школы,триггер покупки,2,"Веб: Mordor Intelligence, Online Music Education Market","$3,9 млрд (2025), CAGR 15,23%; гибрид 16,6% CAGR; Северная Америка 35,05%",Рынок онлайн-музыкального образования растёт ~15% в год; гибридные модели растут быстрее всего; Северная Америка — 35% выручки.,2025: USD 3.9 billion; 2026: USD 4.61 billion; 2031: USD 9.36 billion; CAGR (2026-2031): 15.23% ... App-based solutions led with 50.75% of 2025 revenue. Hybrid platforms are expanding at 16.6% CAGR.,https://www.mordorintelligence.com/industry-reports/online-music-education-market,2026,"Веб: рынок, цены уроков, статистика"
479,владелец школы,триггер покупки,1,"Веб: Mordor Intelligence, Online Music Education Market","драйвер +2,4 п.п. к CAGR; фортепиано 38,85% выручки","ИИ-обратная связь по интонации — один из драйверов рынка; игроки: Yousician, JoyTunes (Simply), Flowkey, Skoove, Lessonface. Вокал в отчёте отдельной долей не выделен.","AI-enabled real-time feedback with ""91.9% accuracy"" on pitch/rhythm (+2.4%)",https://www.mordorintelligence.com/industry-reports/online-music-education-market,2026,"Веб: рынок, цены уроков, статистика"
