n,source,date,author_role,category,intensity,pain,quote,agreement,workaround,wtp,barriers,url,zone
0,r/MusicTeachers,2024-09-23,владелец/директор частной школы,набор-отток-маркетинг,2,"Потеря лидов: каждый пропущенный звонок/заявка уходит к конкуренту, нужна дисциплина обработки входящих","Scaling in this business is multi-faceted... answer the phone when someone calls, call back missed calls, don't let people slip through the cracks. If you aren't the one that helps them, they're just going to the next place.",AMA с 30+ вопросами владельцам/будущим владельцам; вопросы про первых учеников повторяются,"Сам отвечает на звонки, перезванивает, Google Calendar на старте",,,https://www.reddit.com/r/MusicTeachers/comments/1fnpyzv/ive_grown_a_music_school_from_0100_studentsweek/lolgf1l/,Reddit: владельцы частных музыкальных школ
1,r/MusicTeachers,2024-09-23,владелец/директор частной школы,технологии-LMS-приватность,1,"При росте школы разрозненные инструменты (Square + Google Calendar) перестают работать, нужна консолидация","For a while, I used a combination of Square and Google Calendar, but as the business grew it needed to be consolidated and I eventually went with My Music Staff as I had experience with it from a previous position.",Вопрос о софте для комнат и педагогов задан в треде отдельно другим пользователем,Переход на My Music Staff,Школа платит за My Music Staff (подписка),Выбор по прошлому опыту работы с инструментом,https://www.reddit.com/r/MusicTeachers/comments/1fnpyzv/ive_grown_a_music_school_from_0100_studentsweek/loldarx/,Reddit: владельцы частных музыкальных школ
2,r/MusicTeachers,2024-09-23,владелец/директор частной школы,качество-методика-обучение-педагогов,1,В школе из 10 педагогов нет единой системы ведения уроков и заметок о прогрессе — у каждого свой блокнот,"We use a scheduling and billing program called My Music Staff to help with organization, but aren't using a standardized program for facilitating lessons. Each teacher can determine what method they use. This can be a spiral bound notebook where updates are listed each week",нет данных,"Каждый педагог сам: тетрадь, методичка, цифровые ноты",,,https://www.reddit.com/r/MusicTeachers/comments/1fnpyzv/ive_grown_a_music_school_from_0100_studentsweek/lop2q57/,Reddit: владельцы частных музыкальных школ
3,r/MusicTeachers,2024-09-23,владелец/директор частной школы,найм-удержание-педагогов,2,Уход педагога-мультиинструменталиста оголяет сразу несколько направлений; риск замены,It's hard to replace a piano teacher with 10 piano and 5 trombone students without hiring 2 teachers.,нет данных,"Нанимать больше специалистов, планировать «studio allocation» по инструментам",,,https://www.reddit.com/r/MusicTeachers/comments/1fnpyzv/ive_grown_a_music_school_from_0100_studentsweek/lop4opi/,Reddit: владельцы частных музыкальных школ
4,r/MusicTeachers,2024-09-23,владелец/директор частной школы,оплаты-финансы,1,"Тонкая маржа: фиксированная месячная плата с семей vs почасовая оплата педагогам, 5-недельные месяцы съедают прибыль",It varies depending on how many weeks there are in the month as the studio makes the same amount but teachers are paid more for 5 week months. Usually between $5500 and $6000,нет данных,"Flat $140/month, педагогам $30–34/час","Ориентир экономики: ~100 учеников, 10 педагогов, прибыль $5.5–6k/мес",,https://www.reddit.com/r/MusicTeachers/comments/1fnpyzv/ive_grown_a_music_school_from_0100_studentsweek/lop7fqj/,Reddit: владельцы частных музыкальных школ
5,r/MusicTeachers,2024-09-23,владелец/директор частной школы,набор-отток-маркетинг,2,Платная реклама на бесплатный пробный урок вокала даёт неплатёжеспособных лидов и no-show,I am getting a lot of broke people who show up and don't want to pay and or no-show on their trial lessons. I am in miami.,нет данных,Facebook ads на бесплатный пробный урок,"Сама платит за рекламу; вокал $99/час, $360/4 урока",,https://www.reddit.com/r/MusicTeachers/comments/1fnpyzv/ive_grown_a_music_school_from_0100_studentsweek/lr10aw6/,Reddit: владельцы частных музыкальных школ
6,r/MusicTeachers,2024-09-23,педагог частной школы,расписание-комнаты-отмены,2,"Переход из домашней студии в коммерческое помещение: шум, аренда $1700+/мес — большой скачок затрат","One of the biggest challenges I'm facing right now is to find a proper commercial space. Most places that rent out rooms also have other tenants (such as therapists, lawyers..etc.) in the same building already and it's pretty much impossible to do anything loud",нет данных,Уроки в домашней студии,,,https://www.reddit.com/r/MusicTeachers/comments/1fnpyzv/ive_grown_a_music_school_from_0100_studentsweek/m64js3d/,Reddit: владельцы частных музыкальных школ
7,r/MusicTeachers,2026-06-01,владелец/директор частной школы,найм-удержание-педагогов,2,"Конфликт восприятия: педагоги считают долю школы несправедливой, владелец несёт расходы на аренду, админку, маркетинг","When you hire teachers, you become the ""big bad school"" that charges students $60 and pays teachers $30","Несколько владельцев в треде поддерживают (""I agree with a lot of this"")",,,,https://www.reddit.com/r/MusicTeachers/comments/1ttesiz/been_seeing_a_lot_of_posts_about_music_school_pay/op5dh5x/,Reddit: владельцы частных музыкальных школ
8,r/MusicTeachers,2026-06-01,неясно,администрация-бюрократия,1,"Ценность школы для педагога — снятие админки (набор, биллинг, отработки); это и есть операционная нагрузка на школу","Not all teachers want to spend time recruiting, billing, tracking makeups, etc, and schools usually have staff that does that.",Согласие с предыдущим комментарием владельца,Школа держит админ-персонал,,,https://www.reddit.com/r/MusicTeachers/comments/1ttesiz/been_seeing_a_lot_of_posts_about_music_school_pay/op5sc0e/,Reddit: владельцы частных музыкальных школ
9,r/MusicTeachers,2026-06-01,владелец/директор частной школы,выгорание-нагрузка-оплата,2,"Типовая модель школ воспринимается как эксплуатация; владелец, платящий честно, получает тонкую маржу","my personal experience has been that most schools are exploitative and underpay their teachers while charging market rate from parents (e.g., paying $25-30/hour when charging parents $100+/hour)",Тред о низкой оплате в школах — «seeing a lot of posts about music school pay»,"Платит $50–75/час, берёт $100–150, целевая маржа 40–50%, уровни педагогов по опыту",,,https://www.reddit.com/r/MusicTeachers/comments/1ttesiz/been_seeing_a_lot_of_posts_about_music_school_pay/op73aql/,Reddit: владельцы частных музыкальных школ
10,r/MusicTeachers,2026-06-01,владелец/директор частной школы,оплаты-финансы,2,"Высокие постоянные расходы (аренда, страховка) при модели 1099-подрядчиков","music schools for private lessons aren't hiring teachers as employees we hire them as independent contractors. we still have high overheads like rent for prime locations, internet, utitlies etc. and provide things like liability insurance",Ещё один владелец в треде: «This is a tough business»,Педагоги как independent contractors,,Классификация 1099 vs W-2,https://www.reddit.com/r/MusicTeachers/comments/1ttesiz/been_seeing_a_lot_of_posts_about_music_school_pay/oq6mbjt/,Reddit: владельцы частных музыкальных школ
11,r/MusicTeachers,2026-06-01,владелец/директор частной школы,администрация-бюрократия,2,"Владелец тащит на себе всё: страховка, аренда, оборудование, бронирование, payroll","carrying liability insurance, paying the rent, being sure the Wi-Fi is working, air-conditioning, decent parking area, and buying real good equipment to work with as well as doing all the booking administration and payroll. I’d say that’s worth half if not more.",Поддержка других владельцев в треде,,,,https://www.reddit.com/r/MusicTeachers/comments/1ttesiz/been_seeing_a_lot_of_posts_about_music_school_pay/op6tjkw/,Reddit: владельцы частных музыкальных школ
12,r/MusicTeachers,2026-08-27,K-12 педагог,найм-удержание-педагогов,3,Педагоги массово советуют друг другу уходить из студий — прямая угроза удержанию кадров для владельцев,Studios are a scam. It's passive income for the owner and you're doing all the work. Get out now.,"Большинство комментариев в треде: «start your own studio», «They’ve made a lot of money off you»","Уход в public school, собственная студия, аренда комнаты в музыкальном магазине",,,https://www.reddit.com/r/MusicTeachers/comments/1vzibdz/feeling_underpaid_undervalued_and_the_dead_end_of/p65d1sv/,Reddit: владельцы частных музыкальных школ
13,r/MusicTeachers,2026-08-27,педагог частной школы,оплаты-финансы,2,"Студии едва сводят концы с концами, при этом им не хватает денег на повышение ставок педагогам",LessoN studio are not magic money machines. Most of the time they're barely keeping the lights on,ОП частично соглашается («There was some investment to made»),,,,https://www.reddit.com/r/MusicTeachers/comments/1vzibdz/feeling_underpaid_undervalued_and_the_dead_end_of/p67cbr9/,Reddit: владельцы частных музыкальных школ
14,r/MusicTeachers,2026-08-27,педагог частной школы,найм-удержание-педагогов,3,Нет роста ставки и карьерной лестницы в студии — педагог с 10-летним стажем (~$22/час) уходит,"People don’t generally work for people year after year without getting raises, or options for advancement, or something. :(",Много комментариев с похожими ставками и советом уходить,Сокращает дни в студии и строит свою клиентскую базу,,,https://www.reddit.com/r/MusicTeachers/comments/1vzibdz/feeling_underpaid_undervalued_and_the_dead_end_of/p6d84fe/,Reddit: владельцы частных музыкальных школ
15,r/MusicTeachers,2026-08-27,педагог частной школы,найм-удержание-педагогов,2,Контракторская модель (1099) воспринимается педагогами как тупик; W-2 и лист ожидания — конкурентное преимущество школы в найме,Those independent contractor jobs are a dead end. All I have to do is show up and teach.,нет данных,Переход в частную школу с W-2 позицией,,,https://www.reddit.com/r/MusicTeachers/comments/1vzibdz/feeling_underpaid_undervalued_and_the_dead_end_of/p679ja6/,Reddit: владельцы частных музыкальных школ
16,r/MusicTeachers,2026-08-27,педагог частной школы,оплаты-финансы,1,"Сбор оплат и клиентский сервис — то, от чего педагоги готовы отказаться ради работы в школе",I don’t like the customer service part at all. I’d much prefer to farm that out to someone else. Especially the collecting the money part.,нет данных,Работа через школу,,,https://www.reddit.com/r/MusicTeachers/comments/1vzibdz/feeling_underpaid_undervalued_and_the_dead_end_of/p684354/,Reddit: владельцы частных музыкальных школ
17,r/MusicTeachers,2026-01-30,неясно,найм-удержание-педагогов,2,"Высокая текучесть и учеников, и педагогов в музыкальных школах/магазинах","Local music schools/music stores, are pretty much known for churning out students and teachers and you never get the same people for even a year or two.",Другой комментарий: «The pay structure tells you a lot about how they view personnel (disposable)»,Совет открывать свою студию,,,https://www.reddit.com/r/MusicTeachers/comments/1qrjhtz/local_music_school_rates/o2p1mw9/,Reddit: владельцы частных музыкальных школ
18,r/MusicTeachers,2026-01-30,владелец/директор частной школы,качество-методика-обучение-педагогов,1,Владелец оценивает педагога по удержанию учеников и рефералам («don’t lose business») — нужна видимость вклада педагога,"If you fit in well, act like a pro, show up, don’t lose business, and if your work with the students leads to more referrals for them you BETTER ask for a raise after 6 months or next company tuition bump.",нет данных,Повышение ставки через 6 месяцев по результатам,,,https://www.reddit.com/r/MusicTeachers/comments/1qrjhtz/local_music_school_rates/o341m1e/,Reddit: владельцы частных музыкальных школ
19,r/smallbusiness,2025-04-10,неясно,расписание-комнаты-отмены,2,Педагоги-музыканты отменяют уроки ради гигов — постоянные отмены и замены в школе,"Just find someone new. It's common with musicians. They will always prioritize gigs over lessons. If they get booked for a tour, off they go.","Несколько комментариев: «This is pretty typical when employing artists», «Yep, I always bail on lessons to do gigs»","Держать запасных педагогов, увольнять ненадёжных",,,https://www.reddit.com/r/smallbusiness/comments/1jw36ak/employee_taking_too_much_time_off/mmf4w3o/,Reddit: владельцы частных музыкальных школ
20,r/smallbusiness,2025-04-10,владелец/директор частной школы,расписание-комнаты-отмены,2,В школе на 19 педагогов нужна система замен — отгулы неизбежны,"I manage 19 teachers and we teach over 500 lessons per week... Set up a system for subs so when teachers inevitably want time off for a gig, you have a good replacement teacher ready",Согласуется с другими владельцами в треде,"Консолидировать расписание педагога в полные дни, пул замещающих педагогов",,,https://www.reddit.com/r/smallbusiness/comments/1jw36ak/employee_taking_too_much_time_off/mmilt6i/,Reddit: владельцы частных музыкальных школ
21,r/smallbusiness,2025-04-10,владелец/директор частной школы,найм-удержание-педагогов,2,Для педагогов школа — не основная работа; отмены в последний момент,"I tell new hires that although I know that my school is not their main thing, it IS mine, and so while the occasional last-minute cancellation is ok, it can't become the norm.",В треде многократно,"Требует несколько дней уведомления, увольняет при частых отменах",,,https://www.reddit.com/r/smallbusiness/comments/1jw36ak/employee_taking_too_much_time_off/mmlqglh/,Reddit: владельцы частных музыкальных школ
22,r/smallbusiness,2023-08-09,владелец/директор частной школы,расписание-комнаты-отмены,2,Расписание/переносы/часовые пояса в онлайн-школе — нет подходящего CRM,"The big hassle is: scheduling, rescheduling, booking multiple classes at the same, handling timezones for teachers & students.","Рекомендуют My Music Staff, Opus 1, GHL",Oncehub + Zoom + Google Calendar + WordPress + Zapier,Школа ищет платный CRM,,https://www.reddit.com/r/smallbusiness/comments/15m66fz/music_school_crm/,Reddit: владельцы частных музыкальных школ
23,r/MusicTeachers,2026-02-26,владелец/директор частной школы,технологии-LMS-приватность,2,"Ни один софт (MMS, Fons, Teachworks, Opus1) не закрывает воронку лидов, отработки, учебную программу, метрики оттока и единую систему педагог+родитель",I still struggle with: Tracking leads → trial → active students Automatic workflows Curriculum management Automating follow-ups Managing make-ups cleanly Seeing clear retention/churn numbers Having one clean system for teachers + parents,"«I’ve heard this same frustration from a lot of school owners», «this is literally the gap i keep hearing about from studio owners»",Софт для расписания + Stripe + таблицы для лидов + заметки для программы + ручные напоминания,"Уже платит за несколько платформ, перебрал 4",Стоимость миграции,https://www.reddit.com/r/MusicTeachers/comments/1rfizqk/music_school_owners_am_i_the_only_one_struggling/,Reddit: владельцы частных музыкальных школ
24,r/MusicTeachers,2026-02-26,неясно,технологии-LMS-приватность,2,"Биллинг и расписание решены; не решены удержание, видимость оттока, отработки","Scheduling and billing are mostly “solved” problems at this point. But the stuff around the edges — leads → trials → active students, clean make-up tracking, follow-ups, retention visibility — that’s where things still feel duct-taped together.","Согласие с постом, несколько вендоров в треде","Спреадшиты, ручные напоминания",,,https://www.reddit.com/r/MusicTeachers/comments/1rfizqk/music_school_owners_am_i_the_only_one_struggling/o8gqzio/,Reddit: владельцы частных музыкальных школ
25,r/MusicTeachers,2026-01-11,неясно,технологии-LMS-приватность,1,"My Music Staff: много кликов, сверка счетов с посещаемостью; переход на другой софт пугает трудозатратами",I’ve used MMS for many years now and agree with the above comment about so many clicks to get to information. Especially if I’m checking invoices and want to compare to attendance. I’ve heard Fons is a lot more intuitive and have considered making the switch but it’s so much research and work,«I agree fully ! This can get time consuming especially if you manage multiple teachers»,Остаётся на MMS,Платит за MMS,Высокая стоимость переключения (research and work),https://www.reddit.com/r/MusicTeachers/comments/1q9wthb/for_those_using_my_music_staff_what_still_feels/nz74nqk/,Reddit: владельцы частных музыкальных школ
26,r/MusicTeachers,2026-01-11,владелец/директор частной школы,технологии-LMS-приватность,2,"Жёсткость MMS, костыли через Zapier; поиск альтернативы (Pike13 не подошёл по биллингу)","Everything honestly. It's so rigid, lacks flexibility. I think I can achieve something using Zapier, then it opens up another 5 problems. I'm constantly looking for the right solution so I can migrate out of MMS.",«For Multi-teacher studio I have not been able to find a better pick... But I agree it is too manual»,"Zapier, пробовал Pike13",Готов мигрировать на платную альтернативу,Требования к биллингу,https://www.reddit.com/r/MusicTeachers/comments/1q9wthb/for_those_using_my_music_staff_what_still_feels/p2ukxcq/,Reddit: владельцы частных музыкальных школ
27,r/MusicTeachers,2026-01-11,педагог частной школы,технологии-LMS-приватность,1,Роли и права в софте школы: педагог не может менять своё регулярное расписание без админа,Needing admin privileges to make recurring schedule changes (assuming that my boss is being truthful when they say it's not something they can toggle),нет данных,Через владельца,,,https://www.reddit.com/r/MusicTeachers/comments/1q9wthb/for_those_using_my_music_staff_what_still_feels/nyzl4nm/,Reddit: владельцы частных музыкальных школ
28,r/pianoteachers,2025-11-26,педагог частной школы,качество-методика-обучение-педагогов,2,"Баланс контроля качества: владелец либо отсутствует, либо микроменеджит; своя методика требует обучения педагогов","Don’t be an absent owner... Don’t be a micromanager. We don’t need you checking in after every god damn lesson 4. Vet your teachers... Make sure they can actually PLAY THE PIANO!!! 5. If you’re building your own curriculum, teach the teachers how to teach it","ОП: «communication and check ins are key», «shocked at the number of places Ive taught that didnt actually see if I could play piano»","Регулярная коммуникация 1–2 раза в месяц, обучение педагогов методике",,,https://www.reddit.com/r/pianoteachers/comments/1p7l4vd/hiring_an_associate/nqyuyuu/,Reddit: владельцы частных музыкальных школ
29,r/pianoteachers,2025-11-26,владелец/директор частной школы,родители,2,"Владелец теряет связь с семьями, когда уроки ведут наёмные педагоги (особенно выездные)",I was shocked to learn at my last studio (also in home) one of my families hadn't heard from the owner in 2 years.,нет данных,Планирует ограничиться 50–60 учениками и выстроить программу с целями и маркерами прогресса,,,https://www.reddit.com/r/pianoteachers/comments/1p7l4vd/hiring_an_associate/nqz0aqs/,Reddit: владельцы частных музыкальных школ
30,r/pianoteachers,2025-11-26,педагог частной школы,найм-удержание-педагогов,3,Уход одного педагога с 66 учениками — хаос; знания о учениках уходят вместе с педагогом,"When I gave my 2 weeks notice, I had 66 students total and the boss panicked, hired the first person that came in and I let chaos reign after I left",Ответ: «I gave my 2 weeks notice with 20 students and I think 18 of them stayed with me»,Спешный найм,,,https://www.reddit.com/r/pianoteachers/comments/1p7l4vd/hiring_an_associate/nqzaooj/,Reddit: владельцы частных музыкальных школ
31,r/pianoteachers,2025-11-26,педагог частной школы,набор-отток-маркетинг,3,Ученики уходят вслед за педагогом — школа теряет клиентов при уходе кадра,I gave my 2 weeks notice with 20 students and I think 18 of them stayed with me because of how much trouble/frustration they'd had with the company.,Согласуется с предыдущим комментарием,,,,https://www.reddit.com/r/pianoteachers/comments/1p7l4vd/hiring_an_associate/nqzbalr/,Reddit: владельцы частных музыкальных школ
32,r/pianoteachers,2024-07-11,владелец/директор частной школы,оплаты-финансы,3,Законодательство (CA AB5) вынуждает переводить подрядчиков в сотрудников — стоимость педагога 67% выручки,"AB5 decimated the artist/musician sector, and we converted all instructors from freelance to employee. We pay $26.19 an hr with 7% PTO... the true cost for an hr of teacher time is about $36-$37 an hr which is about 67% of tuition.","Другой владелец из CA: «I used to hire the teachers as independent contractors, but that had to change recently so they are all now employees»","Перевод в W-2, оплата за выделенное время, flat monthly fee, CPA ведёт payroll",Платит CPA/payroll,"AB5, налоги работодателя",https://www.reddit.com/r/pianoteachers/comments/1e0dirb/hiring_teachers_at_my_studio/lcsyw1x/,Reddit: владельцы частных музыкальных школ
33,r/pianoteachers,2024-07-11,владелец/директор частной школы,администрация-бюрократия,3,Страховка и выбор 1099/W-2 блокируют переход от соло-студии к школе,"My home insurance allows me to teach, but not hire others... Secondly, are the other teachers contract or employee?... In the end, it was too complicated for me to have another teacher come in. :(",ОП: «I’ll give my insurances a call and double check»,Отказ от найма,,"Страховка, классификация работников",https://www.reddit.com/r/pianoteachers/comments/1e0dirb/hiring_teachers_at_my_studio/lcnnobk/,Reddit: владельцы частных музыкальных школ
34,r/pianoteachers,2024-07-11,владелец/директор частной школы,найм-удержание-педагогов,1,Найм педагогов через job-борды дорог,Hiring via job postings is hella expensive. Anyone have suggestions on where to post for best results?,нет данных,"Indeed, рефералы",Платит за вакансии,,https://www.reddit.com/r/pianoteachers/comments/1e0dirb/hiring_teachers_at_my_studio/lcxf2at/,Reddit: владельцы частных музыкальных школ
35,r/pianoteachers,2024-01-27,владелец/директор частной школы,набор-отток-маркетинг,2,Проблема курицы и яйца: балансировать набор учеников и найм педагогов при расширении,Question: What comes first the students or the teachers?... I plan on running a PPC campaign to drive leads but I'm nervous if I launch the campaign and have no teachers where do I put the students.,Несколько ответов с опытом; «Both at the same time»,"Передавать свой лист ожидания новому педагогу, постепенно добавлять смены",Готова платить за PPC-рекламу,,https://www.reddit.com/r/pianoteachers/comments/1ac98x3/how_do_i_get_teachers_wo_students_new_studio/,Reddit: владельцы частных музыкальных школ
36,r/pianoteachers,2024-09-17,владелец/директор частной школы,набор-отток-маркетинг,2,"Новое направление (вокал) не заполняется, несмотря на спрос и маркетинг","I recently hired a voice instructor because I was receiving a lot of requests for voice lessons. This voice instructor is amazing, however no one has booked a lesson yet.","Советы: концерты, скидки на мультизапись, home school charters","Соцсети, сайт, флаеры в студии",,,https://www.reddit.com/r/pianoteachers/comments/1fj57z3/marketing_for_studio_owners/,Reddit: владельцы частных музыкальных школ
37,r/pianoteachers,2024-09-17,владелец/директор частной школы,набор-отток-маркетинг,1,Поиск стабильных каналов набора — чартеры для домашнего обучения и субсидии,We bounce between 40-50 voice students and 400-500 lessons a week between our two locations. One of our primary sources of clients is home school charters and government subsidized lessons.,Подтверждено в другом треде: «apply to be a vendor. Then the kids get their lessons paid by the school»,Статус вендора у homeschool charters,Платят homeschool charter / государственные субсидии,"Регистрация вендором, отчётность перед чартером",https://www.reddit.com/r/pianoteachers/comments/1fj57z3/marketing_for_studio_owners/lnny777/,Reddit: владельцы частных музыкальных школ
38,r/Entrepreneur,2023-08-17,владелец/директор частной школы,набор-отток-маркетинг,2,"Падение органических лидов при дорогой аренде ($3k+/мес), 150 учеников, 8 педагогов",We used to get quite a few organic leads and inquiries through our website. But that has slowed down considerably over the last year.,Маркетолог: «your organic leads have likely slowed down because competition is outranking you in maps»,"FB ads, Google Business, сарафан, бесплатные групповые классы","Платит за FB ads, рассматривает Google Ads и агентства",,https://www.reddit.com/r/Entrepreneur/comments/15trubn/need_marketing_help_for_a_music_school/,Reddit: владельцы частных музыкальных школ
39,r/smallbusiness,2025-02-16,владелец/директор частной школы,набор-отток-маркетинг,3,"После COVID: закрытие филиалов, дефицит педагогов, дети выбирают спорт","Teachers were scarce, and most kids were still all-in on sports over music.",нет данных (комментариев нет),"Онлайн-пивот, повторная попытка роста",,,https://www.reddit.com/r/smallbusiness/comments/1iqzhwj/any_music_school_owners_out_there_how_are_things/,Reddit: владельцы частных музыкальных школ
40,r/pianoteachers,2023-11-07,неясно,набор-отток-маркетинг,2,"Спорт вытесняет музыку и в расписании, и в практике","Soccer, baseball, volleyball and basketball practices that are more important than piano lessons and practicing.","«Lmao this is the unbeatable top answer», «This times 10», «these activities are also prioritized in scheduling»",,,,https://www.reddit.com/r/pianoteachers/comments/17q5eps/piano_teachers_of_reddit_what_is_the_most/k8be5c8/,Reddit: владельцы частных музыкальных школ
41,r/MusicTeachers,2025-10-08,владелец/директор частной школы,оплаты-финансы,2,Концерты (recitals) растут и начинают приносить убытки,"I recently spoke with a studio owner who was losing thousand in each performance, and another who was profiting thousands.",«Recital should either be a break even thing or a profit thing»,"Закладывать стоимость в обучение, продажа билетов, рекламы в буклете",Родители платят recital fee / билеты,,https://www.reddit.com/r/MusicTeachers/comments/1o1dz05/do_your_recitals_lose_money_or_make_money_for/,Reddit: владельцы частных музыкальных школ
42,r/pianoteachers,2026-01-19,неясно,администрация-бюрократия,2,"Организация концерта — огромный неоплачиваемый труд, ученики отказываются в последний момент","I get to resent sound recitals because I would spend so much time prepping students, rental facilities, designing programs, getting refreshments... Lugged my PA. to the venue and set it up. A full days work! The inevitability a couple students would back out",Много комментариев о покрытии затрат на recital,"Recital fee, закладка в месячную плату",Родители $20–70 за recital,,https://www.reddit.com/r/pianoteachers/comments/1qheqwn/recital_fees_too_high_or_reasonable/o0k706x/,Reddit: владельцы частных музыкальных школ
43,r/pianoteachers,2026-01-19,владелец/директор частной школы,родители,1,Владелец сам снимает и монтирует видео концерта ночью — родители ценят качественную запись,"Video and editing is done in-house (me + my partner)... Parents also do take their own videos, but they've told me they really appreciate my video due to the more stable angle and better sound!",нет данных,"Монтаж своими силами, фотограф за деньги",Родители ценят видео; оплата в составе recital fee $20–25,,https://www.reddit.com/r/pianoteachers/comments/1qheqwn/recital_fees_too_high_or_reasonable/o0jq5a7/,Reddit: владельцы частных музыкальных школ
44,r/smallbusiness,2025-03-15,владелец/директор частной школы,администрация-бюрократия,2,Лицензирование музыки (ASCAP) для концертов — бюрократия и затраты,I found out that I needed an ASCAP license for my students to play music at their recitals. This is a major hassle,нет данных,Играть public domain,Платит ASCAP,,https://www.reddit.com/r/smallbusiness/comments/1jc5ri8/ascap_licensing_anyone/,Reddit: владельцы частных музыкальных школ
45,r/smallbusiness,2024-03-18,владелец/директор частной школы,качество-методика-обучение-педагогов,2,Единая методика противоречит статусу подрядчика: контроль методики = сотрудник = налоги,She is focused on delivering a specific curriculum to young learners and would expect the teacher to adhere to this. I had a few questions I believe you cannot hire someone as independent contractors if you control timings and how they perform their work.,нет данных,,,"1099 vs W-2, payroll taxes",https://www.reddit.com/r/smallbusiness/comments/1bhzxxr/hiring_part_time_teachers_for_music_studio/,Reddit: владельцы частных музыкальных школ
46,r/MusicTeachers,2026-09-21,владелец/директор частной школы,родители,2,"Родители требуют документы педагогов (ID, background check) — конфликт безопасности детей и приватности сотрудников","A huge part of our program are at-home lessons, the teachers are going into homes... I also do thorough background checks on my hires","25+ комментариев, мнения разделились; упоминание CA permit и канадского Vulnerable Sector check","Передать background check с согласия педагога, скрыв адрес",,"Приватность данных сотрудников, safeguarding-требования штатов",https://www.reddit.com/r/MusicTeachers/comments/1wmneyt/parents_want_copy_of_id_or_background_check/,Reddit: владельцы частных музыкальных школ
47,r/MusicTeachers,2025-05-02,педагог частной школы,выгорание-нагрузка-оплата,3,"«Конвейер» в музыкальных академиях: нет оплаты каникул, неоплачиваемая админка (концерты, аранжировки)","Currently my main gig is teaching in Music Academies- a conveyer belt of ~10 students per day, no pay through the holidays, no lunchbreak, no staffroom","UK peri-педагог: «You also don't get paid for any of that planning, organising, concerts»",Уход в PGCE/школьное преподавание,,,https://www.reddit.com/r/MusicTeachers/comments/1kcx2z7/music_teaching_in_the_uk/,Reddit: владельцы частных музыкальных школ
48,r/pianoteachers,2025-01-15,педагог частной школы,выгорание-нагрузка-оплата,2,Плотное расписание без перерывов в студии — страх падения качества,I teach at a studio and is booked 5 hours straight (no break). It's...not exactly what I expected you could say.,нет данных (комментарии не читались),,,,https://www.reddit.com/r/pianoteachers/comments/1i1zotb/teachers_what_are_your_hours_like_in_studios/,Reddit: владельцы частных музыкальных школ
49,r/pianoteachers,2024-12-24,педагог частной школы,найм-удержание-педагогов,2,"Школы закрывают контакты родителей (защита от увода клиентов), жёсткие правила отработок; педагог планирует уйти в свою студию","the parents are billed automatically, so lessons I miss must be subbed out or rescheduled, never cancelled... one of the studios doesn't even let me have parent email addresses","нет данных (пост продублирован, комментариев нет)",,,,https://www.reddit.com/r/pianoteachers/comments/1hli2b4/ethics_of_switching_from_a_studio_where_im_an/,Reddit: владельцы частных музыкальных школ
50,r/smallbusiness,2026-05-21,владелец/директор частной школы,администрация-бюрократия,2,Владелица вокальной студии не успевает с админкой и маркетингом,"I own a music studio where I do everything - teach voice lessons, do camps, teach music camps, direct performances, etc. The admin and marketing/sales needs are not being met because I'm so busy.",нет данных (комментарии не загрузились),,«I am willing to spend for something that ups my marketing» — платит владелец,Бюджет («won't break the bank»),https://www.reddit.com/r/smallbusiness/comments/1tjv7ii/best_crmmarketing_appsoftware_for_a_oneperson/,Reddit: владельцы частных музыкальных школ
51,r/MusicTeachers,2025-11-09,педагог частной школы,оплаты-финансы,2,"В сетевой школе при музыкальном магазине (Music & Arts) платят только за проведённые уроки: отмены учеников оставляют педагога без зарплаты, а учеников школа почти не даёт",There was one time I literally did not receive a paycheck because I only had one student who cancelled/rescheduled two consecutive weeks of lessons. I don't think I've ever had more than four or five regular students at any given time.,"Много согласий: «Just a bad job», «Music and Arts is terrible to work for. Ive seen it repeatedly in teacher groups», «one of the worst places to both give and take lessons»",Советуют уходить в независимую практику или арендовать комнату в местном магазине,,,https://www.reddit.com/r/MusicTeachers/comments/1osc837/i_cant_tell_if_im_bad_at_teaching_or_if_teaching/,Reddit: педагоги частных музыкальных школ (наёмные)
52,r/MusicTeachers,2025-11-09,педагог частной школы,набор-отток-маркетинг,1,"Педагог узнаёт об уходе ученика с опозданием: школьная система не сообщает, что постоянные уроки отменены, и уход ученика происходит без всякой обратной связи",the system always sends out an email when a lesson has been cancelled but apparently doesn't send any notification if recurring lessons are axed altogether.,нет данных,"Звонит в магазин, чтобы школа связалась с учеником",,,https://www.reddit.com/r/MusicTeachers/comments/1osc837/i_cant_tell_if_im_bad_at_teaching_or_if_teaching/,Reddit: педагоги частных музыкальных школ (наёмные)
53,r/MusicTeachers,2025-11-09,педагог частной школы,оплаты-финансы,2,"Школа-посредник забирает 50% и больше, а родители воспринимают уроки как покупку товара, а не как работу со специалистом","Any place that takes 50% (or more) of what the student is playing for the teacher is predatory and awful — plus, in my experience, since those places act as a middle man between you and the student, parent’s expectations are very different. They feel more like they’re buying a product versus hiring an expert to teach.",В той же ветке поддерживают: «Never work for the corporate monopoly»,Работать независимым подрядчиком и арендовать комнату у местного магазина за несколько долларов за полчаса,Педагог сам платит за аренду комнаты,,https://www.reddit.com/r/MusicTeachers/comments/1osc837/i_cant_tell_if_im_bad_at_teaching_or_if_teaching/no489j4/,Reddit: педагоги частных музыкальных школ (наёмные)
54,r/MusicTeachers,2025-11-09,педагог частной школы,найм-удержание-педагогов,3,"Сетевые школы при магазинах (Music & Arts, Guitar Center) — ужасные работодатели; педагоги уводят учеников в частную практику",I taught at Music and Sharts for almost 9 years. They’re a horrible company to work for. Poach any student you can and turn them into a house call. Guitar Center is a horrible company to work for.,Поддерживают несколько комментариев в треде,Переманивать учеников и учить их на дому,,,https://www.reddit.com/r/MusicTeachers/comments/1osc837/i_cant_tell_if_im_bad_at_teaching_or_if_teaching/nnwrn2a/,Reddit: педагоги частных музыкальных школ (наёмные)
55,r/MusicTeachers,2025-11-09,педагог частной школы,качество-методика-обучение-педагогов,2,"Сетевые школы берут педагогов без проверки квалификации, поэтому качество преподавания не контролируется","They offered me a job on the spot because I was buying several lesson books. The manager was like ""oh, do you teach?? We could have you setup with students next week!"" Didn't ask a single thing about my skills or qualifications.",«Ive seen it repeatedly in teacher groups»,,,,https://www.reddit.com/r/MusicTeachers/comments/1osc837/i_cant_tell_if_im_bad_at_teaching_or_if_teaching/nny7c85/,Reddit: педагоги частных музыкальных школ (наёмные)
56,r/MusicTeachers,2026-06-01,педагог частной школы,выгорание-нагрузка-оплата,3,"Низкая почасовая оплата, прибавка 2% в год, приходится работать в нескольких школах и ездить между ними, поэтому педагоги уходят в свою студию","I lived it for years, three schools, driving all over, barely making $30 an hour, getting 2% raises every year. Eventually went independent and built my own private studio.",Пост начинается словами «Seen a lot of posts here about the pay reality at music schools»; тот же пост продублирован в r/pianoteachers,"Уйти в свою студию и брать с семей столько же, сколько школа",,,https://www.reddit.com/r/MusicTeachers/comments/1ttesiz/been_seeing_a_lot_of_posts_about_music_school_pay/,Reddit: педагоги частных музыкальных школ (наёмные)
57,r/MusicTeachers,2024-09-20,педагог частной школы,выгорание-нагрузка-оплата,2,Даже по высшей ставке в школе ($27/ч) и при малом числе часов доход ниже черты бедности,"Just did the math on giving private lessons at a music school - even at the highest pay scale, I still make under the poverty line for my area. I love teaching, but I feel really frustrated at how little I make.","Спорно: одни советуют открыть свою практику, другие считают, что $27/ч — «not great but I’ve seen a lot worse»","Групповые занятия, своя практика, работа в K-8",,,https://www.reddit.com/r/MusicTeachers/comments/1flhpyz/wow_finances_are_bleak/,Reddit: педагоги частных музыкальных школ (наёмные)
58,r/MusicTeachers,2026-08-27,педагог частной школы,найм-удержание-педагогов,2,Работа подрядчиком по 1099 в школах вроде School of Rock или Guitar Center — тупик: нет подтверждённого дохода и стабильности,It is also a W2 position which helps prove your income. Those independent contractor jobs are a dead end. All I have to do is show up and teach.,нет данных,Перешёл на W2 в частную общеобразовательную школу с внешкольными уроками и листом ожидания,Школа (работодатель по W2),,https://www.reddit.com/r/MusicTeachers/comments/1vzibdz/feeling_underpaid_undervalued_and_the_dead_end_of/p679ja6/,Reddit: педагоги частных музыкальных школ (наёмные)
59,r/MusicTeachers,2026-01-30,неясно,оплаты-финансы,2,"Стартовая ставка $27–30/ч при рыночной цене $75/ч: педагоги чувствуют, что их считают расходным материалом","The pay structure tells you a lot about how they view personnel (disposable). Honestly, if the problem with being independent is you really don’t want to do admin work, it could be better to hire somebody part-time to handle your admin work.",Владелец школы: «Take what they offer to start… ask for a raise after 6 months»,Нанять администратора на неполный день и работать самостоятельно,Педагог сам платит за помощь с администрированием,,https://www.reddit.com/r/MusicTeachers/comments/1qrjhtz/local_music_school_rates/o2vr44s/,Reddit: педагоги частных музыкальных школ (наёмные)
60,r/pianoteachers,2025-08-27,педагог частной школы,администрация-бюрократия,2,"Академия оформляет педагога подрядчиком, но полностью его контролирует: запрещает общаться с учениками вне урока, требует бесплатно работать на концертах, не даёт забрать учеников при уходе","handles all communications and scheduling, does not allow teachers to communicate with students directly outside of class, expects teachers to show up for recitals without being paid, teachers cannot change own schedule without approval, teachers cannot keep students when leaving the school etc.","«That all sounds more like being an employee», «Many music schools do this, but it isn't right or even legal»; есть и противоположное: «That's how every music school I have ever worked for has been run»",Отказалась от предложения,,Статус 1099/W-2,https://www.reddit.com/r/pianoteachers/comments/1n16sup/independent_contractor_vs_parttime_employee/,Reddit: педагоги частных музыкальных школ (наёмные)
61,r/pianoteachers,2025-08-27,неясно,оплаты-финансы,2,"Статус подрядчика используют, чтобы не платить налоги и соцпакет",“Independent contractor”in this case means “we don’t want to pay payroll taxes or any benefits for you”.,«The independent contractor bit is a scheme to get out of giving you benefits»,,,Статус 1099/W-2,https://www.reddit.com/r/pianoteachers/comments/1n16sup/independent_contractor_vs_parttime_employee/nb840pd/,Reddit: педагоги частных музыкальных школ (наёмные)
62,r/pianoteachers,2025-09-07,педагог частной школы,выгорание-нагрузка-оплата,3,"15 лет стажа, 38 учеников, около $27k в год: полставки в школе ($60/ч, 1/3 уходит за аренду), домашняя студия запрещена городскими правилами",But I am drowning financially. My partner works extra to make up for my low income,Очень много ответов: «Paying for the space and working for the school is killing you financially»; «Charge more»,"Поднять ставки, ездить к ученикам, брать помесячную оплату с автосписанием, группы, подработка в церкви и аккомпанемент, сертификация для работы в школе",,,https://www.reddit.com/r/pianoteachers/comments/1naqm4k/is_making_a_decent_living_teaching_a_pipe_dream/,Reddit: педагоги частных музыкальных школ (наёмные)
63,r/pianoteachers,2025-09-07,педагог частной школы,оплаты-финансы,2,Наёмный педагог не может влиять на цены и свой доход в школе,"I did a 20% increase this year for my personal students, which is the biggest I've ever done, but I can't control the music school prices.",нет данных,Поднимать цены только для своих частных учеников,,,https://www.reddit.com/r/pianoteachers/comments/1naqm4k/is_making_a_decent_living_teaching_a_pipe_dream/ncvz8ja/,Reddit: педагоги частных музыкальных школ (наёмные)
64,r/pianoteachers,2025-09-07,K-12 педагог,оплаты-финансы,1,"Положительный пример: если учреждение ведёт счета и берёт плату за пропуски, педагог зарабатывает больше и спокойнее","Best part is, parents paid in advance for the marking period and school handled the billing. The school also billed for no-shows",нет данных,"Частные уроки при продлёнке общеобразовательной школы, счета выставляет школа",Родители платят авансом через школу,,https://www.reddit.com/r/pianoteachers/comments/1naqm4k/is_making_a_decent_living_teaching_a_pipe_dream/ncz8g51/,Reddit: педагоги частных музыкальных школ (наёмные)
65,r/pianoteachers,2025-03-23,педагог частной школы,качество-методика-обучение-педагогов,2,Ученики переходят от педагога к педагогу внутри школы без передачи информации; новый педагог вынужден «разучивать» за предыдущим («undo whatever her previous teacher did») и продолжать по учебнику предыдущего педагога,I teach piano and voice lessons for a small music school where students often switch teachers when their scheduling needs change.,«It’s a very common trait I see in transfer students»,"Чтение с листа, игры на знание нот, заклеивать подсказки в учебнике",,,https://www.reddit.com/r/pianoteachers/comments/1jhqycd/student_memorizing_songs_instead_of_reading_music/,Reddit: педагоги частных музыкальных школ (наёмные)
66,r/pianoteachers,2025-08-15,педагог частной школы,администрация-бюрократия,2,"Школа забирает часть дохода за администрирование, но делает его плохо",part of the package of working there is that the school handles all my admin and they’re frankly just not very good at it…I also took a pay cut to work there.,"Тред целиком о переходе из школ в свою студию, много похожих историй",Думает вернуться в свою студию: «I can easily make twice what I make»,,,https://www.reddit.com/r/pianoteachers/comments/1vpfdq1/private_studio_teachers_who_transitioned_from_a/p3xk7e3/,Reddit: педагоги частных музыкальных школ (наёмные)
67,r/pianoteachers,2025-08-15,педагог частной школы,найм-удержание-педагогов,3,"Школа урезала часы до трети, и педагог ушёл",What did it for me was 1) feeling morally compromised at some points and 2) getting my hours cut to 1/3 of what they were.,нет данных,Арендует офис и работает как своя студия,Педагог сам платит аренду,,https://www.reddit.com/r/pianoteachers/comments/1vpfdq1/private_studio_teachers_who_transitioned_from_a/p3xjmjf/,Reddit: педагоги частных музыкальных школ (наёмные)
68,r/pianoteachers,2025-08-15,педагог частной школы,расписание-комнаты-отмены,2,"Правила об отработках в школе не соблюдаются: педагоги соблюдают их по-разному, администрация уступает родителям","There was also a time when I tried to uphold the school’s policy, and when the parent complained, the admin forced me to give them a makeup anyways..",В той же ветке: «Hear hear on the makeups!»,В своей студии не даёт отработок вообще,,,https://www.reddit.com/r/pianoteachers/comments/1vpfdq1/private_studio_teachers_who_transitioned_from_a/p3ytmba/,Reddit: педагоги частных музыкальных школ (наёмные)
69,r/pianoteachers,2025-08-15,педагог частной школы,расписание-комнаты-отмены,3,"Школа перекладывает отработки на педагога абсурдными способами, и педагог уходит",The school had my schedule so full that they tried to make me add 5 minutes to her lessons for SIX WEEKS everytime she missed a 30 minute lesson. I quit shortly after because that is just ridiculous.,нет данных,"Своя студия, 100% дохода",,,https://www.reddit.com/r/pianoteachers/comments/1vpfdq1/private_studio_teachers_who_transitioned_from_a/p40vomb/,Reddit: педагоги частных музыкальных школ (наёмные)
70,r/pianoteachers,2025-08-15,педагог частной школы,найм-удержание-педагогов,3,Плохое управление и отношение руководителя community music school вызывают высокую текучку,"The person running it did not treat employees well, and turnover was high. I was one of our longest working employees..",нет данных,Ушла в домашнюю студию с помесячной оплатой,,,https://www.reddit.com/r/pianoteachers/comments/1vpfdq1/private_studio_teachers_who_transitioned_from_a/p3ysgp0/,Reddit: педагоги частных музыкальных школ (наёмные)
71,r/pianoteachers,2025-08-15,педагог частной школы,качество-методика-обучение-педагогов,2,"Навязанная школой методика расходится с тем, как педагог хочет учить","to be able to teach the way I believe provide the best value to my students, instead of following the music school's ways.",нет данных,Запускает свою зарегистрированную студию,,,https://www.reddit.com/r/pianoteachers/comments/1vpfdq1/private_studio_teachers_who_transitioned_from_a/p4tonkh/,Reddit: педагоги частных музыкальных школ (наёмные)
72,r/pianoteachers,2026-05-18,педагог частной школы,оплаты-финансы,1,"Всем педагогам платят одинаково, независимо от опыта и результатов, поэтому качество не поощряется",All the after school teachers make the same rate. Whether they teach strings or voice or percussion or piano or brass. No matter their years of experience or degree.,нет данных,,,,https://www.reddit.com/r/pianoteachers/comments/1tgpssg/should_i_care_about_a_bad_teacher_at_my_school/,Reddit: педагоги частных музыкальных школ (наёмные)
73,r/pianoteachers,2026-05-18,педагог частной школы,качество-методика-обучение-педагогов,2,"Слабый педагог годами работает без контроля: 10 учеников перешли от неё к автору; родители жалуются, что им не объясняют, как заниматься дома и чего от них ждут",She does not communicate She always seems to be on her phone She does not explain how to practice We do not know the expectations My child does not know what to do,«I work at a music school and sometimes I saw the same thing going on too with another teacher»; «I have seen similar transfer students»,Советуют направлять жалобы родителей администрации и не вмешиваться,,,https://www.reddit.com/r/pianoteachers/comments/1tgpssg/should_i_care_about_a_bad_teacher_at_my_school/,Reddit: педагоги частных музыкальных школ (наёмные)
74,r/pianoteachers,2026-05-18,педагог частной школы,набор-отток-маркетинг,2,"Отток из-за слабого педагога не виден администрации: семьи уходят молча, не жалуются, а в школе никогда не проводили наблюдений за уроками («I asked for observations, which have never been done»)","Families just leave quietly, thinking they didn't understand, it was too difficult, they have no talent, piano was just not right for them...",«brand new parents don't know what they don't know»,"Сама просит, чтобы её уроки оценили",,,https://www.reddit.com/r/pianoteachers/comments/1tgpssg/should_i_care_about_a_bad_teacher_at_my_school/omq2jdk/,Reddit: педагоги частных музыкальных школ (наёмные)
75,r/pianoteachers,2026-05-18,педагог частной школы,выгорание-нагрузка-оплата,2,"Концерты обязательны, но не оплачиваются и не компенсируются",the recitals are held an hour away in virginia. I was just informed that there is no pay or gas reimbursement.,"Автор поста: «For the first few years, no. But now we are paid 1 hour per recital»",,,,https://www.reddit.com/r/pianoteachers/comments/1tgpssg/should_i_care_about_a_bad_teacher_at_my_school/omin690/,Reddit: педагоги частных музыкальных школ (наёмные)
76,r/MusicTeachers,2025-05-02,педагог частной школы,выгорание-нагрузка-оплата,3,"В музыкальных академиях уроки идут конвейером, в каникулы и летом нет оплаты, за администрирование не платят, поэтому педагог уходит в PGCE (Великобритания)","a conveyer belt of ~10 students per day, no pay through the holidays, no lunchbreak, no staffroom, and getting royally screwed for three full months of the summer when kids are just not around for lessons so there's no pay.","Педагог-«пери» из UK подтверждает: «You also don't get paid for any of that planning, organising, concerts, weekend & evening events etc etc.»",Переход в государственную школу через PGCE,,,https://www.reddit.com/r/MusicTeachers/comments/1kcx2z7/music_teaching_in_the_uk/,Reddit: педагоги частных музыкальных школ (наёмные)
77,r/pianoteachers,2026-02-24,педагог частной школы,оплаты-финансы,2,Педагог получает 50% и меньше от цены урока,50/50 is the best I have ever seen at any music school I worked for or looked into over the past 25 years or so.,Много ответов с долями от 15/85 до 66/33; «You usually get less than 50%. It's a stupid deal»,Своя студия или кооператив,,,https://www.reddit.com/r/pianoteachers/comments/1rdves5/what_teacher_pay_splits_are_common_at_music/o7raxjk/,Reddit: педагоги частных музыкальных школ (наёмные)
78,r/pianoteachers,2026-02-24,педагог частной школы,оплаты-финансы,2,В School of Rock педагог получает около 20% цены урока,school of rock is like 20/80 current studio i’m at is 30/70 in-home company i work for is 90/10,Похожие цифры: «26/74 split… They had a hard time retaining teachers especially good ones»,"Работа сразу на несколько компаний, включая уроки на дому",,,https://www.reddit.com/r/pianoteachers/comments/1rdves5/what_teacher_pay_splits_are_common_at_music/o7uadxh/,Reddit: педагоги частных музыкальных школ (наёмные)
79,r/pianoteachers,2026-02-24,педагог частной школы,найм-удержание-педагогов,2,"Доли оплаты скрывают до найма; школы нанимают школьников по 15%, что говорит о низком качестве","Idk most places don't tell you until they've hired you. First place I worked I was getting 25/75 bc I was majoring in music, they were paying a bunch of high schoolers like 15/85",нет данных,Узнавать условия через знакомых педагогов,,,https://www.reddit.com/r/pianoteachers/comments/1rdves5/what_teacher_pay_splits_are_common_at_music/o7s2hoy/,Reddit: педагоги частных музыкальных школ (наёмные)
80,r/pianoteachers,2026-02-24,владелец/директор частной школы,оплаты-финансы,1,"Взгляд владельца: наём по W-2 обходится в 65–70% выручки, а аренда двух филиалов — $10k в месяц; платить за отведённое время дорого, зато снимает проблему пропусков",Studio policy dictates they get paid for time set aside to teach as opposed to time teaching. So attendance is a non-issue.,нет данных,"Платить за отведённое время, а не за проведённые уроки; отдельная ставка за работу вне уроков",Школа,,https://www.reddit.com/r/pianoteachers/comments/1rdves5/what_teacher_pay_splits_are_common_at_music/o83adkv/,Reddit: педагоги частных музыкальных школ (наёмные)
81,r/pianoteachers,2024-04-14,педагог частной школы,расписание-комнаты-отмены,2,"Школа разрешает отработки даже без предупреждения, и эту нагрузку несёт педагог","Parents of the students can request for makeup lessons even if 1) they notify the school 5 minutes before class starts; 2) after the class' time slot is over; 3) or worse, not notifying at all",«I worked for three schools like this. They all closed down shortly»; «Those that churn teachers and students in and out»,Искать другую школу,,,https://www.reddit.com/r/pianoteachers/comments/1c3jh5h/music_schools_which_allow_students_to_have/,Reddit: педагоги частных музыкальных школ (наёмные)
82,r/pianoteachers,2025-09-01,педагог частной школы,найм-удержание-педагогов,3,Условия о неконкуренции и запрет переманивать учеников держат педагога в токсичной школе,"now that he's thinking of leaving the school due to a toxic work environment, he doesn't want to catch any legal blowback if any of his students decide to leave with him","Много историй: «I'm going through this as we speak, with nearly 20 students following me out the door»; «a music school found out I was teaching my own students and then wanted me to sign a non compete»",Сообщить ученикам об уходе и не переманивать их; ученики сами идут за педагогом,,Неконкуренция и запрет переманивания (законы штатов разные),https://www.reddit.com/r/pianoteachers/comments/1n5w9kc/noncompetes_after_leaving_a_music_school/,Reddit: педагоги частных музыкальных школ (наёмные)
83,r/pianoteachers,2025-09-01,педагог частной школы,расписание-комнаты-отмены,1,В магазине низкая оплата ($14 за 30 минут) и плохие помещения для уроков,"They just only paid me $14 for every 30 minute lesson, had no 45 minute lesson slots available, and had me teasing in a converted single room bathroom stall lol.",нет данных,"Ушёл, забрав часть учеников с согласия магазина",,,https://www.reddit.com/r/pianoteachers/comments/1n5w9kc/noncompetes_after_leaving_a_music_school/nbxekaf/,Reddit: педагоги частных музыкальных школ (наёмные)
84,r/MusicTeachers,2026-08-25,педагог частной школы,качество-методика-обучение-педагогов,2,"Замещающий педагог в сетевом магазине проигнорировал заметки об учениках, и непрерывность обучения нарушилась; корпоративный магазин не позволяет отменить уроки («I can’t outright cancel lessons, they have to be rescheduled»)",Apparently he completely ignored my plans and just did his own thing. He made my selectively mute 5 year old shut down and cry by overwhelming him.,"«Every experience I’ve had with a sub has been bad»; «When I've subbed I ask the kid what they're working on and they just shrug»; но многие считают, что заменяющий не обязан следовать плану",Не брать замену и давать ученикам неделю отдыха; оставлять короткие заметки о каждом ученике,,,https://www.reddit.com/r/MusicTeachers/comments/1vxkqc1/vent_my_private_lessons_sub_completely_ignored_my/,Reddit: педагоги частных музыкальных школ (наёмные)
85,r/MusicTeachers,2026-08-25,педагог частной школы,качество-методика-обучение-педагогов,2,Замены противоречат методике постоянного педагога: нет общего плана и истории ученика,They would also contradict my teaching by writing in all finger numbers and note names when the students were trying to learn how to read music more effectively. It was very unprofessional and almost seemed like borderline poaching.,«One thing I've learned as a teacher - never expect a sub to do what you would do»,"Отменять уроки вместо замены; самой придерживаться чужого плана, когда замещает",,,https://www.reddit.com/r/MusicTeachers/comments/1vxkqc1/vent_my_private_lessons_sub_completely_ignored_my/p5sj0pj/,Reddit: педагоги частных музыкальных школ (наёмные)
86,r/guitarteachers,2025-07-30,педагог частной школы,набор-отток-маркетинг,1,Ученика переводят к другому педагогу без объяснений и обратной связи; педагог узнаёт об этом из расписания,Then I noticed they weren’t on my schedule but they were on another instructor’s. I asked my manager about it and they just said that they liked me but wanted to try someone new.,нет данных,,,,https://www.reddit.com/r/guitarteachers/comments/1mde333/feeling_sad_when_a_student_switches_to_another/,Reddit: педагоги частных музыкальных школ (наёмные)
87,r/MusicTeachers,2025-07-13,педагог частной школы,качество-методика-обучение-педагогов,2,"Школа ставит педагога на программу, к которой он не подготовлен, а методические материалы школы не работают","I’ve even mentioned to the place I’m with that I think I’m not suited for it, but they don’t want to lose the income from having a toddler classes available I guess.",нет данных,,,,https://www.reddit.com/r/MusicTeachers/comments/1uvrmft/teaching_toddlers_please_help/,Reddit: педагоги частных музыкальных школ (наёмные)
88,r/singing,2026-01-13,педагог частной школы,качество-методика-обучение-педагогов,1,"Школа отдаёт вокальных учеников инструменталисту без вокальной подготовки; педагог сам ищет, как закрыть пробел («I feel a bit understudied on vocal science»)",Recently I was asked to take on some new voice students at the music school I teach at.,нет данных,Самостоятельно читает книги по вокальной педагогике,Педагог сам платит за книги,,https://www.reddit.com/r/singing/comments/1qc51d1/books_on_vocal_pedagogy/,Reddit: педагоги частных музыкальных школ (наёмные)
89,r/pianoteachers,2025-07-19,педагог частной школы,расписание-комнаты-отмены,1,"Педагог не управляет расписанием: дети приходят вечером уставшими после лагеря, большинство ушло до лета","For context, I work at a music school so I don't control the scheduling for students.",нет данных,"Гибкие, облегчённые уроки",,,https://www.reddit.com/r/pianoteachers/comments/1m3l598/i_feel_like_my_students_are_all_getting_a_little/,Reddit: педагоги частных музыкальных школ (наёмные)
90,r/pianoteachers,2017-11-27,педагог частной школы,администрация-бюрократия,2,"Школа забирает около 50% и расторгает договоры с учениками, не сообщая педагогу (Германия)","The music school keeps almost 50% of what my students pay. I've been dissatisfied with the way they handled a couple of things in the past two years (canceling contracts between me and my students without letting me know, etc).",нет данных,Думает о переходе в частную практику,,,https://www.reddit.com/r/pianoteachers/comments/7fui9b/teaching_music_school_vs_private_lessons/,Reddit: педагоги частных музыкальных школ (наёмные)
91,r/pianoteachers,2024-03-06,педагог частной школы,выгорание-нагрузка-оплата,3,"Усталость от работы в коммерческих музыкальных центрах после 15 лет, педагог хочет перейти в колледж или университет","basically I'm beyond tired of teaching at music ""schools"" or ""academies"", music centers that parents take their kids to for lessons",нет данных,Магистратура и переход в вуз,,,https://www.reddit.com/r/pianoteachers/comments/1b8br41/anyone_here_teach_at_the_collegeuniversity_level/,Reddit: педагоги частных музыкальных школ (наёмные)
92,r/pianoteachers,2022-05-25,педагог частной школы,оплаты-финансы,2,"Офлайн-школы бессрочно забирают около 60% и сами назначают цену, при этом условия непрозрачны («very hush-hush»)","However, most brick-and-mortar companies I've worked for take around 60% of your lesson price indefinitely (and they set the prices).",нет данных,Платформы с убывающей комиссией (TakeLessons),,,https://www.reddit.com/r/pianoteachers/comments/uxr64u/what_percentage_do_your_lesson_companies_take/,Reddit: педагоги частных музыкальных школ (наёмные)
93,r/MusicEd,2025-08-20,K-12 педагог,оценивание-отчётность,2,"Надо индивидуально прослушать (диапазон, тембр, чтение) огромное число учеников хора, а времени и возможности уйти с ними один на один нет","I have a metric ton of kids whom I need to evaluate for vocal range, timbre, reading ability, etc. I want to do this one-on-one in a practice room while the rest of the class works on something else","17 комментариев, многие делятся своими способами прослушивания","прослушивание по 3–6 человек у фортепиано, пока класс делает рабочие листы",,,https://www.reddit.com/r/MusicEd/comments/1mvopuv/i_lived_need_ideas/,Reddit: K-12 хормейстеры и general music
94,r/MusicEd,2025-08-20,K-12 педагог,оценивание-отчётность,2,"Индивидуальное прослушивание невозможно: класс нельзя оставить без присмотра, за это отвечает педагог","Honestly, you cannot do that. The kids left unsupervised will make trouble and you will be accountable.",Поддержано в нескольких ответах («could not imagine being in a practice room while MS/HS kids are in the main space»),назначить партии наугад и перемещать по ходу,,правила надзора за учениками,https://www.reddit.com/r/MusicEd/comments/1mvopuv/i_lived_need_ideas/n9ro22q/,Reddit: K-12 хормейстеры и general music
95,r/MusicEd,2025-08-20,K-12 педагог,оценивание-отчётность,1,Живое индивидуальное прослушивание съедает время урока; нужна запись как доказательство/документ,Do it in groups and have them record and submit on a device if you can. Massssssive time saver and you also have the recording as an artifact/documentation that you can listen to later.,нет данных,"ученики записываются на устройства и сдают запись, педагог слушает позже",,политика школы по телефонам/устройствам («what’s the device/phone policy at your school?»),https://www.reddit.com/r/MusicEd/comments/1mvopuv/i_lived_need_ideas/n9sgxak/,Reddit: K-12 хормейстеры и general music
96,r/MusicEd,2025-08-20,K-12 педагог,технологии-LMS-приватность,1,В малых группах тихих учеников не слышно; нужно услышать каждого голос отдельно,"I have them sing into their chromebooks (I use Kami to record but there are a lot of resources that would work). We do it all at the same time which gives them the support of everyone singing, but then I can listen to them later",нет данных,"весь класс одновременно поёт в Chromebook (запись через Kami), педагог прослушивает потом",использует уже купленный школой инструмент (Kami) на школьных Chromebook 1:1,работает только если школа 1:1 с компьютерами,https://www.reddit.com/r/MusicEd/comments/1mvopuv/i_lived_need_ideas/n9swxi4/,Reddit: K-12 хормейстеры и general music
97,r/MusicEd,2025-08-20,K-12 педагог,оценивание-отчётность,1,Ученики стесняются петь соло перед классом — индивидуальная проверка искажается,I find that a lot of students are very uncomfortable singing in front of their peers like that especially in the beginning of the year and/or if they are new to choir,нет данных,групповые прослушивания по 6 человек,,,https://www.reddit.com/r/MusicEd/comments/1mvopuv/i_lived_need_ideas/n9sq5xj/,Reddit: K-12 хормейстеры и general music
98,r/MusicEd,2020-03-15,K-12 педагог,родители,2,Родители оспаривают оценки за певческие проверки; хор воспринимают как «лёгкий» предмет,I did voice checks. I gave a GENEROUS 80% to this student who sang the wrong part entirely. His mom emails me upset saying “shouldn’t he be graded on him doing his best rather than how he performed?”,"много согласий («They also blame the math teacher», «I've gotten a few of those emails before...»)","рубрики, сравнение с математикой",,,https://www.reddit.com/r/MusicEd/comments/fj3ght/why_did_my_son_get_an_80_if_he_tried_his_best/,Reddit: K-12 хормейстеры и general music
99,r/MusicEd,2020-03-15,K-12 педагог,оценивание-отчётность,2,Нужно доказывать родителям и администрации обоснованность оценки за исполнение,"I have whipped out the rubric on many a pissed off parent, and they stop accusing me of being unfair. They don't stop whining though.",«Can relate»; в том же треде ещё 3–4 педагога описывают рубрики,"детальная рубрика, которую «admin loves»",,,https://www.reddit.com/r/MusicEd/comments/fj3ght/why_did_my_son_get_an_80_if_he_tried_his_best/fklrnvp/,Reddit: K-12 хормейстеры и general music
100,r/MusicEd,2020-03-15,K-12 педагог,оценивание-отчётность,2,Постоянная защита оценок перед родителями,When I was still a band/orchestra record director I had to regularly defend my grades. I ended up having a band handbook that was like 12 pages long.,нет данных,12-страничный handbook с политикой оценивания,,,https://www.reddit.com/r/MusicEd/comments/fj3ght/why_did_my_son_get_an_80_if_he_tried_his_best/fklcxbv/,Reddit: K-12 хормейстеры и general music
101,r/MusicEd,2012-08-30,K-12 педагог,оценивание-отчётность,2,"Индивидуальная проверка сольфеджирования с листа: ученики от страха «проговаривают», а не поют","My biggest issue is with assessment. I try to have each student SR for me individually. I have an area of my classroom that I use that keeps it more one on one rather than in front of class. Trouble is, most of my students (even my stronger singers) devolve into ""speak singing"" the solfege syllables.",13 комментариев с советами,"уголок для проверки один на один, остальные делают теорию в парах",,,https://www.reddit.com/r/MusicEd/comments/z2up6/sight_singing_assessment_in_the_classroom/,Reddit: K-12 хормейстеры и general music
102,r/MusicEd,2012-08-30,K-12 педагог,технологии-LMS-приватность,1,Нужны записи индивидуальных проверок (в т.ч. для родительских собраний),"I get a teacher's subscription to ""Smart Music"", which has several different sight reading book in it",нет данных,"SmartMusic: ученики поют в микрофон, запись хранится как mp3 «great for patent teacher conferences»",учительская подписка SmartMusic (~$130 по словам автора) — «if your budget allows it»; платит школа/педагог,бюджет,https://www.reddit.com/r/MusicEd/comments/z2up6/sight_singing_assessment_in_the_classroom/c6172ck/,Reddit: K-12 хормейстеры и general music
103,r/MusicEd,2012-08-30,K-12 педагог,практика-учеников,1,Нет удобного способа собрать домашние певческие записи всего класса,"I had them call the voicemail and sing to me on the phone. I graded them on Solfege (did they say the right thing), Rhythm, and Pitch. It went really well.",нет данных,Google Voice автоответчик: ученики звонят и поют домашнее задание,бесплатный инструмент,,https://www.reddit.com/r/MusicEd/comments/z2up6/sight_singing_assessment_in_the_classroom/c6nk1ds/,Reddit: K-12 хормейстеры и general music
104,r/MusicEd,2012-08-30,K-12 педагог,оценивание-отчётность,2,Группа прячет индивидуальный уровень: слабые идут за сильными,They read well as a group because they are following the stronger singers. I want every student to be a competent reader.,та же мысль в треде 2024 «the collective does not equal the individual»,,,,https://www.reddit.com/r/MusicEd/comments/z2up6/sight_singing_assessment_in_the_classroom/c617q19/,Reddit: K-12 хормейстеры и general music
105,r/MusicEd,2024-10-20,K-12 педагог,качество-методика-обучение-педагогов,2,"Нет времени на индивидуальные навыки при подготовке к концертам; ученик не знает, что фальшивит",A student who may truly struggle with pitch may not be aware that they are the ones who are struggling if the majority of the section is carrying.,нет данных (1 комментарий),"испытательный срок и частный коуч, если школа найдёт деньги","комментатор предлагает, чтобы школа оплачивала тьютора/voice coach 1–2 раза в неделю",бюджет школы,https://www.reddit.com/r/MusicEd/comments/1g8brot/addressing_individual_skills_throughout_an/,Reddit: K-12 хормейстеры и general music
106,r/MusicEd,2014-09-28,K-12 педагог,технологии-LMS-приватность,2,"District навязывает инструмент (SmartMusic), который плохо подходит для хора — мало вокального материала",Our district began implementing SmartMusic this year and I am required to integrate SmartMusic into my chorus rehearsals. There seems to be a lack of vocal material in the SmartMusic library,«there is a serious dearth of vocal work in the library»,использовать для распевок и сольфеджио,платит district (закупка сверху),"решение принимает district, а не хормейстер",https://www.reddit.com/r/MusicEd/comments/2hprot/smartmusic_experiences_with_it_advice/,Reddit: K-12 хормейстеры и general music
107,r/MusicEd,2014-09-28,K-12 педагог,практика-учеников,1,Купленные студенческие подписки не используются дома,"They are optional for students in ensembles, but mandatory for students taking lessons. That being the case, very few students in ensembles, if any, take advantage of the subscriptions.",нет данных,"использовать SmartMusic в классе на репетиции, т.к. дома «they won't use it»",студенческие подписки (кто платит — не уточнено),,https://www.reddit.com/r/MusicEd/comments/2hprot/smartmusic_experiences_with_it_advice/ckv6ah2/,Reddit: K-12 хормейстеры и general music
108,r/MusicEd,2023-02-14,K-12 педагог,технологии-LMS-приватность,2,"Технические сбои платного софта на школьных устройствах, никто не помогает","I absolutely love it and I am fortunate that my school district supports funding it. However, over the last couple months the mp3 tracks skip randomly. I have talked with their customer support and my IT department and nobody can seem to figure it out.","«this has been happening with us!», «Yes! While running the audio during my classes, it will skip.»",,district оплачивает SmartMusic/MakeMusic Cloud,"школьные устройства/браузер, IT-отдел",https://www.reddit.com/r/MusicEd/comments/112ixzu/smart_music_now_make_music_cloud/,Reddit: K-12 хормейстеры и general music
109,r/MusicEd,2023-02-14,K-12 педагог,технологии-LMS-приватность,2,"Софт должен работать в Chrome на школьных устройствах, иначе бесполезен",I tried it on Safari and it worked without a hitch…my school doesn’t have Safari though.,нет данных,,,ограничение школы на браузеры/устройства,https://www.reddit.com/r/MusicEd/comments/112ixzu/smart_music_now_make_music_cloud/j8ot7qf/,Reddit: K-12 хормейстеры и general music
110,r/MusicEd,2023-02-14,студент учреждения,оценивание-отчётность,2,Автоматическая оценка записей неточна — преподаватель проверяет вручную,"unless you record with your mic is just the absolute perfect position it’ll only give you like a 65% or something. My aural skills prof is literally on the board for MMC and she has no idea how to get someone to fix it, so she just has to grade a lot of our assignments by hand which defeats the purpose",нет данных,ручная проверка,,,https://www.reddit.com/r/MusicEd/comments/112ixzu/smart_music_now_make_music_cloud/j8kvutm/,Reddit: K-12 хормейстеры и general music
111,r/MusicEd,2023-02-14,родитель,технологии-LMS-приватность,2,Автооценка ошибается и не даёт сдать работу — ребёнок мучается с каждым заданием,It constantly tells her she’s not hitting the right notes (she is) or it won’t let her save/submit her work. It’s crap if you ask me.,похожая жалоба в треде 2014 (брат бросил почти группу из-за плохих баллов),,,,https://www.reddit.com/r/MusicEd/comments/112ixzu/smart_music_now_make_music_cloud/ma44q1j/,Reddit: K-12 хормейстеры и general music
112,r/MusicEd,2022-07-26,K-12 педагог,технологии-LMS-приватность,1,"Сомнение платить за инструмент видео-ответов, если есть живые проверки","This is a good idea, but I’m not sure it’s one worth paying for when in-class playing tests are an option.",«This is literally Flipgrid.»,проверки в классе,"негативный сигнал: не стоит платить без доп. функций (дрон, минус, метроном)","бесплатные альтернативы (Flip, Seesaw, Schoology)",https://www.reddit.com/r/MusicEd/comments/w8t7yr/thinking_of_building_a_software_tool_for_teachers/ihrc0z2/,Reddit: K-12 хормейстеры и general music
113,r/MusicEd,2022-07-26,K-12 педагог,технологии-LMS-приватность,1,Нужен канал для записи проверок и индивидуальной помощи по партиям,You are describing the way 90% of teachers use Flipgrid. I think you should watch some more videos on it. Maybe search Flipgrid for Music Education or something. I used it for playing tests in my classes as well as for students needing individual help with parts.,автор поста сдался: «my idea isn't really far enough from away from Flipgrid»,Flipgrid для playing tests,бесплатный (Flip),,https://www.reddit.com/r/MusicEd/comments/w8t7yr/thinking_of_building_a_software_tool_for_teachers/ihrgndt/,Reddit: K-12 хормейстеры и general music
114,r/MusicEd,2022-07-26,K-12 педагог,технологии-LMS-приватность,1,Задания с записью и комментариями уже закрываются общешкольными платформами,So I've done this very easily with SeeSaw... you can create an assignment with a video example or play along track and students can record. Teacher and students can comment on it.,нет данных,"Seesaw, Schoology, SmartMusic",инструменты уже оплачены школой,конкуренция с уже закупленными платформами,https://www.reddit.com/r/MusicEd/comments/w8t7yr/thinking_of_building_a_software_tool_for_teachers/ihryx8f/,Reddit: K-12 хормейстеры и general music
115,r/MusicEd,2023-09-04,K-12 педагог,бюджет-ресурсы,1,"Бюджет позволяет только одну учительскую подписку, не на каждого ученика","I have a single teacher subscription of SmartMusic that I mostly use during solo and ensemble time. I’m also trying out Sight Reading Factory this year (again, only a single subscription).",нет данных,"одна учительская подписка, используется на весь класс через проектор",платит за одну учительскую лицензию; «I don’t think I’ll ever use student editions»,цена за ученика,https://www.reddit.com/r/MusicEd/comments/169v0w2/what_subscriptions_do_you_use_in_the_classroom/jz56e1g/,Reddit: K-12 хормейстеры и general music
116,r/MusicEd,2023-09-04,K-12 педагог,технологии-LMS-приватность,1,Нельзя ставить свои программы на школьные компьютеры,Can’t install on division computers,нет данных,платить за YouTube Premium,,IT-ограничения division/district,https://www.reddit.com/r/MusicEd/comments/169v0w2/what_subscriptions_do_you_use_in_the_classroom/jz40hzc/,Reddit: K-12 хормейстеры и general music
117,r/MusicEd,2022-08-20,K-12 педагог,технологии-LMS-приватность,1,Нет простого бесплатного способа собирать аудио-ответы учеников хора,"Do you know of a survey website (for free) that I can use for basic recording answers? I want students to record answers for me (pitches and notes, blah) and submit them in a survey format.",нет данных,советуют Flip и Nearpod,ищет именно бесплатное,нет бюджета,https://www.reddit.com/r/MusicEd/comments/wswz22/vocal_questions_for_this_school_year/,Reddit: K-12 хормейстеры и general music
118,r/MusicEd,2022-08-20,K-12 педагог,расписание-комнаты-отмены,2,"Хор из 25 человек в маленькой комнате — оверсинг, нет рычагов у частичной ставки",I sadly have to fit 25 people in it for chorus. I am in this room because I am now a part time teacher so of course I'm not going to get a larger room.,«Get a new job. I mean it.»,репетиции на улице,,,https://www.reddit.com/r/MusicEd/comments/wswz22/vocal_questions_for_this_school_year/,Reddit: K-12 хормейстеры и general music
119,r/MusicEd,2026-08-05,K-12 педагог,выгорание-нагрузка-оплата,3,"Новый хормейстер K-12 перегружен: нет нотной библиотеки, прежняя методика по слуху",this position feels like it's going to break me and it's only day 2.,«This sounds a lot like my school...»,"учить по слуху, искать ментора",,,https://www.reddit.com/r/MusicEd/comments/1vftzhf/completely_swamped_and_overwhelmed_with_new_high/,Reddit: K-12 хормейстеры и general music
120,r/MusicEd,2026-08-05,K-12 педагог,бюджет-ресурсы,2,Нет бюджета даже на ноты; приходится выпрашивать у администрации,Your big limitation here is budget. You need to meet with admin and layout your needs. (You really have NO sheet music library? Really nothing?),нет данных,"хоровые библиотеки округа (BOCES), textbook funds",деньги через textbook funds школы,"бюджет, согласование с admin",https://www.reddit.com/r/MusicEd/comments/1vftzhf/completely_swamped_and_overwhelmed_with_new_high/p1uau3i/,Reddit: K-12 хормейстеры и general music
121,r/MusicEd,2026-08-05,K-12 педагог,оценивание-отчётность,2,Первые недели уходят на оценивание и построение системы оценок с нуля,I've been swamped this week and assessing but it should on paper slow down as I have more of the gen music set up and at least a grading schema figured it.,нет данных,,,,https://www.reddit.com/r/MusicEd/comments/1vftzhf/completely_swamped_and_overwhelmed_with_new_high/p2it2zv/,Reddit: K-12 хормейстеры и general music
122,r/Teachers,2025-05-24,K-12 педагог,выгорание-нагрузка-оплата,3,"Музыкальный педагог (band/general/choir) несёт массу побочных обязанностей и выгорел за 16 лет, ушёл из музыки","I am also in charge of most after school events, all the things we need sound stuff for, webmaster, assisting TRT with chromebooks, and anything else.",«Admin Lite»; «I’m at that point too. Looking to jump ship.»,ушёл преподавать математику,,,https://www.reddit.com/r/Teachers/comments/1ku3tml/worst_send_off/,Reddit: K-12 хормейстеры и general music
123,r/Teachers,2025-05-24,K-12 педагог,администрация-бюрократия,3,"Администрация эксплуатирует незаменимых педагогов, в итоге — «утечка мозгов»",At our building we call OPs situation “Admin Lite”. Admins love situations like this and always abuse the positions in the long run.,несколько ответов с похожим опытом,уход из школы,,,https://www.reddit.com/r/Teachers/comments/1ku3tml/worst_send_off/mu02fsy/,Reddit: K-12 хормейстеры и general music
124,r/MusicEd,2026-09-18,K-12 педагог,выгорание-нагрузка-оплата,2,"Выгорание от внеурочной нагрузки 7-12 music (band, choir, мюзиклы)","The kids are good, but schedule and workload before and after school is getting the best of me. Especially with marching band, musical, etc.",«I am very close to experiencing burnout.»; «Sounds like you've taken on 2 jobs for the price of 1.»,"не работать дома, отгулы",,,https://www.reddit.com/r/MusicEd/comments/1wjsmix/feeling_burnout_but_dont_want_to_leave_teaching/,Reddit: K-12 хормейстеры и general music
125,r/MusicEd,2026-09-18,K-12 педагог,выгорание-нагрузка-оплата,2,8–12 фестивалей в год плюс два спектакля и концерты — один педагог на всё,Various Festivals for Band and Choir: 8 minimum a year - possibly up to 12 depending on student advancement,«marching band AND the musical!?!? I’m burnt out just thinking about it.»,,,,https://www.reddit.com/r/MusicEd/comments/1wjsmix/feeling_burnout_but_dont_want_to_leave_teaching/panmm5a/,Reddit: K-12 хормейстеры и general music
126,r/MusicEd,2026-09-18,K-12 педагог,администрация-бюрократия,2,Отказаться от доп. обязанностей нельзя — так прописано в контракте,"And our contract specifically says our job includes ""any other things we are asked to do.""",«Usually saying no is not an option.»,,,,https://www.reddit.com/r/MusicEd/comments/1wjsmix/feeling_burnout_but_dont_want_to_leave_teaching/pb628qb/,Reddit: K-12 хормейстеры и general music
127,r/MusicEd,2026-09-18,K-12 педагог,найм-удержание-педагогов,2,Текучка музыкальных педагогов — программа каждый раз с нуля,Fun fact... I'm the 7th teacher in 10 years there I learned soon after I signed my contract last year. A lot of this was hidden in the interview,«Huge red flag right there!»,,,,https://www.reddit.com/r/MusicEd/comments/1wjsmix/feeling_burnout_but_dont_want_to_leave_teaching/par66zk/,Reddit: K-12 хормейстеры и general music
128,r/MusicEd,2026-09-18,K-12 педагог,оценивание-отчётность,1,"Нужны данные, чтобы доказать администрации нагрузку",You gotta gather your data to quantify your workload and make a case for another teacher.,нет данных,собирать данные о нагрузке вручную,,,https://www.reddit.com/r/MusicEd/comments/1wjsmix/feeling_burnout_but_dont_want_to_leave_teaching/papo5ie/,Reddit: K-12 хормейстеры и general music
129,r/MusicEd,2014-05-03,K-12 педагог,администрация-бюрократия,3,"Ставку хормейстера урезали до 0.5, т.к. администрация не видит работу вне расписания",The thing is.... The people making the decisions only looked at my class schedule.,нет данных (пост с высоким рейтингом),"защитил ставку, показав всю невидимую работу (групповые уроки, конкурсы, админ-работа)",,,https://www.reddit.com/r/MusicEd/comments/24l4hd/my_job_was_in_danger_of_being_cut_to_5_this_week/,Reddit: K-12 хормейстеры и general music
130,r/MusicEd,2024-05-12,K-12 педагог,администрация-бюрократия,3,"Администрация меряет хор числом учеников, режет классы несмотря на высокие оценки на конкурсах","our superintendent told me he prefers “quantity over quality”. So, he threatens me with my numbers being low. This year I was emailed the day before my grandmothers funeral that they are cutting two of my choir classes",«It sounds like a no brainer to leave your position.»,переход в начальную школу,,,https://www.reddit.com/r/MusicEd/comments/1cq6thc/thinking_about_leaving_hs_music_and_am/,Reddit: K-12 хормейстеры и general music
131,r/MusicEd,2024-05-12,K-12 педагог,бюджет-ресурсы,3,Хоры объединяют в класс 50+ учеников,All my high school choirs will be put into one class. That will be 50 or more students.,нет данных,,,,https://www.reddit.com/r/MusicEd/comments/1cq6thc/thinking_about_leaving_hs_music_and_am/,Reddit: K-12 хормейстеры и general music
132,r/MusicEd,2024-05-12,K-12 педагог,выгорание-нагрузка-оплата,3,Нагрузка школьного музыкального руководителя разрушает семейную жизнь,"I've said numerous times ""high school band director is a lifestyle, and I've seen plenty of marriages collapse from it.""",несколько историй перехода в elementary/middle ради семьи,переход на elementary,,,https://www.reddit.com/r/MusicEd/comments/1cq6thc/thinking_about_leaving_hs_music_and_am/l3pf7x9/,Reddit: K-12 хормейстеры и general music
133,r/MusicEd,2026-05-08,K-12 педагог,качество-методика-обучение-педагогов,2,Всё больше новичков хора не попадают в ноты и не находят певческий голос,I’m finding more and more of my incoming 9th grade students struggle to match pitch and/or find their “singing voice.”,"много согласий: «I see this too», «I teach 4th and 5th grade music and am seeing it as well»",,,,https://www.reddit.com/r/MusicEd/comments/1t6toze/thoughts_kids_arent_growing_up_singing_and_were/,Reddit: K-12 хормейстеры и general music
134,r/MusicEd,2026-05-08,K-12 педагог,администрация-бюрократия,2,"Мало учебного времени на музыку (раз в неделю), музыкантов используют для присмотра",Elementary music teachers barely see their kids nowadays. We have to babysit kids while teachers attend PLC meetings and teach small groups phonics. We’re lucky if we see a class more than once a week.,"«They take away my time with the kids, I have to get selective with the curriculum.»",,,,https://www.reddit.com/r/MusicEd/comments/1t6toze/thoughts_kids_arent_growing_up_singing_and_were/okkrj6h/,Reddit: K-12 хормейстеры и general music
135,r/MusicEd,2026-05-08,K-12 педагог,здоровье-голоса,2,Первые 9 недель уходят на базовую вокальную технику (головной голос),I still have so may new 9th grade singers who can’t figure out the difference between talking on pitch and singing. the first 9 weeks are spent convincing all the girls that they can sing past a B4.,нет данных,,,,https://www.reddit.com/r/MusicEd/comments/1t6toze/thoughts_kids_arent_growing_up_singing_and_were/oklwqys/,Reddit: K-12 хормейстеры и general music
136,r/MusicEd,2026-05-08,K-12 педагог,здоровье-голоса,2,"Дети форсируют голос (belt), не владеют микстом/головным — риск для голоса","Middle school girls can't use their mixed or head voice and try to belt everything and claim ""they can't sing high.""",поддержано соседними комментариями,,,,https://www.reddit.com/r/MusicEd/comments/1t6toze/thoughts_kids_arent_growing_up_singing_and_were/okk5oem/,Reddit: K-12 хормейстеры и general music
137,r/MusicEd,2026-08-31,K-12 педагог,оценивание-отчётность,2,Оценка исполнения в general music при сотнях детей — максимум 10 секунд на ребёнка,"Has to be REALLY quick, like 10 seconds or less per kid.",нет данных,"распечатанный ростер, 5-балльная рубрика, отмечать только не-пятёрки",,,https://www.reddit.com/r/MusicEd/comments/1w3o3uk/elementary_music_grades/p71mihs/,Reddit: K-12 хормейстеры и general music
138,r/MusicEd,2026-08-31,K-12 педагог,оценивание-отчётность,1,"Оценивание диктуется district (standards-based), нужна отчётность по стандартам",Our district is purely standards-based grading. We are told exactly which standards to grade for and when.,другие описывают шкалы 1–3/1–4 district,"листы оценивания по стандартам, отметки в журнале посещаемости",,требования district к формату оценок,https://www.reddit.com/r/MusicEd/comments/1w3o3uk/elementary_music_grades/p73537t/,Reddit: K-12 хормейстеры и general music
139,r/MusicEd,2025-11-02,K-12 педагог,администрация-бюрократия,2,Музыку в школе не ценят; коллеги советуют снизить стандарты,"“Just have the kids sing badly along with a recording. The parents will be happy, admin will be happy, and you'll have checked off a box.”",«I peaked in my last job because of road blocks and moved on»,внутриклассные мини-выступления старших для младших,,,https://www.reddit.com/r/MusicEd/comments/1omh26i/lower_your_standards/,Reddit: K-12 хормейстеры и general music
140,r/MusicEd,2025-11-02,K-12 педагог,выгорание-нагрузка-оплата,2,Рабочая неделя музыкального педагога 60+ часов,"I work just as hard as before, but only 40-45 hours a week now (was 60+).","«High standards and low expectations. Thanks, I'll have to remember that.»",снизить ожидания,,,https://www.reddit.com/r/MusicEd/comments/1omh26i/lower_your_standards/nmpyq7j/,Reddit: K-12 хормейстеры и general music
141,r/MusicEd,2026-09-23,K-12 педагог,набор-отток-маркетинг,2,"Отток старшеклассников из хора (trade school, honors) — программа каждый год с нуля",It is becoming demoralizing to build up a program only to have to restart every year at ground zero.,"«Yep. Band here.», «High school is more and more just becoming 9th and 10th grade.»","предлагать второй класс/вокальный класс, перенос времени",,,https://www.reddit.com/r/MusicEd/comments/1woeqmd/losing_high_schoolers_to_trade_schoolhonors/,Reddit: K-12 хормейстеры и general music
142,r/MusicEd,2026-09-23,K-12 педагог,набор-отток-маркетинг,2,Половина выпускников выпадает из ансамбля,about half of my seniors don’t participate their senior year because they spend most of their day at another school taking classes for nursing or other college prep stuff.,"да, несколько педагогов подтверждают",,,,https://www.reddit.com/r/MusicEd/comments/1woeqmd/losing_high_schoolers_to_trade_schoolhonors/pbmgy42/,Reddit: K-12 хормейстеры и general music
143,r/MusicEd,2026-08-24,K-12 педагог,практика-учеников,2,"Журналы практики — ложь, не отражают реальную практику",Practice logs teach children how to lie on paper.,"«Kids lie.»; «Practice logs don't serve much purpose, kids will just lie, parents will sign it»",задать упражнение и проверить исполнением,,,https://www.reddit.com/r/MusicEd/comments/1vwrewe/practice_logs_in_beginning_band/p5jpsr6/,Reddit: K-12 хормейстеры и general music
144,r/MusicEd,2026-08-24,K-12 педагог,практика-учеников,2,Родители подписывают фиктивные журналы практики,I had parents who signed the logs when the instruments never even left the classroom to be taken home for independent practice!,да (см. другие комментарии в треде),проверка через демонстрацию навыка,,,https://www.reddit.com/r/MusicEd/comments/1vwrewe/practice_logs_in_beginning_band/p5j9qzw/,Reddit: K-12 хормейстеры и general music
145,r/MusicEd,2026-08-24,K-12 педагог,практика-учеников,2,"Дети не умеют заниматься дома — практика закрепляет ошибки, никто не корректирует",The thing is they don’t know HOW to practice. This isn’t taught well enough.,нет данных,,,,https://www.reddit.com/r/MusicEd/comments/1vwrewe/practice_logs_in_beginning_band/p5jq7ea/,Reddit: K-12 хормейстеры и general music
146,r/MusicEd,2026-08-24,K-12 педагог,практика-учеников,1,"Нужно подтверждение практики исполнением, а не минутами","Instead of time spent, I use “missions completed” with specific practice tasks, some of which I can actually confirm whether they did the work by having them back it up with their playing",нет данных,геймифицированный журнал с «миссиями» и командами,,,https://www.reddit.com/r/MusicEd/comments/1vwrewe/practice_logs_in_beginning_band/p7guhng/,Reddit: K-12 хормейстеры и general music
147,r/MusicEd,2023-12-04,K-12 педагог,качество-методика-обучение-педагогов,2,"Хор держится на 3 сильных голосах, концерт под угрозой отмены","I think I picked music too difficult for them, but when they sing for me individually, they sing it right. This is a very tiny middle school chorus (15 members) and it's carried by about 3 strong singers.",«I've also got a tiny chorus.»,"упростить до унисона, перенести концерт",,,https://www.reddit.com/r/MusicEd/comments/18axj3v/have_you_ever_canceled_a_concert_because_students/,Reddit: K-12 хормейстеры и general music
148,r/MusicEd,2023-12-04,K-12 педагог,практика-учеников,2,Домашняя практика с треками партий воспринимается как перегруз,"I sent them home with practice logs and practice tracks of me singing with the instruction to practice tonight, and a few of them started crying because they feel like it's too much work.",«Practice logs are kinda bum honestly.»,самодельные practice tracks голосом педагога,,,https://www.reddit.com/r/MusicEd/comments/18axj3v/have_you_ever_canceled_a_concert_because_students/,Reddit: K-12 хормейстеры и general music
149,r/MusicEd,2023-12-04,K-12 педагог,администрация-бюрократия,2,Давление директора ради «картинки» концерта вместо обучения,I almost had a principal want me to play the dubbed in voices instead of my student's only because they did not sound ready.,нет данных,"форсированное повторение, учителя включали музыку на переменах",,,https://www.reddit.com/r/MusicEd/comments/18axj3v/have_you_ever_canceled_a_concert_because_students/kc1baph/,Reddit: K-12 хормейстеры и general music
150,r/MusicEd,2025-02-07,K-12 педагог,здоровье-голоса,2,Педагог работает больным перед концертом и теряет голос,I stayed all day and through my afterschool choir as we have a concert next Thursday.,«lost my voice for the first time last May» и др.,"голосовой покой, вода, чай, имбирь",,,https://www.reddit.com/r/MusicEd/comments/1ijlr27/sick_and_have_no_voice/,Reddit: K-12 хормейстеры и general music
151,r/MusicEd,2026-08-24,K-12 педагог,практика-учеников,2,"Подпись родителя в журнале практики ничего не доказывает; подделки, подписи даже когда инструмент не уносили домой","Don’t bother. Although there are certainly parents who want to teach good values to their children, many will sign anything. Students will also forge parent signatures if they forget to have their logs signed.","Согласие в других комментариях треда (p5nptl3, p5kpi2h)","Каждую неделю задавать упражнение/этюд и проверять, как ученик его сыграет («demonstrate their knowledge»)",,,https://www.reddit.com/r/MusicEd/comments/1vwrewe/practice_logs_in_beginning_band/p5j9qzw/,Reddit: K-12 band/orchestra и учительские будни
152,r/MusicEd,2026-08-24,K-12 педагог,практика-учеников,2,"Нужен инструмент мониторинга прогресса, но журналы практики в обычной школе не работают","Practice logs don't serve much purpose, kids will just lie, parents will sign it and co-sign the lie. In the right community with the right legwork, they are fantastic tools for monitoring student progress, but the average k12 school is not the right place for them","Повторяет ту же мысль, что и несколько других комментариев в треде",,,,https://www.reddit.com/r/MusicEd/comments/1vwrewe/practice_logs_in_beginning_band/p5nptl3/,Reddit: K-12 band/orchestra и учительские будни
153,r/MusicEd,2026-08-24,K-12 педагог,практика-учеников,2,"Дома ученики закрепляют ошибки: никто не поправляет, и они не умеют заниматься","Worst case they do practice because they have to, or want to win something, but it’s completely low effort and just reinforces bad technique and mistakes because nobody is correcting them. The thing is they don’t know HOW to practice. This isn’t taught well enough.",нет данных,,,,https://www.reddit.com/r/MusicEd/comments/1vwrewe/practice_logs_in_beginning_band/p5jq7ea/,Reddit: K-12 band/orchestra и учительские будни
154,r/MusicEd,2026-08-24,K-12 педагог,практика-учеников,1,"Band director ищет, как заставить начинающих заниматься дома, не превращая журнал в оценку за враньё","I know practice logs become a game of lies when used as a grade, but has anyone used them strictly for incentive purposes?","В треде много ответов, большинство против журналов","Награды (конфеты, школьная система PBIS) за подписанное время, которое проверяется на групповых уроках",,,https://www.reddit.com/r/MusicEd/comments/1vwrewe/practice_logs_in_beginning_band/,Reddit: K-12 band/orchestra и учительские будни
155,r/MusicEd,2026-05-20,K-12 педагог,практика-учеников,1,Бумажные журналы: ученики неверно записывают задание; с цифровыми при этом упала вовлечённость учеников,"I also loved being able to type their assignment in myself, rather than having to ask ""And did you REALLY write 'clap & count measure 27'?""",нет данных,"Excel/цифровые таблицы практики: даты, средние значения и цвета проставляются автоматически, педагог сам вписывает задание",,,https://www.reddit.com/r/MusicEd/comments/1cwncyk/paper_or_digital_practice_logs/l4xa4kg/,Reddit: K-12 band/orchestra и учительские будни
156,r/MusicEd,2026-05-20,K-12 педагог,практика-учеников,1,Нужно видеть динамику практики за время; готового инструмента нет,I do google sheets and they add a new copy of the template sheet every week as a new tab. They submit it every week and it works pretty well. I can see trends over time and so can they.,нет данных,Google Sheets: каждую неделю новая вкладка по шаблону,,,https://www.reddit.com/r/MusicEd/comments/1cwncyk/paper_or_digital_practice_logs/l50i9e5/,Reddit: K-12 band/orchestra и учительские будни
157,r/MusicEd,2017-06-08,K-12 педагог,технологии-LMS-приватность,1,"Нет общего облачного места для журналов практики, где пишет ученик и сразу видит педагог","I'm looking for thoughts on how to do this in a place where the students can input their answers, see their answers, and I can see them too. We're a 1:1 school, so every student has a laptop or iPad.",нет данных,"Личный Google Doc у каждого ученика с доступом для педагога, но их приходится открывать по одному каждую неделю",,Устройства 1:1 выдаёт школа,https://www.reddit.com/r/MusicEd/comments/6g2rwe/practice_logsin_the_cloud/,Reddit: K-12 band/orchestra и учительские будни
158,r/MusicEd,2023-02-14,студент учреждения,технологии-LMS-приватность,2,"Автооценка SmartMusic/MakeMusic Cloud ошибается, и преподаватель всё равно проверяет записи вручную","on certain assignments unless you record with your mic is just the absolute perfect position it’ll only give you like a 65% or something. My aural skills prof is literally on the board for MMC and she has no idea how to get someone to fix it, so she just has to grade a lot of our assignments by hand which defeats the purpose",Педагог из поста и другие комментаторы пишут о тех же сбоях,Ручная проверка записей преподавателем,Университет/кафедра использует платный MMC,,https://www.reddit.com/r/MusicEd/comments/112ixzu/smart_music_now_make_music_cloud/j8kvutm/,Reddit: K-12 band/orchestra и учительские будни
159,r/MusicEd,2023-02-14,K-12 педагог,технологии-LMS-приватность,2,Платный софт для практики глючит на школьных устройствах; поддержка и школьный IT не могут помочь,"I am fortunate that my school district supports funding it. However, over the last couple months the mp3 tracks skip randomly. I have talked with their customer support and my IT department and nobody can seem to figure it out.","«Yes! While running the audio during my classes, it will skip.» и подтверждение от студента колледжа",,Платит district (подписка SmartMusic),Школьный IT; зависимость от школьных устройств и браузеров,https://www.reddit.com/r/MusicEd/comments/112ixzu/smart_music_now_make_music_cloud/,Reddit: K-12 band/orchestra и учительские будни
160,r/MusicEd,2023-02-14,K-12 педагог,технологии-LMS-приватность,2,"Софт не работает на стандартных школьных устройствах и в браузере Chrome, а вендор перекладывает проблему на школу","They told me this only seems to impact our devices, so it must be something we need to fix on our end. I’m beyond frustrated. Btw, we use Chrome too. I tried it on Safari and it worked without a hitch…my school doesn’t have Safari though.",Есть подтверждения от других пользователей,,district,Школьные устройства (Chromebook/Chrome); другой браузер поставить нельзя,https://www.reddit.com/r/MusicEd/comments/112ixzu/smart_music_now_make_music_cloud/j8ot7qf/,Reddit: K-12 band/orchestra и учительские будни
161,r/MusicEd,2023-02-14,родитель,технологии-LMS-приватность,2,"Школьное приложение для записи заданий неверно оценивает ноты и не даёт сдать работу, ребёнок мучается",every assignment in this app is torture. It constantly tells her she’s not hitting the right notes (she is) or it won’t let her save/submit her work. It’s crap if you ask me.,В треде другие пишут об ошибках распознавания,,,,https://www.reddit.com/r/MusicEd/comments/112ixzu/smart_music_now_make_music_cloud/ma44q1j/,Reddit: K-12 band/orchestra и учительские будни
162,r/MusicEd,2020-07-16,K-12 педагог,бюджет-ресурсы,2,Бюджета district не хватает на аккаунты всем ученикам; приходится думать о совместных аккаунтах,I also won't be able to purchase an account for all of my students (would need about 100) so I was considering the possibility of students sharing accounts (would probably purchase closer to 50...at the most),нет данных,Общие аккаунты на нескольких учеников,district рассматривает покупку SmartMusic для начальных band-классов,Цена за ученика; закупка через district; лицензионные ограничения,https://www.reddit.com/r/MusicEd/comments/hsb8ey/smartmusic_looking_for_insight/,Reddit: K-12 band/orchestra и учительские будни
163,r/MusicEd,2020-07-16,K-12 педагог,технологии-LMS-приватность,1,"Боязнь, что проблемы со звуком на Chromebook/iPad отнимут кучу времени","Honestly, this is the only thing that bothers me about SmartMusic. I'm hoping troubleshooting won't become some massive headache.",Ответ на вопрос «How well does this tool work with Chomebooks vs Ipads? Anyone have troubleshooting tips for audio issues?»,,district,Совместимость со школьными устройствами,https://www.reddit.com/r/MusicEd/comments/hsb8ey/smartmusic_looking_for_insight/fyabe9l/,Reddit: K-12 band/orchestra и учительские будни
164,r/Teachers,2021-12-20,K-12 педагог,бюджет-ресурсы,3,"Нулевой бюджет, один человек на все музыкальные роли K-12, в итоге ушёл из профессии",I had a budget of $0 and every cent that I spent came from either my own pocket,"«I recently got out of teaching elementary music, too... the burnout is no joke»; «I’m so burnt out. But I can’t live without a pay check.»",Свои деньги и fundraising,Платил сам педагог,Нулевой бюджет,https://www.reddit.com/r/Teachers/comments/rkclm9/i_finally_quit_teaching_after_9_years_in_the/,Reddit: K-12 band/orchestra и учительские будни
165,r/MusicEd,2018-06-10,K-12 педагог,бюджет-ресурсы,2,Бюджет на ноты кончается к январю; педагог докупает на свои,I’d also say acknowledgement of the fact that we buy things out of pocket is a big thing. All of the spring music I bought with my own money because my measly budget was gone by January.,Ответ на пост о нехватке ресурсов; пишет «I cannot echo scheduling support enough»,Покупает за свой счёт,Педагог платит сам за расходники,Маленький годовой бюджет,https://www.reddit.com/r/MusicEd/comments/8q1zbt/hs_music_teachers_what_do_you_need_from_your/e0g47rl/,Reddit: K-12 band/orchestra и учительские будни
166,r/MusicEd,2018-06-10,K-12 педагог,расписание-комнаты-отмены,2,Школьное расписание ставит продвинутые курсы на время ансамбля и забирает лучших музыкантов,"As the school started to add advanced classes like calculus, they continually tried to schedule the classes for first block, pulling away a lot of the band’s leaders and advanced musicians.",«This is #1 in my opinion»; «I'm literally fighting this battle right now»; «I cannot echo scheduling support enough»,,,,https://www.reddit.com/r/MusicEd/comments/8q1zbt/hs_music_teachers_what_do_you_need_from_your/e0fta5k/,Reddit: K-12 band/orchestra и учительские будни
167,r/MusicEd,2018-06-10,K-12 педагог,администрация-бюрократия,3,"Администрация хвалит программу, но не даёт ресурсов и поддержки; педагог сорвался и собирается уйти после tenure","They seem to think that I and the students can do everything with no resources, no support, and with infinite flexibility for other staff getting in the way.",Автор в комментарии: «after that I'm out the door»; другие согласны про расписание и деньги,"Список требований к администрации (помещение, расписание, дополнительный педагог)",,,https://www.reddit.com/r/MusicEd/comments/8q1zbt/hs_music_teachers_what_do_you_need_from_your/,Reddit: K-12 band/orchestra и учительские будни
168,r/MusicEd,2026-08-05,K-12 педагог,администрация-бюрократия,3,"Новый хормейстер не получил от предшественника ни нотной библиотеки, ни записей о том, что пройдено","I found out quickly I have no folders, no library, no record of what was done, only one singular performance within 8 years in my state's adjucation series",«This sounds a lot like my school...»; «feels like they totally deceived you into accepting the job»,"Обучение на слух, окружная нотная библиотека (BOCES), обращение к соседним директорам",Ноты можно покупать из денег на учебники (совет в комментарии),Бюджет,https://www.reddit.com/r/MusicEd/comments/1vftzhf/completely_swamped_and_overwhelmed_with_new_high/,Reddit: K-12 band/orchestra и учительские будни
169,r/MusicEd,2021-12-08,K-12 педагог,оценивание-отчётность,2,"Сольные записи для оценки вызывают тревогу и перфекционизм, даже сильные ученики не могли сдать записи","So many of them couldn't manage their time, perfectionism, or anxiety when the microphone was turned on: they could only feel safe performing in the group.",нет данных,Отказ от записей: вместо них письменный отчёт о трёх записях произведения,,,https://www.reddit.com/r/MusicEd/comments/rbic0u/concert_make_ups/hnopeq3/,Reddit: K-12 band/orchestra и учительские будни
170,r/MusicEd,2021-12-08,K-12 педагог,оценивание-отчётность,2,"Отработки пропущенных концертов: плагиат, конфликты с родителями, лишняя работа",Been rethinking my make up assignment for high school choir because I had a major blow up with a parent over a partially plagiarized (but some syntax shifted around 🙄) and that hassle isn’t worth it for me.,В треде несколько педагогов делятся своими вариантами отработок,Спеть короткую песню одному под караоке с YouTube или сделать презентацию,,,https://www.reddit.com/r/MusicEd/comments/rbic0u/concert_make_ups/hnokdy2/,Reddit: K-12 band/orchestra и учительские будни
171,r/Teachers,2024-12-05,K-12 педагог,бюджет-ресурсы,2,"Школьные консультанты записывают в музыку всех, кому не нашлось места («there's room in music and no where else»): переполненные смешанные классы","So all classes are pretty much over filled, for example: 38 to 45 students.","Комментатор нашёл, что в его штате общий лимит 30, а для музыки и PE — 40",,,,https://www.reddit.com/r/Teachers/comments/1h7e3ka/counselors_dumping_students_in_music_class/,Reddit: K-12 band/orchestra и учительские будни
172,r/MusicEd,2024-05-12,K-12 педагог,администрация-бюрократия,2,"Кроме преподавания — бюджет, бумаги и fundraising","I feel you! I didn’t even mention the budgeting, paperwork, and fundraising. 😥 it’s so much.",Ответ автора поста на комментарий о той же нагрузке,,,,https://www.reddit.com/r/MusicEd/comments/1cq6thc/thinking_about_leaving_hs_music_and_am/l3pklgb/,Reddit: K-12 band/orchestra и учительские будни
173,r/MusicEd,2024-05-12,K-12 педагог,выгорание-нагрузка-оплата,3,"Нагрузка HS band director съедает семейную жизнь (вечера, выходные, соревнования)","high school band director is a lifestyle, and I've seen plenty of marriages collapse from it.",Ответ на комментарий о разведённых band directors; ещё несколько историй об уходе ради семьи,Переход в middle/elementary,,,https://www.reddit.com/r/MusicEd/comments/1cq6thc/thinking_about_leaving_hs_music_and_am/l3pf7x9/,Reddit: K-12 band/orchestra и учительские будни
174,r/MusicEd,2024-05-12,K-12 педагог,выгорание-нагрузка-оплата,2,"155 учеников на одного педагога, а директор под давлением родителей требует новых программ",I have 155 students I can't run a separate program for 7 kids Even if I could make it work.,нет данных,,,,https://www.reddit.com/r/MusicEd/comments/1cq6thc/thinking_about_leaving_hs_music_and_am/l3qkps6/,Reddit: K-12 band/orchestra и учительские будни
175,r/MusicEd,2024-05-12,K-12 педагог,родители,2,Родители недовольны при любых результатах; педагог теперь работает строго по контракту,"Moved to a new job and no matter what I did, it was never good enough for the parents.",нет данных,"Работа строго по контракту, никакой бесплатной сверхурочной работы",,,https://www.reddit.com/r/MusicEd/comments/1cq6thc/thinking_about_leaving_hs_music_and_am/l3qs39x/,Reddit: K-12 band/orchestra и учительские будни
176,r/MusicEd,2024-03-06,K-12 педагог,оценивание-отчётность,2,"40 начинающих в классе: на индивидуальную работу нет времени, ученица отказывается сдавать playing test","She's asked for help before, and I've done my best for a class of 40 5th graders, but I lack individualized instruction time so I do understand her problem.",Много советов в треде; другие педагоги тоже сталкиваются с отказами,Один плюс и одна зона роста для каждого ученика,,,https://www.reddit.com/r/MusicEd/comments/1b7qtuo/playing_test_refusal_help/,Reddit: K-12 band/orchestra и учительские будни
177,r/MusicEd,2024-03-06,K-12 педагог,оценивание-отчётность,2,Playing tests в классе съедают урок,I moved to doing my playing tests online. I hated using a class period for it. Would you say the in class playing serves the purpose you want? I give every kid the option during class to go in the practice room and record. They can also do it at home.,Ученики этого педагога сами проголосовали записываться дома или в practice room,Записи playing tests онлайн: дома или в practice room; без 1:1 — дешёвый рекордер Zoom,,Нет устройств 1:1,https://www.reddit.com/r/MusicEd/comments/1b7qtuo/playing_test_refusal_help/ktkf2bu/,Reddit: K-12 band/orchestra и учительские будни
178,r/MusicEd,2024-03-06,K-12 педагог,оценивание-отчётность,1,"Нужно индивидуально оценить каждого в большом ансамбле, не тратя уроки",something that works surprisingly well is to have them record right during class with everyone (or a smaller group - say all the trumpets or whatever) playing together.,«this is also a good method!»,"Все записываются одновременно на свои устройства 1:1, положенные рядом",,Нужны устройства 1:1,https://www.reddit.com/r/MusicEd/comments/1b7qtuo/playing_test_refusal_help/ktp5seo/,Reddit: K-12 band/orchestra и учительские будни
179,r/MusicEd,2024-03-06,K-12 педагог,оценивание-отчётность,1,"Тревожным ученикам нужна безопасная пересдача, и она отнимает у педагога обед","You can come in at lunch to retest as many times as you like, until report card marks are due.",Похожую политику пересдач описывает ещё один педагог (ktlte81),"Бесконечные пересдачи в обед, оценка не снижается",,,https://www.reddit.com/r/MusicEd/comments/1b7qtuo/playing_test_refusal_help/ktmtqcx/,Reddit: K-12 band/orchestra и учительские будни
180,r/MusicEd,2024-03-06,K-12 педагог,выгорание-нагрузка-оплата,2,300+ учеников: индивидуальный подход невозможен,"I have 300+ students this year. I have one consistently refuse to play in class. I just give her a zero in the gradebook, and if she wants to fix it she can come in during home room.",нет данных,"Ноль в журнале, исправить можно в home room",,,https://www.reddit.com/r/MusicEd/comments/1b7qtuo/playing_test_refusal_help/ktke2v9/,Reddit: K-12 band/orchestra и учительские будни
181,r/MusicEd,2024-03-06,K-12 педагог,оценивание-отчётность,1,Проверку тревожных учеников приходится переносить в видеозаписи и отдельно писать родителям,"I’d give her the option to do it on flip or something, and probably write home and be like “she needs to turn this in for her assessment.”",нет данных,Сдача видео через Flip и письмо родителям,,,https://www.reddit.com/r/MusicEd/comments/1b7qtuo/playing_test_refusal_help/ktli3ke/,Reddit: K-12 band/orchestra и учительские будни
182,r/MusicEd,2024-10-20,K-12 педагог,качество-методика-обучение-педагогов,2,"В хоре нет времени на индивидуальные навыки: слабый по интонации ученик прячется за секцией и сам не знает, что отстаёт","I just do NOT have time in the classroom to work so much on skill-building while also trying to get the students to practice our concert materials. However, as mentioned, the collective does not equal the individual.",нет данных,"Распевка, гаммы, чтение с листа, потом концертный материал; совет — испытательный срок и пересдача",Школа может найти деньги на тьютора/вокального коуча 1–2 раза в неделю в учебное время (комментарий lt9ugpz),Бюджет школы,https://www.reddit.com/r/MusicEd/comments/1g8brot/addressing_individual_skills_throughout_an/,Reddit: K-12 band/orchestra и учительские будни
183,r/MusicEd,2024-10-01,родитель,оценивание-отчётность,2,"Хормейстер ставит оценку без обратной связи и рубрики; родитель и частный педагог не понимают, что исправлять","My daughter wants to learn, and she has nothing to go on. She does receive private instruction and does well in NATS competitions, so her private teacher is stumped. I suspect the grades are arbitrary",Педагоги: «I do believe a rubric should be provided»; «feedback is really important so that the perception that grades are arbitrary really doesn't take hold»,Попросить рубрику по email; score sheets на внешних конкурсах,Родитель платит частному педагогу,,https://www.reddit.com/r/MusicEd/comments/1ftxls1/feedback_on_individual_assessment_for_high_school/,Reddit: K-12 band/orchestra и учительские будни
184,r/MusicEd,2024-10-01,родитель,родители,2,"Письменная обратная связь (score sheet) помогает расти, а школьные оценки без объяснений кажутся произвольными",But do you explain grades? That is the issue. They feel arbitrary and that hurts my daughter. She has not made the cut in outside competitions where the score sheets have helped her improve and make the cut the next time.,Педагог lpzfzdn предлагает давать «three things to work on»,,,,https://www.reddit.com/r/MusicEd/comments/1ftxls1/feedback_on_individual_assessment_for_high_school/lpvpn20/,Reddit: K-12 band/orchestra и учительские будни
185,r/MusicEd,2023-12-20,K-12 педагог,расписание-комнаты-отмены,2,"Других учеников забирают с урока музыки на мероприятия, а playing tests и концерт горят","Kids have playing tests they haven't finished, we have a concert the week after break, and I subscribe to this radical notion that we should be...teaching.",«You are not alone»; «My specials team lead calls us the Mushroom Men»,Заранее писать командам учителей про их планы,,,https://www.reddit.com/r/MusicEd/comments/18n0usr/the_life_of_a_specials_teacher/ke97jl8/,Reddit: K-12 band/orchestra и учительские будни
186,r/MusicEd,2023-12-20,K-12 педагог,выгорание-нагрузка-оплата,3,Pull-out уроки band срывают постоянно; педагог хочет уйти из band в general music,I'm all pullout. It was never this bad. I don't even want to teach band anymore.,Цепочка согласий в треде,Подаёт на вакансии general music,,,https://www.reddit.com/r/MusicEd/comments/18n0usr/the_life_of_a_specials_teacher/keke48k/,Reddit: K-12 band/orchestra и учительские будни
187,r/MusicEd,2026-01-17,K-12 педагог,технологии-LMS-приватность,2,Нет удобного онлайн-инструмента для оценки музыкальных навыков; через Google Classroom мучение,there’s not very good programs online that can easily assess music skills. I’ve attempted through google classroom but it’s pain.,нет данных,"Google Classroom; Music Play Online, Quaver для уроков",,,https://www.reddit.com/r/MusicEd/comments/1qfrrjj/whats_your_biggest_pain_point/o07ebie/,Reddit: K-12 band/orchestra и учительские будни
188,r/MusicEd,2022-03-11,K-12 педагог,оценивание-отчётность,2,Recorder Karate с практикой дома и сдачей «поясов» через Flipgrid — слишком много логистики и проверок при одной встрече в неделю,"And, honestly, it's been WAY less work. No ordering recorders or testing for belts or coordinating practice sessions since they can't all play at once because it's way too loud.",Многие поддерживают: «I hate recorders and haven't done them for years. You are not crazy»,Замена на Orff и укулеле,Грант на GamePlan (у другого комментатора),,https://www.reddit.com/r/MusicEd/comments/tbfoy7/elementary_teachers_am_i_crazy_for_considering/,Reddit: K-12 band/orchestra и учительские будни
189,r/MusicEd,2022-03-11,K-12 педагог,родители,2,"Требования к педагогу растут, а родители ни за что не отвечают",the bulk of frustration in my workplace is how the demands on individual teachers keeps growing but the accountability of parents and family members is gone.,нет данных,,,,https://www.reddit.com/r/MusicEd/comments/tbfoy7/elementary_teachers_am_i_crazy_for_considering/i0aeppp/,Reddit: K-12 band/orchestra и учительские будни
190,r/MusicEd,2026-03-30,K-12 педагог,выгорание-нагрузка-оплата,3,Гонка за соревнованиями в marching band важнее музыки и индивидуальной техники; педагог ушёл,i came to say this; obsessions with competition over music-making is why I quit teaching full time in SC,Много согласных: «shortcuts that get a good ensemble result but lead to bad individual technique»,,Семьи платят взносы до $1800 (из поста),,https://www.reddit.com/r/MusicEd/comments/1s7wcab/tired_of_seeing_competitive_hs_band_schedules/odk93vn/,Reddit: K-12 band/orchestra и учительские будни
191,r/MusicEd,2024-06-24,K-12 педагог,бюджет-ресурсы,1,Педагоги музыки привычно тратят свои деньги на класс; урок «с тележки» без кабинета,"Before we start, I just want to state that I'm a HUGE advocate for NOT SPENDING YOUR OWN MONEY on a classroom.","«This is spot on. New teachers, this person gets it.»","Не больше $100 своих денег в год, минимальный набор материалов","Педагог тратит $100 в год только на то, что облегчает ему жизнь",,https://www.reddit.com/r/MusicEd/comments/1dn2ipe/teaching_on_a_cart/,Reddit: K-12 band/orchestra и учительские будни
192,r/MusicEd,2025-10-12,K-12 педагог,родители,2,"Band director не считают профессионалом ни коллеги, ни дети, ни родители; частные педагоги противоречат его указаниям","It’s hard not to take the “just a band director” to heart. The amount of those comments I hear from co-workers absolutely drives me insane. Same from kids, same from parents","Много поддержки в треде, «This! All day!!»",Предложить встречу с частным педагогом; письмо родителю,,,https://www.reddit.com/r/MusicEd/comments/1o4ehsm/just_a_band_director/nj32wyq/,Reddit: K-12 band/orchestra и учительские будни
193,r/MusicEd,2023-02-14,K-12 педагог,технологии-LMS-приватность,1,"Ценность: персональные аккомпанементы и записи, отправленные ученику для практики (позитивный опыт SmartMusic)","I could change the speed, record it to send it to a kid to practice with. Save a concert worth of playbacks for a bunch of solo's in a concert.",нет данных,SmartMusic для аккомпанементов на уроках 12 лет,Школа/программа платила за SmartMusic,,https://www.reddit.com/r/MusicEd/comments/112ixzu/smart_music_now_make_music_cloud/l7dsn4p/,Reddit: K-12 band/orchestra и учительские будни
194,r/Professors,2018-08-28,неясно,выгорание-нагрузка-оплата,2,"Адъюнктам по музыке платят только за аудиторные часы, а реальная нагрузка в 2–3 раза больше, поэтому фактическая ставка очень низкая","He's getting paid $26 an hour for 3 hours of class time, plus 1/2 hour prep and 1/2 office hour per week, so 4 hours per week for 16 weeks. But he's told me he's anticipating putting in about 10 per week in total to have proper prep time",В комментариях подтверждают: «I have friends with steady adjunct gigs who make peanuts on bad years»,"Частные уроки, репетиторство, выступления параллельно",,,https://www.reddit.com/r/Professors/comments/9az0a3/are_there_any_adjunct_music_professors_here/,Reddit: преподаватели колледжей и университетов
195,r/Professors,2018-08-28,преподаватель колледжа-университета,выгорание-нагрузка-оплата,2,"Адъюнкт полностью зависит от бюджета, прожить на эти деньги трудно; выход только через докторскую степень","I did the same for adjunct teaching and decided to get my DMA so that I would have more job security. An adjunct is always at the whims of the budget, and it is hard to make a living like that.",Ответ на вопрос «do adjuncts really get those luxuries? no»,Получить DMA ради стабильности,,бюджет департамента,https://www.reddit.com/r/Professors/comments/9az0a3/are_there_any_adjunct_music_professors_here/e4zjll6/,Reddit: преподаватели колледжей и университетов
196,r/Professors,2018-08-28,преподаватель колледжа-университета,оценивание-отчётность,1,"Подготовка и проверка заданий по теории отнимают у адъюнкта больше времени, чем оплачивается","There is more prep than you think- especially grading part-writing assignments. If you have a small class, you might be able to save some time.",нет данных,Повторное использование материалов в последующие годы,,,https://www.reddit.com/r/Professors/comments/9az0a3/are_there_any_adjunct_music_professors_here/e4zi57p/,Reddit: преподаватели колледжей и университетов
197,r/MusicEd,2020-07-30,преподаватель колледжа-университета,выгорание-нагрузка-оплата,2,"У адъюнкта по индивидуальным урокам 9 студентов и курс, а в год выходит около $12 000 без соцпакета","FWIW in my year as an adjunct applied instructor I also taught a graduate-level music history course. All it represented was another 3 credit hours worth of adjunct pay. I think between the 9 private lessons and one 3-hr class per semester I made about 12,000 that year with no benefits.",В треде несколько похожих историй («No benefits? That's not okay.»),,,,https://www.reddit.com/r/MusicEd/comments/i0np95/university_job_offer/fzum651/,Reddit: преподаватели колледжей и университетов
198,r/MusicEd,2020-07-30,преподаватель колледжа-университета,найм-удержание-педагогов,2,"Музыкальные департаменты структурно больше других зависят от адъюнктов, потому что по каждому инструменту нужен свой педагог для индивидуальных занятий","Of course, in music departments, the need to have a private instructor for each instrument even though there might only be one or two students means music departments rely *more* on adjuncts than other departments typically do.","«I agree with those who are observing that this is, unfortunately, completely the norm»",,,,https://www.reddit.com/r/MusicEd/comments/i0np95/university_job_offer/g00gvp9/,Reddit: преподаватели колледжей и университетов
199,r/MusicEd,2020-07-30,преподаватель колледжа-университета,найм-удержание-педагогов,3,Адъюнктура вытесняет штатные ставки в искусстве; опытный педагог после сокращения не может найти даже адъюнктскую работу,"Sounds like it is just an adjunct position with a different title. Adjuncitivitis is killing us fine arts instructors. Hell, I cannot even find a decent adjunct job after being laid off 2 years ago.","«It's killing all of higher education, not just the fine arts.»","Работает EMT, чтобы оплачивать счета",,,https://www.reddit.com/r/MusicEd/comments/i0np95/university_job_offer/fzurpce/,Reddit: преподаватели колледжей и университетов
200,r/MusicEd,2020-07-30,преподаватель колледжа-университета,выгорание-нагрузка-оплата,3,Университеты обращаются с адъюнктами как с расходным материалом; частное репетиторство выглядит лучше,"Part time university jobs can be horrific experiences. I would rather be a freelance tutor than return to adjuct teaching. There are more people who want to teach at universities than there are jobs, so universities can afford to treat their lower teachers like the expendable assets that they are.",Несколько согласных ответов в треде,Уход в частное преподавание,,,https://www.reddit.com/r/MusicEd/comments/i0np95/university_job_offer/fzqpb45/,Reddit: преподаватели колледжей и университетов
201,r/MusicEd,2018-07-28,преподаватель колледжа-университета,набор-отток-маркетинг,3,"Педагога общественного колледжа с 15-летним стажем сократили из-за падения набора; штатных ставок нет, адъюнктура не прокормит семью","I was laid off last May due to enrollment decline. I have been actively seeking employment since then, and the number of full-time higher ed jobs in the music field is dismal. There are TONS of adjunct positions, but I have three children I have to support",«I'm in the same boat...»; «I feel you. I got my PhD in hopes of teaching higher ed...»,"Переобучение на другую профессию (сонография, разработка)",,,https://www.reddit.com/r/MusicEd/comments/92j7bw/time_to_find_a_new_field_of_work/,Reddit: преподаватели колледжей и университетов
202,r/MusicEd,2018-07-28,K-12 педагог,выгорание-нагрузка-оплата,3,Доктор наук по музыке ушёл в школу: адъюнктура не позволяет выплатить учебный долг,"I feel you. I got my PhD in hopes of teaching higher ed, but the reality of it is there are very few full-time gigs in higher ed, and public school simply pays WAY better. So my choices - Adjunct and live on the street, or teach public school and manage to pay off my crippling student debt.",«Yeah it sucks.»,Работа в K-12,,,https://www.reddit.com/r/MusicEd/comments/92j7bw/time_to_find_a_new_field_of_work/e3ha06e/,Reddit: преподаватели колледжей и университетов
203,r/Professors,2022-12-05,преподаватель колледжа-университета,администрация-бюрократия,2,"Музыкантов оформили как staff, а не faculty, но спрашивают с них по-преподавательски: встречи, отчёты по оцениванию, курсы плюс 3–6 индивидуальных студентов","We are still expected to attend faculty workshops and meetings as well as all the assessment paperwork, so it’s confusing to me why we are not considered faculty.",Объясняют разными контрактами и профсоюзами,Сравнить свой контракт с контрактом faculty,,,https://www.reddit.com/r/Professors/comments/zcr14b/question_about_facultystaff_title_and_workload/,Reddit: преподаватели колледжей и университетов
204,r/Professors,2026-08-13,руководитель департамента,администрация-бюрократия,2,"Администрация требует от музыкального факультета бесплатных выступлений студентов на мероприятиях, из-за чего преподаватель превращается в бесплатное букинговое агентство","Stop asking Music faculty to coerce music students into providing free entertainment at your events. It’s gross. ... I’m teaching and overseeing several academic programs, not running a goddamned pro bono talent booking agency.","Много подтверждений: «music prof here. Yep, we get this a lot»; «Our department does this.»",«Have the department create a rate sheet for hiring student workers.»,"Организаторы мероприятий готовы платить студентам, но нет формального канала",,https://www.reddit.com/r/Professors/comments/1vnm2z5/dear_campus_admin/,Reddit: преподаватели колледжей и университетов
205,r/Professors,2026-08-13,преподаватель колледжа-университета,выгорание-нагрузка-оплата,2,"Преподавателей-исполнителей постоянно просят бесплатно выступать как «service», хотя у non-TT это не входит в контракт","music prof here. Yep, we get this a lot and we also have our performance faculty constantly getting requests to perform at campus events as unpaid ""service."" Except many are non-TT and don't have service as part of their contract...","«Even worse, are these faculty able to safely say ""no?""»",,,,https://www.reddit.com/r/Professors/comments/1vnm2z5/dear_campus_admin/p3ik2un/,Reddit: преподаватели колледжей и университетов
206,r/Professors,2026-08-13,преподаватель колледжа-университета,администрация-бюрократия,1,Постоянные просьбы прислать студентов бесплатно преподавать музыку,"similarly, I'm sick and tired of getting emails from people asking me if I have students who want to come and ""volunteer"" to teach music somewhere. No. My students are busy and broke AF.",нет данных,Отказ,,,https://www.reddit.com/r/Professors/comments/1vnm2z5/dear_campus_admin/p3iut8p/,Reddit: преподаватели колледжей и университетов
207,r/Professors,2025-10-05,преподаватель колледжа-университета,выгорание-нагрузка-оплата,2,"Преподаватель базовых курсов для музыкантов выгорает на проверке работ студентов, которые не вкладываются","I have roughly 10-18 students per class and this is normal. I’m a young professor, I’m empathetic, I remember what it was like to be a student and to struggle, but grading their homework and tests makes me so angry and I don’t know how to shut it off and only care as much as they do.",Много откликов: «the feeling of disappointment and anger OP describes is very familiar»,Короткие рефлексивные задания и дневники: «I try to build in tiny reflection assignments (ex. journals or other metacognitive things)»,,,https://www.reddit.com/r/Professors/comments/1nyub1n/you_cant_care_more_than_they_do/,Reddit: преподаватели колледжей и университетов
208,r/Professors,2025-10-05,преподаватель колледжа-университета,практика-учеников,2,"Преподаватель не контролирует и не видит, как студенты занимаются самостоятельно","We can't make them learn any more than you can make it rain, because no matter how well you teach the material or how many opportunities you give them to practice, get feedback, get help, et cetera, you can't force them to practice in an intellectually honest manner in their own time.",В ветке много похожих ответов,"Сосредоточиться на студентах, которые стараются",,,https://www.reddit.com/r/Professors/comments/1nyub1n/you_cant_care_more_than_they_do/nhxgk69/,Reddit: преподаватели колледжей и университетов
209,r/Professors,2016-09-29,преподаватель колледжа-университета,технологии-LMS-приватность,2,"Для взаимной оценки выступлений в studio class приходится собирать самодельную систему на Google Forms, а опубликовать записи мешают опасения по FERPA","I'm a music professor, and each week, I hold a ""studio class"" wherein all of my applied lessons students meet as a group. ... the rest of the students rate the performers in various categories: pitch, rhythm, attention to detail, tone quality, etc. All of this is done via googleforms.",«Another applied instrument professor here: ... I really like the concept for this activity»,Google Forms для рубрик; отказ от стриминга и публикации видео,,"FERPA, согласие студентов, одобрение заведующего и compliance",https://www.reddit.com/r/Professors/comments/553kdo/is_this_a_ferpa_violation/,Reddit: преподаватели колледжей и университетов
210,r/Professors,2016-09-29,преподаватель колледжа-университета,технологии-LMS-приватность,2,Любые записи и выступления студентов вне класса упираются в FERPA и требуют согласия,My chair would probably flip. I can't even tell someone that their child is enrolled in my class without a FERPA waiver. I definitely can't put their work out there publicly without their direct consent.,"«Whether it is or not, I wouldn't do it.»; «Don't do it. ... the liabilty factors alone»","Спросить начальство, получить согласие студентов",,"FERPA, ответственность, заведующий кафедрой",https://www.reddit.com/r/Professors/comments/553kdo/is_this_a_ferpa_violation/d879awh/,Reddit: преподаватели колледжей и университетов
211,r/Professors,2016-09-29,преподаватель колледжа-университета,технологии-LMS-приватность,1,"Нужен приватный инструмент, где можно комментировать запись в конкретный момент и обезличивать студентов","I'd think about using a tool like soundcloud , where you can comment on piece of music at the moment. And maybe use ""student 1"" ""student 2"". But I'm not sure I would post those",нет данных,SoundCloud с таймкод-комментариями и псевдонимами,"Упоминается, что SoundCloud «is not as free as it once was»: платить не хотят, ищут бесплатное","приватность, имена студентов",https://www.reddit.com/r/Professors/comments/553kdo/is_this_a_ferpa_violation/d8q541a/,Reddit: преподаватели колледжей и университетов
212,r/Professors,2024-09-12,преподаватель колледжа-университета,здоровье-голоса,2,С переходом на полную ставку голос преподавателя не выдерживает нагрузки,Recently I moved to a full-time position where I have multiple lessons in a day. I have realized my voice cannot take the strain and I need to adjust my approach.,"Десятки советов и подтверждений («I lose my voice when stressed, and from over use»)","Вода, чай, леденцы, петличный микрофон, активное обучение вместо лекций","Покупают себе голосовой усилитель или микрофон, иногда его выдаёт университет",,https://www.reddit.com/r/Professors/comments/1fevvub/what_are_your_tips_for_not_loosing_your_voice/,Reddit: преподаватели колледжей и университетов
213,r/Professors,2024-09-12,преподаватель колледжа-университета,здоровье-голоса,1,Голосовая нагрузка на лекциях; спасает оборудование от университета,"Some schools lend out lapel mics for the semester, mine saves me so much discomfort",«Our school has lapel mics in all of the auditoriums... what a life-saver those mics are!»,Петличный микрофон,Университет выдаёт микрофоны,,https://www.reddit.com/r/Professors/comments/1fevvub/what_are_your_tips_for_not_loosing_your_voice/lmrb60c/,Reddit: преподаватели колледжей и университетов
214,r/Professors,2024-09-12,преподаватель колледжа-университета,здоровье-голоса,1,"Среди преподавателей ходят мифы о голосовой гигиене, в том числе «проекция от диафрагмы»","Hey folks…choral conductor here, obtained my doctorate at a school where significant coursework on vocal anatomy & physiology was required. “Projecting from the diaphragm” is something lots of people say. It is, unfortunately, absolutely inaccurate.",В той же ветке другие советуют именно диафрагму,,,,https://www.reddit.com/r/Professors/comments/1fevvub/what_are_your_tips_for_not_loosing_your_voice/lms1hmu/,Reddit: преподаватели колледжей и университетов
215,r/Professors,2025-06-04,преподаватель колледжа-университета,качество-методика-обучение-педагогов,2,Исполнителей берут преподавать без педагогической подготовки; после выгорания доцент вернулся в адъюнкты,"My terminal degree is in music performance and teaching wasn't really the plan, but this is where I ended up. I'm great at private lessons and ensembles, but I am truly and completely lost on how to lecture.",«Wouldn't it be nice if we required 1-2 education courses for all professors...»,"Центр преподавания и обучения (CTL), посещение занятий коллег",Университет платит за CTL,,https://www.reddit.com/r/Professors/comments/1l3hflb/embarrassing_question_where_to_even_start/,Reddit: преподаватели колледжей и университетов
216,r/Professors,2026-09-20,преподаватель колледжа-университета,бюджет-ресурсы,2,"У департамента искусств (2-2 курса плюс 4 индивидуальных студента) нет денег на исследования и поездки, а обязательной служебной работы много","My university offers zero research support for our department, no travel funds, and very little funding for grad students. Service requirements are pretty high.",Обсуждают кастовую систему TT/NTT,Переход в другой университет,,нет бюджета департамента,https://www.reddit.com/r/Professors/comments/1wlrizu/move_from_tenured_associate_to_teaching_position/,Reddit: преподаватели колледжей и университетов
217,r/Professors,2026-09-20,преподаватель колледжа-университета,администрация-бюрократия,2,К преподавателям вне tenure track относятся как ко второму сорту,"I spent two decades as NTT at two different universities. At the first, the caste system was absolutely palpable; I was a second-class citizen, and they were going to let me know it.","«The culture in some schools creates a caste like system between tenured, TT, visiting and adjuncts.»; «people absolutely do look down on you»",,,,https://www.reddit.com/r/Professors/comments/1wlrizu/move_from_tenured_associate_to_teaching_position/pb42kue/,Reddit: преподаватели колледжей и университетов
218,r/MusicEd,2025-07-28,студент учреждения,качество-методика-обучение-педагогов,3,"Профессор по специальности пропускает оплаченные уроки, не даёт силлабус и критериев, пропускает juries; учёта уроков нет","missed lessons (student pays applied fee for 13 lessons, usually receives 8-10 lessons per semester) ... has never given a syllabi or a grading pol[icy] - missed juries and had student submit videos for jury finals",«Wtf... Definitely go to the dept. chair.»; похожая история: «My studio teacher literally skipped my lessons to go to Pilates»,"Вести лог дат и переписки, идти к заведующему или декану",Студент платит applied fee,,https://www.reddit.com/r/MusicEd/comments/1mbmy5f/tips_on_approaching_professor/,Reddit: преподаватели колледжей и университетов
219,r/MusicEd,2025-07-28,неясно,оценивание-отчётность,2,"Учёт часов инструкции, силлабусы и juries нужны для аккредитации NASM, но департамент их не контролирует","Not offering a minimum number of lessons (instruction hours), no syllabus, missing juries, combing recitals and having an outside instructor (assuming without university approval) come in are all serious violations that en masse can cause a program to lose it’s accreditation with NASM.",Другие комментаторы советуют идти к декану,Жалоба декану,,NASM,https://www.reddit.com/r/MusicEd/comments/1mbmy5f/tips_on_approaching_professor/n5nbz7q/,Reddit: преподаватели колледжей и университетов
220,r/MusicEd,2025-07-28,преподаватель колледжа-университета,администрация-бюрократия,1,"Адъюнкта жёстко контролируют по бумагам (загрузка силлабуса в срок), а штатного профессора, похоже, нет","No syllabus? Major no no. I am adjunct. If I don’t have my syllabus uploaded, I have everyone riding my tail once the deadline has been missed!",нет данных,,,,https://www.reddit.com/r/MusicEd/comments/1mbmy5f/tips_on_approaching_professor/n5nr0jk/,Reddit: преподаватели колледжей и университетов
221,r/MusicMajors,2026-04-15,студент учреждения,бюджет-ресурсы,2,"Аккомпаниатора студент ищет и оплачивает сам, департамент не помогает",i’m doing my senior recital and i’m expected to find and pay for my own accompanist and my department has offered me no resources. is this how other schools are?,«That’s the way it is unless your school is big and has a collab piano program.»; «I did have to pay for that»,"Список пианистов от школы, друзья-пианисты, оплата «a dq blizzard»",Платит студент,,https://www.reddit.com/r/MusicMajors/comments/1smcat7/accompanist/,Reddit: преподаватели колледжей и университетов
222,r/MusicMajors,2026-02-27,студент учреждения,оценивание-отчётность,2,Оценки за juries противоречат ощущению прогресса; нет понятной динамики между семестрами,UGHHHHHH I just got my feedback from my fall 2025 semester jury (my third semester) AND I HAVE THE SAME SCORE AS LAST SEMESTER FROM ONE PROFESSOR AND A LOWER SCORE FROM THE OTHER. Why am I getting WORSE the further I get into college?,«Progress is never really this linear thing»,,,,https://www.reddit.com/r/MusicMajors/comments/1rggstl/juries/,Reddit: преподаватели колледжей и университетов
223,r/MusicEd,2026-08-20,преподаватель колледжа-университета,качество-методика-обучение-педагогов,2,"В общественный колледж приходят студенты без базовой подготовки голоса или инструмента, и их сложно довести до уровня","Kids come in every year with no training at all, never been in an ensemble, can’t read music, intermediate skill level at best on their voice or instrument, but want to be band or choir directors",«I’ve seen students get their degrees in vocal music ed with minimal instrumental skills... It’s an ethical issue»,"Прослушивания, sophomore review, juries как фильтр",,,https://www.reddit.com/r/MusicEd/comments/1vtxs7x/were_any_of_yall_selftaught_or_had_littleno/,Reddit: преподаватели колледжей и университетов
224,r/MusicEd,2026-08-20,неясно,оценивание-отчётность,1,"Juries — это бумажная форма с баллами и галочками, а критерии «провала» для студентов непрозрачны",Our juries had a box the professors could check that said “suggested change of major”,"«I never understood how you could ""fail"" a jury. What does that even mean?»; «You’re not up to their standard. Whatever that meant.»",,,,https://www.reddit.com/r/MusicEd/comments/1vtxs7x/were_any_of_yall_selftaught_or_had_littleno/p53ov7b/,Reddit: преподаватели колледжей и университетов
225,r/MusicEd,2026-08-20,неясно,качество-методика-обучение-педагогов,2,"Дипломы выдают без подтверждённых навыков, и контроль качества на выходе слабый","I’ve seen students get their degrees in vocal music ed with minimal instrumental skills. I’ve seen other students get their degrees in instrumental music ed with only percussion skills. Now, do these students go on to get full-time jobs in K-12? Mostly they don’t. It’s an ethical issue and no one talks about it.",«A lot of institutions will hand out music degrees cheaply»,,,,https://www.reddit.com/r/MusicEd/comments/1vtxs7x/were_any_of_yall_selftaught_or_had_littleno/p4x3j53/,Reddit: преподаватели колледжей и университетов
226,r/Professors,2025-04-18,преподаватель колледжа-университета,практика-учеников,2,"Студенты-музыканты не понимают, как заниматься самостоятельно, ищут быстрый рецепт и жалуются заведующему","I said that I spent hours in a practice room with a piano, recording myself, using ear training apps (and recommended a specifically good one). She was looking for a secret recipe, a quick fix, that doesn’t exist ... She left in a huff and I knew she’d go straight to my chair.",«Almost verbatim. I also told a different student that the more music you listen to the better your ear gets and he was visibly offended.»,"Самозапись, приложение Complete Ear Trainer","Педагог рекомендует конкретное приложение, платит студент",,https://www.reddit.com/r/Professors/comments/1k2allz/i_told_a_student_to_go_practice_and_she_told_my/,Reddit: преподаватели колледжей и университетов
227,r/Professors,2023-03-06,преподаватель колледжа-университета,выгорание-нагрузка-оплата,3,Низкая оплата вынуждает уйти; при этом созданные педагогом видеоматериалы в Canvas остаются у университета,"I may be leaving the school after this academic year because my low pay (averaging less than 1% raise every year on top of low base salary) + travel expenses (90m drive) are becoming too prohibitive ... Over the past 4 years, I've created a whole series of video tutorials for Ableton Live that we host privately on our music department Vimeo channel. The videos are embedded into canvas",нет данных,Приватный Vimeo департамента плюс встраивание в Canvas,Департамент платит за Vimeo,"права на материалы, IP",https://www.reddit.com/r/Professors/comments/11jr6tm/can_my_university_continue_to_use_my_teaching/,Reddit: преподаватели колледжей и университетов
228,r/MusicEd,2026-01-09,преподаватель колледжа-университета,качество-методика-обучение-педагогов,1,"Новому педагогу по вокалу в колледже не хватает структурированной методики и материалов, как у фортепиано (Faber)",I recently got a job with my college giving private voice and piano lessons. My ptoblem is I don't know what books to tell the voice students to buy.,нет данных,Поиск советов на Reddit,Студенты покупают пособия,,https://www.reddit.com/r/MusicEd/comments/1q8kaop/what_workbooks_exist_for_voice_lessons/,Reddit: преподаватели колледжей и университетов
229,r/MusicEd,2026-08-14,неясно,технологии-LMS-приватность,2,"Технические приоритеты, репертуар и записи уроков студентов разбросаны по тетрадям и папкам","As a vocal instructor, I got tired of having students technical priorities, repertoire goals, and lesson recordings scattered across random notebooks or folders. To fix this, I built Soniva, The Companion for Voice Teachers",Комментариев нет (0 ответов),"Конкурент Soniva: лог урока, «vocal diary» с аудиоклипами, практические рутины для студентов","Сигнал конкурента, платит педагог",,https://www.reddit.com/r/MusicEd/comments/1voimsb/new_tool_for_tracking_lessons_and_student_journey/,Reddit: преподаватели колледжей и университетов
230,r/Professors,2026-08-15,преподаватель колледжа-университета,выгорание-нагрузка-оплата,1,Путь к полной ставке — 6 лет адъюнктуры плюс частные уроки; первая полная ставка означает нагрузку 4-4 и 5 курсов,"the total student count across 5 classes will be 65. So doable but intense. But hey, at least I get benefits now. Honestly getting to teach music full-time and be done with instruction by noon is a dream after 6 years of adjuncting a bunch and teaching private lessons to kids after school.",нет данных,Частные уроки детям после работы,,,https://www.reddit.com/r/Professors/comments/1vpdt1n/about_to_start_my_first_fulltime_lecturer_gig_44/,Reddit: преподаватели колледжей и университетов
231,r/Professors,2025-03-14,преподаватель колледжа-университета,оценивание-отчётность,2,Письменные задания по музыке массово делают с ИИ,I’m an adjunct music professor at a community college and I want your perspectives/opinions. Ai has gotten simply out of control and I’m getting really sick of the flagrant use of it.,нет данных,"Задания на прослушивание и аудиофрагменты, где ИИ легко распознать; одна пересдача",,,https://www.reddit.com/r/Professors/comments/1jave5t/professors_what_is_your_ai_policy/,Reddit: преподаватели колледжей и университетов
232,r/MusicEd,2020-02-14,студент учреждения,расписание-комнаты-отмены,2,"Педагог-адъюнкт работает удалённо и в нескольких местах, поэтому не удаётся согласовать прослушивание перед сольным концертом с комиссией",My professor is adjunct and can't find time to make the trip down for my hearing except for days when no other faculty is available.,нет данных,,,,https://www.reddit.com/r/MusicEd/comments/f3sout/senior_recital/,Reddit: преподаватели колледжей и университетов
233,r/Professors,2024-10-11,преподаватель колледжа-университета,оценивание-отчётность,2,"Половина группы не пришла на промежуточные презентации; молодой адъюнкт не знает, как поступить","I teach music theory, ear training, and private composition lessons. ... I assigned a relatively low-work midterm project several weeks ago but the deadline was on the syllabus schedule from the beginning of the semester.",нет данных (комментарии не открывались),,,,https://www.reddit.com/r/Professors/comments/1g1c56a/half_my_class_didnt_show_up_to_their_midterm/,Reddit: преподаватели колледжей и университетов
234,r/MusicMajors,2024-12-05,студент учреждения,выгорание-нагрузка-оплата,2,"Студент-вокалист 4-го курса перегружен (работа, 4 ансамбля, учёба) и не успевает выучить наизусть программу к jury: 3 из 7 произведений не готовы","On top of applied voice, I work 31 hours a week, sing in 4 vocal ensembles, music direct and compose for one of them, all on top of being a full time student.",нет данных,mock jury у своего педагога перед настоящим jury,,,https://www.reddit.com/r/MusicMajors/comments/1h755rt/about_12_hours_away_from_my_last_mock_vocal_jury/,Reddit: студенты учреждений о системе обучения
235,r/MusicMajors,2026-02-27,студент учреждения,оценивание-отчётность,3,"Оценка на jury раз в семестр не показывает прогресс; студент видит стагнацию и думает, что он «не на своём месте»",I just got my feedback from my fall 2025 semester jury (my third semester) AND I HAVE THE SAME SCORE AS LAST SEMESTER FROM ONE PROFESSOR AND A LOWER SCORE FROM THE OTHER. Why am I getting WORSE the further I get into college?,Комментатор утешает: «Progress is never really this linear thing... Once you're out there and look back only then you will see where you have improved» — прогресс видно только задним числом,"сравнение себя с друзьями; ждать, что прогресс станет виден потом",,,https://www.reddit.com/r/MusicMajors/comments/1rggstl/juries/,Reddit: студенты учреждений о системе обучения
236,r/MusicMajors,2023-04-06,студент учреждения,выгорание-нагрузка-оплата,3,"Музыкальный факультет «душит» любовь к музыке: стресс от juries, теории, сравнение с другими","It feels like majoring in music, with all the thriving musicians around me, stress with juries, and difficulties in music theory-","Другой студент: «I am also planning to change majors next year, but with a music minor»; совет: «Go to a smaller, less competitive, program. They will foster talent rather than crush it.»",смена специальности на music minor; переход в менее конкурентную программу,,,https://www.reddit.com/r/MusicMajors/comments/12dlqjd/has_being_a_music_major_suffocated_your_passion/,Reddit: студенты учреждений о системе обучения
237,r/MusicMajors,2023-02-03,студент учреждения,практика-учеников,2,Студенту трудно практиковаться регулярно; от этого страдают уроки и отношения с профессором студии,"When I started school, I had a lot of trouble maintaining consistent practice. This obviously caused a lot of trouble in my lessons, and I do think I deserve a lot of the frustration I was met with.",нет данных,,,,https://www.reddit.com/r/MusicMajors/comments/10sx8hp/is_my_teacher_emotionally_manipulative_or_is_this/,Reddit: студенты учреждений о системе обучения
238,r/MusicMajors,2023-02-03,студент учреждения,качество-методика-обучение-педагогов,3,"Страшно идти на урок к профессору студии из-за манипулятивного и жёсткого общения; жаловаться некуда, кроме как напрямую руководству","I've tried a long time to convince myself that he was a good teacher and I was just sensitive, but it's getting to where the idea of going to my lesson is pretty scary.",Комментатор: «this is horrible. I would go to the head of the school of music about this»; «Many of my friends have told me that this isn't okay»,встреча однокурсника с президентом школы музыки,,,https://www.reddit.com/r/MusicMajors/comments/10sx8hp/is_my_teacher_emotionally_manipulative_or_is_this/j7gvo15/,Reddit: студенты учреждений о системе обучения
239,r/MusicMajors,2023-07-14,студент учреждения,качество-методика-обучение-педагогов,2,"Обязательные индивидуальные уроки с одним профессором; конфликт со всей студией, и сменить педагога трудно",Everyone in my studio has has some sort of fall out with Dr. Professor.,«Everyone in my studio» — проблема общая для всей студии,,,,https://www.reddit.com/r/MusicMajors/comments/14z1kn3/issues_with_my_primary_instrumental_professor/,Reddit: студенты учреждений о системе обучения
240,r/MusicMajors,2024-09-01,студент учреждения,выгорание-нагрузка-оплата,2,"Невозможно совместить концерты, репетиции, пары, практику и jury; не хватает сна и времени на семью","i really struggle to organise myself with the concerts, the reharsals, the classes, the practice, the jury etc....any tips ?",Комментатор: «I felt the same way when I started out»,"расписать «HOUR FOR YOURSELF»; сознательно брать B по второстепенным предметам, чтобы освободить время на практику",,,https://www.reddit.com/r/MusicMajors/comments/1f6qdmw/how_do_you_handle_it_all/,Reddit: студенты учреждений о системе обучения
241,r/MusicMajors,2021-04-13,студент учреждения,расписание-комнаты-отмены,2,"Лимит на классы для занятий (2 часа в день), а дома заниматься нельзя из-за соседей; практики не хватает для оценок","they only allow you to practice up to 2 hours per day. This is just insane to me! I'm a music major, shouldn't I be able to practice more than that, especially since the amount of practice I get directly correlates with my grades?",Другой студент: в его вузе «practice room sign up and the max was an hour at a time»,запись на классы; некоторые игнорируют правила,,,https://www.reddit.com/r/MusicMajors/comments/mpy08p/maximum_2_hours_practice/,Reddit: студенты учреждений о системе обучения
242,r/Choir,2022-04-18,студент учреждения,здоровье-голоса,2,"Педагог вокала в вузе навязывает студентке тип голоса (Fach), и та поёт в неудобной тесситуре",She insists that I’m a mezzo-soprano and forces me to live in the middle of my range (aka the most uncomfortable spot for most of us).,"«It's really exhausting... I've had several singing teachers dismiss it and pushing me into mezzo, or even soprano»","спорить с педагогом, ждать визита к врачу",,,https://www.reddit.com/r/Choir/comments/u6psk0/help_a_voice_student/,Reddit: студенты учреждений о системе обучения
243,r/Choir,2022-03-29,студент учреждения,администрация-бюрократия,1,Хормейстер вуза не предупредил студентов об изменениях в составе перед концертом: студенты чувствуют себя непроинформированными,"Tonight was the first night of practice and when we showed up, there were grad students already on the risers; we went to our spots and our prof just began conducting…","Мнения разделились: «It's the conductors right to do it, but it's his duty to communicate»; другие считают, что обижаться не на что",,,,https://www.reddit.com/r/Choir/comments/tqrhml/feeling_insulted_by_my_choir_professor/,Reddit: студенты учреждений о системе обучения
244,r/MusicEd,2024-01-28,студент учреждения,администрация-бюрократия,2,Обязательное посещение всех концертов (24+ часа за 0 кредитов) при длинной дороге до вуза; профессор вокала ругает,"It hurts so much getting chewed out so much by my voice prof. I’m a commuter and the voice faculty require us to go to ALL performances. 0 credit class, over 24 hours of required watching.",Тред полон «Reading this was like looking in a mirror for me»,,,,https://www.reddit.com/r/MusicEd/comments/1acs618/surviving_choral_music_ed_degree_commuter/koimbx0/,Reddit: студенты учреждений о системе обучения
245,r/MusicEd,2024-01-28,студент учреждения,выгорание-нагрузка-оплата,2,Студентка хорового music ed с СДВГ и без базовой подготовки пересдаёт курсы и платит за лишний семестр; расписание перегружено,I didn’t have any experience with (properly) reading sheet music or playing an instrument (I have a pretty good ear) before I joined but I’ve survived to this point. I had to retake a few classes and now I’ll be paying for the semester I’m student teaching during.,«I’m a junior instrumental music education major as well... have ADHD too. I’ve experienced the exact same things»,"бумажный планер (Happy Planner), разбивать практику на куски по 30 минут, disability services (дополнительное время на тестах), ручка Livescribe для записи лекций",Студенты сами платят за планеры и ручку Livescribe («a bit pricy but it helped me so much»),,https://www.reddit.com/r/MusicEd/comments/1acs618/surviving_choral_music_ed_degree_commuter/,Reddit: студенты учреждений о системе обучения
246,r/MusicEd,2024-01-28,неясно,практика-учеников,2,Студентам music ed физически не хватает времени на практику,Music Ed majors don't practice. There is no time. This is how the career feels. There is no time.,нет данных,,,,https://www.reddit.com/r/MusicEd/comments/1acs618/surviving_choral_music_ed_degree_commuter/kk9fn97/,Reddit: студенты учреждений о системе обучения
247,r/MusicEd,2024-01-28,студент учреждения,оплаты-финансы,2,Студентка-вокалистка не может подработать уроками через программу вуза: уроки вокала мало кто готов оплачивать,"I started working with the lesson-teaching program, but they’re pretty expensive and I haven’t gotten a single student due to the high demand for instrumental lessons (and most ppl don’t want to pay too much for a voice lesson).",нет данных,финпомощь советует брать кредит,Обратный сигнал: низкая готовность платить за уроки вокала у студентов-преподавателей,,https://www.reddit.com/r/MusicEd/comments/1acs618/surviving_choral_music_ed_degree_commuter/kjyaw87/,Reddit: студенты учреждений о системе обучения
248,r/MusicMajors,2024-11-30,студент учреждения,качество-методика-обучение-педагогов,1,"Академические курсы (история музыки) скучные и учат зубрёжке, знания не удерживаются","the listening quizzes are pure short term memorization, and I never retain any information for more than like, a week after a quiz.","«I've heard people in other sections have the same problems»; «Unfortunately, most schools are like this»",перевод в другой вуз,,,https://www.reddit.com/r/MusicMajors/comments/1h3hpwb/is_it_just_me_or_is_music_history_taught/,Reddit: студенты учреждений о системе обучения
249,r/MusicEd,2025-07-28,студент учреждения,администрация-бюрократия,3,"Профессор пропускает индивидуальные уроки: студент платит applied fee за 13 уроков, а получает 8–10; нет силлабуса и критериев оценки","The professor has: - missed lessons (student pays applied fee for 13 lessons, usually receives 8-10 lessons per semester) - offers to pay student to substitute",«Wtf... Definitely go to the dept. chair»; «serious violations that en masse can cause a program to lose it’s accreditation with NASM»,"вести журнал: «create a log (dates, times etc)... (excel is your friend here)», жаловаться заведующему кафедрой или декану, переводиться","Студент платит applied fee за уроки; хочет, чтобы уроки фиксировались и было видно, что оплачено, а что получено",,https://www.reddit.com/r/MusicEd/comments/1mbmy5f/tips_on_approaching_professor/,Reddit: студенты учреждений о системе обучения
250,r/MusicEd,2025-07-28,студент учреждения,качество-методика-обучение-педагогов,3,"Педагог студии пропускает уроки, в студии токсичная культура; студент перевёлся в другой вуз",My studio teacher literally skipped my lessons to go to Pilates and the culture of the studio included hazing from older students towards younger students.,Подтверждает боль автора треда («I was in your shoes at one point»),перевод в другой вуз (часть кредитов не зачли),,,https://www.reddit.com/r/MusicEd/comments/1mbmy5f/tips_on_approaching_professor/n5siujw/,Reddit: студенты учреждений о системе обучения
251,r/MusicEd,2025-07-28,студент учреждения,оценивание-отчётность,2,"Нет силлабуса ни для уроков, ни для ансамблей; оценок и обратной связи по заданиям нет",I don’t know what my grade on the paper was bc I never got it back or got feedback.,Адъюнкт: «No syllabus? Major no no»,,,,https://www.reddit.com/r/MusicEd/comments/1mbmy5f/tips_on_approaching_professor/n5nzvb7/,Reddit: студенты учреждений о системе обучения
252,r/MusicEd,2025-12-13,студент учреждения,оценивание-отчётность,2,"После jury студент видит только оценку в GPA без комментариев и не понимает, что улучшать","I did my jury Monday and today I was checking my gpa and saw that overall I got a B+. But there was no sort of feedback at all, just the grade.",«Seeing no feedback or justification for a grade (as in OPs case) is weird»; «There should be comments»,"просить профессора показать бланки комментариев, фотографировать их или записывать разговор",,,https://www.reddit.com/r/MusicEd/comments/1plaa8q/jury_grading_system/,Reddit: студенты учреждений о системе обучения
253,r/MusicEd,2025-12-13,студент учреждения,оценивание-отчётность,1,"Бланки комментариев с jury хранит университет, у студента их нет, и доступ к ним только через профессора","I never got to keep the sheets (the university kept them), but if I asked my professor then she would retrieve them and go over them with me.","В других вузах «carbon-copy forms. Prof got one copy, student go the other»",бумажные бланки под копирку; профессор разбирает их на следующем уроке,,,https://www.reddit.com/r/MusicEd/comments/1plaa8q/jury_grading_system/ntr4lcf/,Reddit: студенты учреждений о системе обучения
254,r/MusicEd,2025-12-13,студент учреждения,оценивание-отчётность,2,Судьи на jury оценивают непоследовательно: оценка зависит от состава панели,"in my first jury one professor gave me an A-, another a B (my primary instrument professor), and another a C+; it really just depended who was on your judging panel that day",нет данных,,,,https://www.reddit.com/r/MusicEd/comments/1plaa8q/jury_grading_system/ntr4tx7/,Reddit: студенты учреждений о системе обучения
255,r/MusicEd,2025-12-13,студент учреждения,оценивание-отчётность,2,"Студентка-вокалистка получила C при чистом исполнении; комментарии расплывчатые, связь с оценкой непонятна","I got a C on my first jury... I sung all of the correct notes I was memorized etc. The comments they had for me were basically like smile, look like “I enjoy music” and use better breath support.",нет данных,,,,https://www.reddit.com/r/MusicEd/comments/1plaa8q/jury_grading_system/ntr73cf/,Reddit: студенты учреждений о системе обучения
256,r/MusicEd,2026-04-30,студент учреждения,найм-удержание-педагогов,2,"Педагог студии меняется каждый семестр, преемственности нет, и студент каждый раз начинает с нуля","I am on my third semester of lessons, and each semester I have received a new teacher. So, it's been a little rough getting used to everything.","«Same thing happened to me, different teacher all 4 years»; «its really hard when you essentially end up starting over at the begining of each semester»",,,,https://www.reddit.com/r/MusicEd/comments/1szmk61/solo_rep_reduced_to_just_one_etude_for_juries_not/,Reddit: студенты учреждений о системе обучения
257,r/MusicEd,2026-04-30,студент учреждения,оценивание-отчётность,3,Унизительные письменные комментарии на jury; студент искал другой вуз,A percussion professor thought it necessary in the feature book-length critique to mention that it was the most amateurish and unprepared he'd ever seen a student in that setting,нет данных,перевод в другую школу,,,https://www.reddit.com/r/MusicEd/comments/1szmk61/solo_rep_reduced_to_just_one_etude_for_juries_not/ojly8lw/,Reddit: студенты учреждений о системе обучения
258,r/MusicEd,2026-04-30,студент учреждения,администрация-бюрократия,2,"Требования штата к сертификации навязывают классическую программу на инструменте, который студенту не нужен","in order to get a teaching certificate you need 6 semesters of classical instruction on your instrument. And so my concentration is now classical guitar, an instrument I aggressively do not know how to play.",нет данных,,,требования сертификации штата (PA),https://www.reddit.com/r/MusicEd/comments/1szmk61/solo_rep_reduced_to_just_one_etude_for_juries_not/oj41lkl/,Reddit: студенты учреждений о системе обучения
259,r/MusicEd,2026-04-30,студент учреждения,расписание-комнаты-отмены,1,Нужно согласовывать репетиции с концертмейстером; без них урок вокала срывается,I once was kicked out of lesson because I had not rehearsed with my accompanist that week and came in unprepared.,нет данных,,,,https://www.reddit.com/r/MusicEd/comments/1szmk61/solo_rep_reduced_to_just_one_etude_for_juries_not/oj5tjcc/,Reddit: студенты учреждений о системе обучения
260,r/MusicEd,2025-07-29,студент учреждения,практика-учеников,2,"Учебный план перегружен, на практику нет времени, а департамент отмахивается, хотя требования по исполнению остаются","We have to take so many classes that there isn’t much time to practice. When someone brought that up to the department, they claimed “you’re music ed students, you don’t need to be the best at your instrument.”",«Where I did undergrad we were sometimes treated as second class musicians»,,,,https://www.reddit.com/r/MusicEd/comments/1mbx0ok/does_college_focus_too_much_on_performance/n5qi6rl/,Reddit: студенты учреждений о системе обучения
261,r/MusicEd,2025-07-29,неясно,качество-методика-обучение-педагогов,2,"Выпускник music ed: колледж учил репертуару и истории, но почти не учил преподавать музыку","I spent a LOT of time practicing my instrument, and even with that, I rarely got an ""A"" on my juries. The focus was on ""repertoire,"" theory, and music history.","Спорно: часть комментаторов согласна («the education portion of most music ed programs have significant room for growth»), часть возражает","курсы после колледжа, Orff/Kodaly",Выпускники сами платят за курсы после выпуска,,https://www.reddit.com/r/MusicEd/comments/1mbx0ok/does_college_focus_too_much_on_performance/,Reddit: студенты учреждений о системе обучения
262,r/MusicEd,2025-05-26,неясно,качество-методика-обучение-педагогов,1,"Вузы не готовят к частному преподаванию: music ed ориентирован на класс, а не на индивидуальные уроки","colleges and music schools as a whole don’t offer private lesson teaching as a major or even a minor? If you’ve gotten a music education degree, you also know that it’s NOT the same as training for private lesson specific teaching.",Смешанная: многие приводят piano pedagogy и Suzuki как контрпример; другие согласны: «there was virtually no discussion given to the logistical or accounting/financial aspects of running a private studio»,"учиться, наблюдая за своим педагогом; Suzuki training, Gordon Institute; платные онлайн-курсы для частных педагогов",Есть платные курсы для частных педагогов (пример ссылки в комментариях); платит сам педагог,,https://www.reddit.com/r/MusicEd/comments/1kvr0i2/private_lesson_teaching_as_a_career_and_the_lack/,Reddit: студенты учреждений о системе обучения
263,r/MusicEd,2026-03-30,студент учреждения,практика-учеников,3,"Выгорание: практика не идёт, прогресса нет, jury под угрозой провала",when I go to practice I end up just staring at a wall for 30 minutes until I decide it's been a waste. I'm far enough behind that I've been told I'm on the fast track to failing my jury.,«Burnout is real. My university even had a special workshop»; «I know lots of people that dropped out of their music degrees»,"поговорить с педагогом и консультантом, терапия, смена инструмента, перерыв",,,https://www.reddit.com/r/MusicEd/comments/1s7xoa1/cant_find_motivation/,Reddit: студенты учреждений о системе обучения
264,r/MusicMajors,2026-02-17,студент учреждения,качество-методика-обучение-педагогов,2,Тревога и слёзы на индивидуальных уроках после жёсткой критики прошлого педагога,I had taken lessons a couple years ago with a teacher that would often leave me in tears because of how harshly he would critique me. So now I think I get really nervous for lessons even though my professor is a lovely woman.,Много согласий: «I'm pretty sure every music major has cried during a lesson»; «Lmao I’m a voice major and I cry in at least every other lesson»; «I cry in my voice lessons a lot»,сменить педагога («he eventually suggested I switch teachers»),,,https://www.reddit.com/r/MusicMajors/comments/1r6zj42/should_i_be_embarrassed_over_crying_during_my/,Reddit: студенты учреждений о системе обучения
265,r/MusicEd,2025-10-30,студент учреждения,здоровье-голоса,3,Студентка-вокалистка заболела перед jury и не может ходить на очные уроки (педагог с ослабленным иммунитетом),i just found out i was diagnosed with mono. I am a vocal music ed major. juries are coming up and my voice teacher is immune compromised. What do i do. is my voice going to be bad forever?,нет данных,,,,https://www.reddit.com/r/MusicEd/comments/1ok54h6/mono_and_singing/,Reddit: студенты учреждений о системе обучения
266,r/MusicEd,2025-12-03,студент учреждения,здоровье-голоса,3,"Болезнь голоса срывает jury второй семестр подряд; студентка боится, что педагог сочтёт это отговорками",Last semester I had to take an incomplete and do my jury this semester and I’m scared to take that incomplete again. I just don’t want my voice teacher to think that I’m making up excuses.,нет данных,предложить педагогу спеть программу отдельно перед jury,,,https://www.reddit.com/r/MusicEd/comments/1pdj6xi/jury_questions/,Reddit: студенты учреждений о системе обучения
267,r/MusicMajors,2025-11-04,студент учреждения,здоровье-голоса,2,Боль в челюсти (подозрение на TMJD) у первокурсницы-вокалистки,"For the past week or so, my jaw has been extremely sore and when I open my mouth further than a few centimeters, it feels like I have to force it open just to get my sound into the room.",нет данных,"запись к врачу, вопросы на Reddit",,,https://www.reddit.com/r/MusicMajors/comments/1ooiy9u/jaw_problems/,Reddit: студенты учреждений о системе обучения
268,r/MusicMajors,2025-04-04,студент учреждения,выгорание-нагрузка-оплата,2,Сенсорная перегрузка и отсутствие времени на отдых и еду у студентки-вокалистки с СДВГ; кофеин вреден для связок,I am a voice major and being in completely sound surrounded areas most of the day is completely draining (especially unorganized sound like before/after large rehearsals and the practice rooms).,нет данных,,,,https://www.reddit.com/r/MusicMajors/comments/1jrkmc5/social_recharge_advice/,Reddit: студенты учреждений о системе обучения
269,r/MusicMajors,2024-03-31,студент учреждения,выгорание-нагрузка-оплата,3,Выпускница вокального отделения: сильный стресс и нарастающий страх сцены перечеркнули радость от пения,"in reality, I was struggling with severe physical and mental health issues, which persisted because of intense stress.",нет данных,,,,https://www.reddit.com/r/MusicMajors/comments/1bsb0u4/has_anyone_ever_experienced_this_i_feel_so_alone/,Reddit: студенты учреждений о системе обучения
270,r/Choir,2026-05-08,студент учреждения,выгорание-нагрузка-оплата,2,Выгоревший хормейстер колледжа срывается на студентов («tired of us not working hard»),"My choir director started crying and threw a chair during our rehearsal. Not at anybody specifically, but she threw it.",нет данных,,,,https://www.reddit.com/r/Choir/comments/1t6u6ls/my_choir_director_threw_a_chair_is_that_normal/,Reddit: студенты учреждений о системе обучения
271,r/Choir,2026-04-24,неясно,выгорание-нагрузка-оплата,2,"Концертмейстер хора перегружен, его работу не ценят; хормейстеры ведут себя пассивно-агрессивно",I am just so tired of being taken for granted daily. We’re held to such high and tight expectations by a lot of people who can barely read music and play piano.,нет данных,,,,https://www.reddit.com/r/Choir/comments/1subrqk/reminder_to_thank_be_kind_to_your_collaborative/,Reddit: студенты учреждений о системе обучения
272,r/Choir,2026-03-12,студент учреждения,оценивание-отчётность,3,Сокращение хора колледжа через повторное прослушивание; студента отсеяли из-за чтения с листа после каникул без практики,my choir director decided this year she wanted to cut numbers so she re-auditioned everybody... My director told me she couldn't take me in good faith when others had perfect auditions and my sight reading was only about half accurate.,нет данных,,,,https://www.reddit.com/r/Choir/comments/1rrcfvc/i_got_rejected_from_the_choir_that_had_been_a/,Reddit: студенты учреждений о системе обучения
273,r/MusicMajors,2021-01-29,студент учреждения,качество-методика-обучение-педагогов,2,Один педагог вокала решает траекторию студента (B.M. или B.A.); студенту приходится менять педагога,I had an experience where my first voice teacher at my college told me she didn't think I could be a performance major and I should pursue another track. I've since switched voice teachers,нет данных,смена педагога вокала,,,https://www.reddit.com/r/MusicMajors/comments/l7fhvc/ba_wants_to_be_bm/,Reddit: студенты учреждений о системе обучения
274,r/MusicMajors,2024-08-27,студент учреждения,качество-методика-обучение-педагогов,2,"Первокурсник-вокалист (из хора) не успевает: преподаватели рассчитывают на базу, которой у него нет","the teachers assume that the students have extensive background knowledge about the topics (and maybe they do), but I don’t.",нет данных,,,,https://www.reddit.com/r/MusicMajors/comments/1f2p8xd/am_i_cut_out_to_be_a_music_major/,Reddit: студенты учреждений о системе обучения
275,r/MusicMajors,2024-09-01,студент учреждения,практика-учеников,2,"Дома студент играет, а на уроке теряется; педагог не видит, что было сделано за неделю",My lesson teacher gave me some music and a week to get it down. The day before my lesson I had it down no problem. Felt really good about it. I get into the room and lose it.,нет данных,,,,https://www.reddit.com/r/MusicMajors/comments/1f894yt/crying_in_front_of_lesson_teacher/,Reddit: студенты учреждений о системе обучения
276,r/MusicMajors,2019-03-26,студент учреждения,технологии-LMS-приватность,1,"Студенту нужен инструмент, чтобы самому проверять чтение с листа голосом (из-за тендинита на фортепиано играть не может)",I need a way to practice sight-singing without having to play a piano to check how I did.,нет данных,поиск приложения,Студент сам ищет приложение для самопроверки; платит студент,,https://www.reddit.com/r/MusicMajors/comments/b5wy04/any_good_apps_or_methods_to_practice_sight_singing/,Reddit: студенты учреждений о системе обучения
277,r/MusicMajors,2017-09-21,студент учреждения,практика-учеников,2,Обязательные 4 часа практики в день без внутренней мотивации,"I am required to spend at least four hours a day practicing, which I really am not ever excited about (like ever).",нет данных,,,,https://www.reddit.com/r/MusicMajors/comments/71n763/music_ed_major_thats_kinda_iffy/,Reddit: студенты учреждений о системе обучения
278,"NFHS Arts Advocacy (опрос 2023-2024 US Music Educator Satisfaction, n≈2008)",2024-07-12,K-12 педагог,выгорание-нагрузка-оплата,3,"Молодой педагог уже выгорел: долгие часы, тесный бюджет, низкая зарплата","It's tough, man. The hours are long, the budgets are tight. The salary is laughable. ... I've only been teaching since 2020, but I'm facing burnout that teachers twice my age experience because this career has just been pulling more and more out of me each year.","Исследователи: самая частая тема открытых ответов — осторожное «да, но только с открытыми глазами»",Держится ради учеников и предмета,,бюджет,https://artsadvocacy.nfhs.org/2023-2024-united-states-music-educator-satisfaction-analysis/,"Вне Reddit: ассоциации, опросы, исследования"
279,NFHS Arts Advocacy (опрос 2023-2024),2024-07-12,K-12 педагог,выгорание-нагрузка-оплата,2,Нагрузка и лишнее время истощают даже довольных профессией,"I like my career, but I feel stretched very thin.",Часть общей темы нагрузки и баланса работа/жизнь в опросе,,,,https://artsadvocacy.nfhs.org/2023-2024-united-states-music-educator-satisfaction-analysis/,"Вне Reddit: ассоциации, опросы, исследования"
280,NFHS Arts Advocacy (опрос 2023-2024),2024-07-12,K-12 педагог,выгорание-нагрузка-оплата,2,Низкая оплата и изматывающие часы; мотивация держится на видимом росте учеников,"I'll be honest, the pay sucks and sometimes the hours are tedious, but it is amazing seeing the students grow through performance and practice every year.",нет данных,Мотивация — видимый рост учеников через выступления и практику,,,https://artsadvocacy.nfhs.org/2023-2024-united-states-music-educator-satisfaction-analysis/,"Вне Reddit: ассоциации, опросы, исследования"
281,NFHS Arts Advocacy (опрос 2023-2024),2024-07-12,K-12 педагог,администрация-бюрократия,1,"Администрация перегружена, музыкант делает много дополнительной работы один",I have a somewhat supportive admin going into year 1. They are just super busy so they leave me to do a lot of extra work with little assistance.,Исследователи: администрацию часто описывают как «clueless» или «apathetic» к музыкальной программе; поддержка сильнее всего коррелирует с удовлетворённостью (r=.683),"Опора на сообщество, родителей, booster-клубы",,,https://artsadvocacy.nfhs.org/2023-2024-united-states-music-educator-satisfaction-analysis/,"Вне Reddit: ассоциации, опросы, исследования"
282,NFHS Arts Advocacy (опрос 2023-2024),2024-07-12,K-12 педагог,бюджет-ресурсы,2,Музыкальному департаменту не выделяют денег; всё зависит от личности директора,"I always hope that a new administrator will come along with a genuine love of music and will allocate funding to the music department. It doesn't seem likely, though, but I still keep the dream.",Отчёт: поддержка сообщества часто перевешивает административную из-за бюджетных ограничений,,"Деньги в руках администрации школы, педагог их не контролирует",бюджет решает администрация,https://artsadvocacy.nfhs.org/2023-2024-united-states-music-educator-satisfaction-analysis/,"Вне Reddit: ассоциации, опросы, исследования"
283,NFHS Arts Advocacy (опрос 2023-2024),2024-07-12,K-12 педагог,родители,3,Конфликты с родительским booster-клубом и низкая зарплата подталкивают уйти из профессии,"The frustrations and major issues I have had with my music program's booster organization has served as one of the biggest deterrents. ... Lastly, justification to seek an occupation in another field are highlighted by the low salary and increase rate for faculty and educators.",«frustrations with booster organizations» упоминаются и в других ответах,,Booster-клубы (родители) — источник финансирования программы,,https://artsadvocacy.nfhs.org/2023-2024-united-states-music-educator-satisfaction-analysis/,"Вне Reddit: ассоциации, опросы, исследования"
284,NFHS Arts Advocacy (опрос 2023-2024),2024-07-12,K-12 педагог,выгорание-нагрузка-оплата,2,"Баланс работа/жизнь, законы и booster-клубы портят удовлетворённость","I am happy to be a teacher, but many items not listed above (concerning recently passed laws, difficulty of life-work balance, and frustrations with booster organizations) have made it difficult to be completely content with my choice to pursue music education.",нет данных,,,,https://artsadvocacy.nfhs.org/2023-2024-united-states-music-educator-satisfaction-analysis/,"Вне Reddit: ассоциации, опросы, исследования"
285,Minnesota Music Educators Association (исследование),2022-08-31,неясно,выгорание-нагрузка-оплата,3,"Почти все band directors выгорели, 77% думали уйти","Of the Minnesota band directors surveyed, only 19% indicated that their current work-life balance was sustainable. 94% of the participants reported experiencing feelings of burnout, and 77% of participants considered leaving the teaching profession due to burnout.","94% опрошенных (малая выборка, n≈31)",,,,https://mmea.org/music-teacher-burnout-and-work-life-balance-perspectives-from-minnesota/,"Вне Reddit: ассоциации, опросы, исследования"
286,Minnesota Music Educators Association (исследование),2022-08-31,неясно,выгорание-нагрузка-оплата,2,Много неоплачиваемых часов сверх контракта,Participants reported working an average of 9.5 hours per week outside of contracted hours. Many reported working 20 or more hours per week outside of their contracted hours.,"Только 3 участника согласились, что 8 часов в день достаточно",,,,https://mmea.org/music-teacher-burnout-and-work-life-balance-perspectives-from-minnesota/,"Вне Reddit: ассоциации, опросы, исследования"
287,Minnesota Music Educators Association (исследование),2022-08-31,неясно,выгорание-нагрузка-оплата,2,"Нет времени на подготовку: вечера и лето уходят на планирование, prep съедают замены","Participants also raised concerns about a lack of prep time, causing them to work extra hours during evenings and devoting a great deal of summer ""vacation"" time to planning for the upcoming school year. ... Some teachers indicated that prep times were increasingly devoted to subbing.",Одна из трёх тем открытых ответов,"Работа вечерами после сна семьи, летом",,,https://mmea.org/music-teacher-burnout-and-work-life-balance-perspectives-from-minnesota/,"Вне Reddit: ассоциации, опросы, исследования"
288,Minnesota Music Educators Association (исследование),2022-08-31,неясно,оценивание-отчётность,2,"Требования измерять достижения учеников растут, это добавляет часы","Expectations for measuring student achievement continue to rise and the library of curricular materials continues to expand, causing teachers to invest more time toward reviewing materials, and finally licensing requirements continue to expand.",нет данных (вывод авторов),,,,https://mmea.org/music-teacher-burnout-and-work-life-balance-perspectives-from-minnesota/,"Вне Reddit: ассоциации, опросы, исследования"
289,The Instrumentalist,2026-08-11,преподаватель колледжа-университета,выгорание-нагрузка-оплата,3,"Постоянная ментальная нагрузка: репетиции, письма, drill поздно вечером дома","Before stepping away, I had normalized a constant mental load. Even at home, I was planning rehearsals, answering emails late at night, or writing marching band drill.","Автор: «Like many band directors, I wore the long hours... as a badge of honor»",Ушла с позиции (приоритет семьи),,,https://theinstrumentalist.com/april-may-2026/stepping-away-made-me-a-better-band-director/,"Вне Reddit: ассоциации, опросы, исследования"
290,The Instrumentalist,2026-08-11,преподаватель колледжа-университета,выгорание-нагрузка-оплата,2,"Перегрузку стали считать нормой, страдает семья","Over time, I accepted constant overextension as normal. Missed family events, postponed rest, and the persistent mental load that followed me home each night became part of the job.",нет данных,,,,https://theinstrumentalist.com/april-may-2026/stepping-away-made-me-a-better-band-director/,"Вне Reddit: ассоциации, опросы, исследования"
291,TMEA (Southwestern Musician),2018-09,K-12 педагог,выгорание-нагрузка-оплата,3,Бывший band director ушёл из профессии из-за стресса и выгорания,"There weren't enough hours in the day, and like most music educators I know, I put all of the responsibility on myself when things didn't go well. The stress and burnout I experienced and that I witnessed in others led me to leave my teaching career","«I witnessed in others», «like most music educators I know»",Ушёл и стал психотерапевтом,,,https://www.tmea.org/teaching-resources/achieving-balance/,"Вне Reddit: ассоциации, опросы, исследования"
292,TMEA (Southwestern Musician),2018-09,K-12 педагог,администрация-бюрократия,2,"Педагог превращается в бюрократа, который весь день отвечает на письма","When we become disconnected from the music and from the real essence of why we are music educators, it can be easy to feel like more of a bureaucrat, or just a person who operates a metronome and responds to emails all day.",нет данных,,,,https://www.tmea.org/teaching-resources/achieving-balance/,"Вне Reddit: ассоциации, опросы, исследования"
293,"CJEAP (Laidlaw, «Canadian Music Teachers' Burnout and Resilience», опрос 218 педагогов Манитобы)",2023,K-12 педагог,выгорание-нагрузка-оплата,3,Изнурение от множества ролей и расписания по всей школе,"I often feel exhausted even before the school day is over. I am being asked to teach band, teach in the classroom, and teach remote learners and the timetable has me all over the school. The load is heavy and there doesn't seem to be an end in sight.","Только 26% уверены, что выдержат такие условия долго; 47% думали о раннем уходе на пенсию или увольнении",Некоторые брали отпуск,,,https://files.eric.ed.gov/fulltext/EJ1410209.pdf,"Вне Reddit: ассоциации, опросы, исследования"
294,"CJEAP (Laidlaw, Манитоба)",2023,K-12 педагог,выгорание-нагрузка-оплата,2,Изоляция: музыкант в школе на своём «острове»,It's lonely. Music teachers already find themselves on an island so to speak. This year and part of last has been especially so.,«A common theme in both the questionnaire and focus group discussions»,,,,https://files.eric.ed.gov/fulltext/EJ1410209.pdf,"Вне Reddit: ассоциации, опросы, исследования"
295,"CJEAP (Laidlaw, Манитоба)",2023,K-12 педагог,администрация-бюрократия,2,Руководство не ценит дополнительную работу музыкального педагога,I do not feel valued or appreciated for all the additional work I have done to support my practice and students' learning. I feel very taken for granted by the leadership in my division.,"Только 29% считали, что школьный округ поддерживает их эмоционально",,,,https://files.eric.ed.gov/fulltext/EJ1410209.pdf,"Вне Reddit: ассоциации, опросы, исследования"
296,"CJEAP (Laidlaw, Манитоба)",2023,K-12 педагог,администрация-бюрократия,2,Решения принимаются без музыкальных педагогов,What will help with wellbeing is just to be considered before a decision is made as opposed to after a decision is made or to consult right at the last minute to be like: 'Can you rubberstamp our decisions so that we say that we've consulted with you?',"Тема «Feeling Under-Supported by Leadership» есть в опросе, анкетах и фокус-группах",,,решения принимаются сверху (division),https://files.eric.ed.gov/fulltext/EJ1410209.pdf,"Вне Reddit: ассоциации, опросы, исследования"
297,"CJEAP (Laidlaw, Манитоба)",2023,K-12 педагог,набор-отток-маркетинг,3,"Набор в программу падает, годы работы по её построению рушатся",I am in the last leg of my career and have spent the last decade building a music program with my colleagues. I don't know if I have it in me to start from scratch again. ... it is so challenging to see the numbers we created together just fall away.,"77% тревожатся за будущее своих программ, 56% — за будущее работы",,,,https://files.eric.ed.gov/fulltext/EJ1410209.pdf,"Вне Reddit: ассоциации, опросы, исследования"
298,"CJEAP (Laidlaw, Манитоба)",2023,K-12 педагог,выгорание-нагрузка-оплата,2,"Каждый день 2–3 часа после уроков, чтобы не брать работу домой","I try to get most of my work done at school, even if it means staying for 2 or 3 hours after school each day. That way, when I go home I can have time for myself and my family.","У 65% выросли рабочие часы; 79% говорят, что работа приносит стресс в личную жизнь",Остаётся в школе после уроков,,,https://files.eric.ed.gov/fulltext/EJ1410209.pdf,"Вне Reddit: ассоциации, опросы, исследования"
299,KNKX Public Radio,2026-09-20,K-12 педагог,бюджет-ресурсы,2,"Из-за бюджетных сокращений классы растут, времени на каждого ученика меньше","The reality is, the more kids are in your class, the less time you have with each kid.",нет данных,,,бюджет штата и федеральный бюджет,https://www.knkx.org/education/2026-09-20/washington-teachers-feel-strain-budget-pressures-fewer-staff,"Вне Reddit: ассоциации, опросы, исследования"
300,Chalkbeat,2025-08-07,руководитель департамента,бюджет-ресурсы,3,"Некоммерческая музыкальная программа потеряла грант NEA, сокращает штат и программы","Buffalo String Works' $30,000 grant was one of them, and it estimates that its total budget next year will fall to 77% of its previous total. The group has laid off staff, eliminated one school-based program, and reduced another.","В статье упомянуты и другие программы с потерянными грантами NEA (Mann Center, Project STEP)","Сокращение штата и программ, поиск филантропов","Гранты, филантропия",зависимость от грантов,https://www.chalkbeat.org/2025/08/07/music-education-stresses-workforce-development-amid-funding-threats/,"Вне Reddit: ассоциации, опросы, исследования"
301,Chalkbeat,2025-08-07,руководитель департамента,бюджет-ресурсы,2,Жёсткая конкуренция за гранты и пожертвования,Competition is very fierce and people are receiving unprecedented requests for support.,нет данных,Фандрайзинг,"Филантропия, гранты",гранты,https://www.chalkbeat.org/2025/08/07/music-education-stresses-workforce-development-amid-funding-threats/,"Вне Reddit: ассоциации, опросы, исследования"
302,Save The Music Foundation,2021-05-13,неясно,бюджет-ресурсы,2,"Программа держится на фандрайзинге, иначе её сократят","42% of music teachers who were polled by the Give A Note Foundation stated fundraising efforts were ""essential to delivering an adequate music curriculum."" 58% of those surveyed in an urban setting reported fundraising was crucial to reducing the likelihood of budget cuts in music education.","42% всех опрошенных, 58% в городских школах","Фандрайзинг, booster-клубы","Фандрайзинг и родители, а не district",бюджет,https://www.savethemusic.org/blog/schools-cutting-music-programs/,"Вне Reddit: ассоциации, опросы, исследования"
303,WAGM TV (интервью с NAfME),2026-08-05,неясно,найм-удержание-педагогов,2,Нехватка сертифицированных музыкальных педагогов,"We have very high placements because we do have a shortage in the profession, similar to other subject areas. The jobs are out there and they need certified educators who can teach them.","Сильнее всего разрыв в доступе в сельских, крупных городских, частных и чартерных школах",,,,https://www.wagmtv.com/2026/08/05/arts-sake-rural-schools-music-teacher-shortage-highlight-need-more-music-educators/,"Вне Reddit: ассоциации, опросы, исследования"
304,WAGM TV (интервью с NAfME),2026-08-05,неясно,бюджет-ресурсы,1,"Руководители округов не знают, что федеральные деньги можно тратить на музыку",Many district leaders aren't even aware that some of those federal programs like Title 1 or Title 4A can be used to support a well-rounded education.,нет данных,,Федеральные фонды Title I / Title IV-A через district,"закупки через district, знание источников финансирования",https://www.wagmtv.com/2026/08/05/arts-sake-rural-schools-music-teacher-shortage-highlight-need-more-music-educators/,"Вне Reddit: ассоциации, опросы, исследования"
305,Yamaha Music Educators Hub,2025-05-14,K-12 педагог,найм-удержание-педагогов,2,"Незакрытые вакансии: школы перераспределяют часы и ресурсы, программы сжимаются","When vacant teaching positions remain unfilled, schools often reallocate resources and redistribute instructional units.",нет данных,,,,https://hub.yamaha.com/music-educators/prog-health/advocacy/proactively-address-teacher-shortage/,"Вне Reddit: ассоциации, опросы, исследования"
306,"Research & Issues in Music Education (Hash, «Supply and Demand: Music Teacher Shortage»)",2021,преподаватель колледжа-университета,найм-удержание-педагогов,2,Растёт число незакрытых вакансий музыкальных педагогов,"Public schools in Illinois, however, reported a steady increase in the number of unfilled positions from 23.8 in 2017 to 51.0 in 2020",Нехватку сообщали 32 штата с 2011-12 по 2020-21; особенно не хватает педагогов по струнным,,,,https://files.eric.ed.gov/fulltext/EJ1315165.pdf,"Вне Reddit: ассоциации, опросы, исследования"
307,Music Mark (UK),2026-06-24,руководитель департамента,найм-удержание-педагогов,2,Кризис удержания музыкальных педагогов в Великобритании,"To deliver a quality music education, you need passionate, committed, content, qualified teachers. There are many of these in the education system currently, but there is also a teacher retention crisis that cannot be overlooked.",Music Mark запускает кампанию по найму и удержанию; снят бонус ITT для будущих музыкальных педагогов,,,,https://www.musicmark.org.uk/news/schools-manager-update-june-2026/,"Вне Reddit: ассоциации, опросы, исследования"
308,Music Mark (UK),2026-03-06,руководитель департамента,выгорание-нагрузка-оплата,2,"Новые требования государства добавят нагрузку, а музыку вытесняют во внеурочное время","There is a growing concern around the implications for further teacher workload to deliver this, as well as apprehension that music gets pushed outside of the timetabled day and into extracurricular activity",нет данных,,,финансирование Music Hubs с 2026/27 неизвестно,https://www.musicmark.org.uk/news/schools-white-paper-feb-2026/,"Вне Reddit: ассоциации, опросы, исследования"
309,Music Mark (UK),2026-03-06,руководитель департамента,бюджет-ресурсы,2,"Неясно финансирование музыкальных хабов, планировать невозможно",we still do not know the funding for Music Hubs from 2026/2027 onwards.,нет данных,,"Гос. финансирование через Music Hubs, а с 2027 — через National Centre for Arts and Music Education","гос. финансирование, неопределённость",https://www.musicmark.org.uk/news/schools-white-paper-feb-2026/,"Вне Reddit: ассоциации, опросы, исследования"
310,CUPA-HR,2026-02-04,неясно,выгорание-нагрузка-оплата,2,"Низкая оплата адъюнктов, почти нет медстраховки и гарантий","The median pay per credit hour for adjuncts is $1,166, with the median total pay for an academic term being $4,998. ... In 2024-25, only 37% of institutions offered health benefits to their adjunct faculty.","Данные по 363 учреждениям; доля адъюнктов в Visual/Performing Arts — 22%, оплата ниже медианы",,,,https://www.cupahr.org/resource/adjunct-faculty-in-the-higher-education-workforce/,"Вне Reddit: ассоциации, опросы, исследования"
311,CUPA-HR,2026-02-04,неясно,выгорание-нагрузка-оплата,2,"Исполнительские искусства обесценивают: больше адъюнктов, меньше вложений",The large percentage of adjunct faculty in liberal arts and visual/performing arts may also reflect the broad devaluation of these disciplines.,нет данных,,,,https://www.cupahr.org/resource/adjunct-faculty-in-the-higher-education-workforce/,"Вне Reddit: ассоциации, опросы, исследования"
312,Tech & Learning (Fayette County Schools),2022-11-11,неясно,технологии-LMS-приватность,2,"Приложения, где ученики входят под именем, в district запрещены без проверки",Any app or platform that requires students to provide their names or other identifying information is not permitted.,нет данных,Использовать инструменты без аккаунтов учеников,,"одобрение IT district по рубрике (безопасность, данные, реклама); запрет на идентифицирующие данные учеников",https://www.techlearning.com/news/some-schools-use-2000-apps-heres-how-one-district-protects-data-privacy,"Вне Reddit: ассоциации, опросы, исследования"
313,Tech & Learning (Fayette County Schools),2022-11-11,неясно,технологии-LMS-приватность,1,"Любое новое приложение проходит многоступенчатое одобрение: педагог, директор, district",Teachers work within their school and with their leadership to submit a request for a digital resource. Once the principal or designee approves the request it then moves forward in the process to the district office.,нет данных,,"Решение принимает district, а не педагог",цепочка одобрения: педагог → директор → district (curriculum + IT),https://www.techlearning.com/news/some-schools-use-2000-apps-heres-how-one-district-protects-data-privacy,"Вне Reddit: ассоциации, опросы, исследования"
314,"Education Week (отчёт CoSN, 401 IT-руководитель)",2025-03-25,неясно,технологии-LMS-приватность,2,"Проверка приватности edtech есть почти везде, но педагоги часто её обходят","77 percent of district tech leaders said their districts had a process for vetting the privacy and security of technologies before bringing them into the district, the report found. However, 55 percent said their teachers were aware of and used the vetting process.",нет данных,Педагоги используют неодобренные инструменты,,проверка приватности и безопасности (FERPA/COPPA) в district,https://www.edweek.org/technology/schools-face-an-uphill-battle-in-protecting-student-data-in-the-age-of-ai/2025/03,"Вне Reddit: ассоциации, опросы, исследования"
315,"Chartered College of Teaching (UK), Impact",2019-01-16,K-12 педагог,технологии-LMS-приватность,1,"Технические сбои на уроке музыки: барьеры обходят, а не устраняют","I'm not sure if the barriers have been overcome, it's just I've learned what they are and I avoid them.","В опросе 78 педагогов пять барьеров: закупка, обучение, поддержка школы и инфраструктура (Wi-Fi), техсбои, восприятие",Избегать известных проблем,,"закупка устройств и приложений, Wi-Fi, одобрение SLT",https://my.chartered.college/impact_article/the-barriers-teachers-identify-to-using-tablet-and-mobile-technology-in-music-lessons-to-foster-student-engagement-and-how-they-can-be-overcome-to-aid-teaching-and-learning/,"Вне Reddit: ассоциации, опросы, исследования"
316,"Chartered College of Teaching (UK), Impact",2019-01-16,руководитель департамента,бюджет-ресурсы,2,У школы нет денег на устройства для уроков музыки,"That's where the ""bring your own device"" model comes into play… It is about sharing some of the cost with parents.",Ещё одна школа купила iPad на деньги спонсоров без центрального финансирования,"BYOD (устройства учеников), спонсорство местного бизнеса",Часть расходов перекладывают на родителей; спонсоры,нет центрального финансирования,https://my.chartered.college/impact_article/the-barriers-teachers-identify-to-using-tablet-and-mobile-technology-in-music-lessons-to-foster-student-engagement-and-how-they-can-be-overcome-to-aid-teaching-and-learning/,"Вне Reddit: ассоциации, опросы, исследования"
317,The Instrumentalist,2010-05-26,неясно,родители,2,Выгорание band directors из-за конфликтов с администрацией и родителями,"It may be a grade-level problem, a clash with the administration, or parents who have worn the teacher down.",нет данных,Наставничество коллег,,,https://theinstrumentalist.com/uncategorized/band-directors-and-burnout/,"Вне Reddit: ассоциации, опросы, исследования"
318,capterra.com (Jackrabbit Music),нет данных (пользователь 2+ года),владелец/директор частной школы,расписание-комнаты-отмены,2,"Софт для школ заточен под групповые занятия, индивидуальные уроки (основа вокала/инструментов) поддерживаются плохо",Jackrabbit is horrible for private one on one lessons,"Та же жалоба у многих отзывов: TC, RB, VV, VR, CH (стр. 2), Chris H (стр. 4)","терпят, обходятся ручными шагами",школа платит подписку за Jackrabbit (помесячно по числу активных учеников),переход на другой софт трудоёмкий,https://www.capterra.com/p/168245/Jackrabbit-Music-Online-Music-School-Management-Software/reviews/,Вне Reddit: софт для школ и владельцы школ
319,capterra.com (Jackrabbit Music),2022-12-15,владелец/директор частной школы,технологии-LMS-приватность,2,"Софт спроектирован под групповые занятия, не под частные уроки",The software has been designed for group lessons,повторяется у ≥6 рецензентов Jackrabbit,,школа платит подписку,,https://www.capterra.com/p/168245/Jackrabbit-Music-Online-Music-School-Management-Software/reviews/?page=2,Вне Reddit: софт для школ и владельцы школ
320,capterra.com (Jackrabbit Music),2022-12-11,руководитель департамента,технологии-LMS-приватность,2,"Модуль частных уроков неудобен, интерфейс устарел (Program Director)",The private lesson module is not ideal...The interface is outdated,похожие отзывы у других директоров,,школа/некоммерческая программа,,https://www.capterra.com/p/168245/Jackrabbit-Music-Online-Music-School-Management-Software/reviews/?page=2,Вне Reddit: софт для школ и владельцы школ
321,capterra.com (Jackrabbit Music),2026-01-08,владелец/директор частной школы,расписание-комнаты-отмены,1,Расписание регулярных частных уроков работает плохо,I wish the scheduling feature worked a little better for ongoing private lessons,"да, повторяющаяся тема",,школа (Owner and CEO),,https://www.capterra.com/p/168245/Jackrabbit-Music-Online-Music-School-Management-Software/reviews/?page=2,Вне Reddit: софт для школ и владельцы школ
322,capterra.com (Jackrabbit Music),2024-12-27,владелец/директор частной школы,расписание-комнаты-отмены,3,Обновление календаря сломало рабочий процесс школы,The new calendar. It will not work for our business.,Edward W.: частые изменения системы 'constantly frustrating',,школа,,https://www.capterra.com/p/168245/Jackrabbit-Music-Online-Music-School-Management-Software/reviews/?page=2,Вне Reddit: софт для школ и владельцы школ
323,capterra.com (Jackrabbit Music),2022-12-06,руководитель департамента,расписание-комнаты-отмены,2,Отработки (makeup lessons) оформляются вручную и отнимают много времени (Registrar),Manual makeup lesson processing extremely time-consuming,"Amy P., Leah R., Sonja N. (MMS) — та же тема",ручная обработка администратором,школа,,https://www.capterra.com/p/168245/Jackrabbit-Music-Online-Music-School-Management-Software/reviews/,Вне Reddit: софт для школ и владельцы школ
324,capterra.com (Jackrabbit Music),2017-12-04,владелец/директор частной школы,расписание-комнаты-отмены,1,Нет самостоятельной записи родителей на отработку,The lack of a customer makeup class self-scheduler.,да,администратор назначает вручную,школа,,https://www.capterra.com/p/168245/Jackrabbit-Music-Online-Music-School-Management-Software/reviews/?page=4,Вне Reddit: софт для школ и владельцы школ
325,capterra.com (Jackrabbit Music),2022-03-16,руководитель департамента,родители,1,Педагоги не узнают заранее о пропусках учеников,I would like to see a way for families to be able to enter an upcoming absence so instructors can be informed in advance.,нет данных,,школа (Artistic Director),,https://www.capterra.com/p/168245/Jackrabbit-Music-Online-Music-School-Management-Software/reviews/?page=4,Вне Reddit: софт для школ и владельцы школ
326,capterra.com (Jackrabbit Music),2024-12-03,педагог частной школы,администрация-бюрократия,1,Наёмный педагог не видит данных своих учеников — всё замкнуто на администратора,I can't see makeup credits for my students. Only the administrator can,Brandi A. (Voice/Piano Instructor): двойной ввод часов и посещаемости,спрашивать администратора,,права доступа в софте школы,https://www.capterra.com/p/168245/Jackrabbit-Music-Online-Music-School-Management-Software/reviews/?page=2,Вне Reddit: софт для школ и владельцы школ
327,capterra.com (Jackrabbit Music),2022-03-14,педагог частной школы,администрация-бюрократия,1,Педагог вокала вынужден дважды вводить часы и посещаемость,I feel like the hours and attendance could be combined so we wouldn't have to fill out both.,DW (Music Instructor): 'a whole lot of clicking steps',,,,https://www.capterra.com/p/168245/Jackrabbit-Music-Online-Music-School-Management-Software/reviews/?page=4,Вне Reddit: софт для школ и владельцы школ
328,capterra.com (Jackrabbit Music),2022-12-12,педагог частной школы,технологии-LMS-приватность,1,Слишком много кликов для простых действий,I have to go through a whole lot of clicking steps to complete an action,"многочисленные жалобы на неинтуитивный интерфейс (JD, JJ, Katie J., Jared S.)",,,,https://www.capterra.com/p/168245/Jackrabbit-Music-Online-Music-School-Management-Software/reviews/?page=2,Вне Reddit: софт для школ и владельцы школ
329,capterra.com (Jackrabbit Music),2022-03-09,владелец/директор частной школы,оплаты-финансы,2,Ежемесячные ручные списания оплат,I have to manually charge all of those accounts each month,MD: 'Customer billing requires a lot of work'; Orna H.: 'Tuition post is tedious and not automatic',ручная работа,школа,,https://www.capterra.com/p/168245/Jackrabbit-Music-Online-Music-School-Management-Software/reviews/?page=2,Вне Reddit: софт для школ и владельцы школ
330,capterra.com (Jackrabbit Music),2024-12-06,руководитель департамента,оплаты-финансы,1,Начисление оплаты за обучение утомительно и не автоматизировано,Tuition post is tedious and not automatic,да,,школа,,https://www.capterra.com/p/168245/Jackrabbit-Music-Online-Music-School-Management-Software/reviews/,Вне Reddit: софт для школ и владельцы школ
331,capterra.com (Jackrabbit Music),2024-12-05,владелец/директор частной школы,оценивание-отчётность,1,Отчётность ненадёжна и неудобна,Sometimes that reports aren't consistent,"LB, AG (Jackrabbit), Marlayna G., Sonja N., Rob H. (Opus1) — отчёты трудно получить",,школа,,https://www.capterra.com/p/168245/Jackrabbit-Music-Online-Music-School-Management-Software/reviews/?page=2,Вне Reddit: софт для школ и владельцы школ
332,capterra.com (Jackrabbit Music),2024-12-03,руководитель департамента,технологии-LMS-приватность,1,Вендор медленно добавляет нужные музыкальным школам функции,Jackrabbit has a slow response time to software changes,Monika C. (Opus1): запросы функций месяцами без ответа,,"школа (Executive Director, некоммерческая)",,https://www.capterra.com/p/168245/Jackrabbit-Music-Online-Music-School-Management-Software/reviews/?page=2,Вне Reddit: софт для школ и владельцы школ
333,capterra.com (Opus1.io),2025-05-29,владелец/директор частной школы,оценивание-отчётность,2,Из софта нельзя достать данные для стратегических решений,The reporting features are a bit of a hinderance to determining a strategy because we aren't able to easily extract the information we need,повторено тем же автором в 2026 и другими владельцами,,школа (Founder),,https://www.capterra.com/p/10014058/Opus1/reviews/,Вне Reddit: софт для школ и владельцы школ
334,capterra.com (Opus1.io),2025-12-18,владелец/директор частной школы,набор-отток-маркетинг,2,Для подсчёта учеников приходится делать ручные пересчёты,The reporting is messy...have to make manual head counts...reporting is unclear,да,ручной подсчёт,школа,,https://www.capterra.com/p/10014058/Opus1/reviews/,Вне Reddit: софт для школ и владельцы школ
335,capterra.com (Opus1.io),2026-09-03,владелец/директор частной школы,расписание-комнаты-отмены,1,Расписание не масштабируется на много педагогов,"As the number of teachers and students grows, the week view gets a little harder to navigate",John L: серые линии часов теряются при нескольких педагогах,,школа,,https://www.capterra.com/p/10014058/Opus1/reviews/,Вне Reddit: софт для школ и владельцы школ
336,capterra.com (Opus1.io),2025-12-19,руководитель департамента,выгорание-нагрузка-оплата,1,Нельзя платить педагогам процентом — неподходящая модель оплаты преподавателей,platform only supports hourly pay and a flat rate,Steve P (MMS): неверная раскладка зарплаты при замене педагога,,школа,,https://www.capterra.com/p/10014058/Opus1/reviews?page=2,Вне Reddit: софт для школ и владельцы школ
337,capterra.com (Opus1.io),2026-05-08,владелец/директор частной школы,бюджет-ресурсы,1,Стоимость софта растёт с масштабом,cost adds up and it does become pricey,Jon S.: 'price is higher than what I've seen'; NJ (Jackrabbit): 'a little bit pricey',,"школа платит, но чувствительна к цене",цена,https://www.capterra.com/p/10014058/Opus1/reviews?page=2,Вне Reddit: софт для школ и владельцы школ
338,capterra.com (Opus1.io),2026-07-15,руководитель департамента,администрация-бюрократия,1,Нет инструмента для задач/фоллоу-апов в команде школы,I wish Opus1 had a task tracking tool to assign tasks for future follow-up,нет данных,,школа (General Manager),,https://www.capterra.com/p/10014058/Opus1/reviews?page=2,Вне Reddit: софт для школ и владельцы школ
339,capterra.com (Opus1.io),2025-07-22,руководитель департамента,родители,1,Сообщения родителям не доходят; нет мобильного приложения,issues with the texting (multiple things bouncing back or not going through),MMS: нет двусторонней коммуникации; MB (Jackrabbit): email-клиент неудобен,,школа,,https://www.capterra.com/p/10014058/Opus1/reviews?page=2,Вне Reddit: софт для школ и владельцы школ
340,capterra.com (My Music Staff),2026-01-31,владелец/директор частной школы,родители,2,"Владелец тратит время, объясняя родителям, как записаться на отработку","It was clunky at best, and I had to spend a bunch of time helping parents navigate how to do a make up lesson.",та же тема у Jackrabbit,ручная помощь родителям,школа,,https://www.capterra.com/p/148451/My-Music-Staff/reviews/,Вне Reddit: софт для школ и владельцы школ
341,capterra.com (My Music Staff),2026-06-25,владелец/директор частной школы,оплаты-финансы,2,Ручной перенос платежей из терминала в систему,"there also doesn't seem to be a method of integrating a physical POS into my music staff. If I take a payment from someone using a credit card, NO I do not want to have to input that data manually after the fact.",нет данных,ручной ввод,школа,,https://www.capterra.com/p/148451/My-Music-Staff/reviews/,Вне Reddit: софт для школ и владельцы школ
342,capterra.com (My Music Staff),2023-09-15,руководитель департамента,набор-отток-маркетинг,1,Нет API/интеграций с маркетинговыми воронками для набора,I dislike the fact that there is no API to help us connect ClickFunnels and be able to enroll our summer campers in a more streamlined way.,Georgina G. (TutorBird): хочет интеграции 'to reduce even more admin time',,школа,,https://www.capterra.com/p/148451/My-Music-Staff/reviews/,Вне Reddit: софт для школ и владельцы школ
343,capterra.com (TutorBird),2025-04-22,руководитель департамента,качество-методика-обучение-педагогов,1,Нет связи между посещаемостью и планом/содержанием уроков ученика,I would love to have a tab within the attendance tab for a session that contains the student's lesson plan,нет данных,,организация,,https://www.capterra.com/p/181623/TutorBird/reviews/,Вне Reddit: софт для школ и владельцы школ
344,capterra.com (My Music Staff),нет данных,неясно,расписание-комнаты-отмены,1,Нельзя поставить несколько педагогов на одно событие — костыли в мультипедагогической школе,"I have to set up events for each teacher, then pick one who will charge the customer and then set the others to no charge",нет данных,дублирование событий с нулевой ценой,,,https://www.capterra.com/p/148451/My-Music-Staff/reviews/,Вне Reddit: софт для школ и владельцы школ
345,ensembleschools.com (блог Dave Simon для владельцев школ),нет данных,владелец/директор частной школы,оплаты-финансы,2,Низкая маржа частных уроков: зарплата педагога съедает 50%+ выручки,Private music lessons often yield low margins because the payroll expense associated with a single student can consume 50% or more of the sale.,нет данных,"групповые форматы, системы",владелец платит за коучинг (Ensemble Schools),,https://www.ensembleschools.com/blog/3-problems-music-schools-have/,Вне Reddit: софт для школ и владельцы школ
346,ensembleschools.com,нет данных,владелец/директор частной школы,найм-удержание-педагогов,2,Нехватка педагогов сдерживает рост школы,There are only so many musicians in a given market with the skill set and personality to teach at a music school.,"подкаст Dave Simons 'How to Find Music Instructors During This Employment Shortage' (EP 176), EP 273 о найме","постоянный найм, обучение своих",,,https://www.ensembleschools.com/blog/3-problems-music-schools-have/,Вне Reddit: софт для школ и владельцы школ
347,ensembleschools.com,нет данных,владелец/директор частной школы,выгорание-нагрузка-оплата,2,Без систем рост школы ведёт к выгоранию владельца,"Without the right systems in place, growth can quickly become unmanageable, leading to burnout and stagnation.",нет данных,,,,https://www.ensembleschools.com/blog/3-problems-music-schools-have/,Вне Reddit: софт для школ и владельцы школ
348,opus1.io (блог вендора),2026-05-21,неясно,качество-методика-обучение-педагогов,2,Отток учеников зависит от конкретного педагога и скрыт в общих цифрах (контроль качества педагогов),Some teachers keep students for years. Others lose them constantly.,"в той же статье: 'The real issue is almost always at the teacher level, hiding inside the overall numbers.'",отслеживать удержание по педагогам,,"источник — вендор, не клиент",https://opus1.io/resources/music-school-student-retention-how-to-stop-losing-8-10-of-your-students-every-month/,Вне Reddit: софт для школ и владельцы школ
349,opus1.io (блог вендора),2026-05-21,неясно,набор-отток-маркетинг,2,Ежемесячный отток 8–10% учеников — главная проблема роста школ,"if you're losing 8-10% of your students every month, no amount of marketing will fix that.",нет данных,"концерты, встречи родитель-педагог перед отменой",,источник — вендор,https://opus1.io/resources/music-school-student-retention-how-to-stop-losing-8-10-of-your-students-every-month/,Вне Reddit: софт для школ и владельцы школ
350,capterra.com (Noteflight),2018-12-12,K-12 педагог,технологии-LMS-приватность,1,Нотный софт неудобен для педагогических пометок,"I would like to be able to add piano fingerings correctly. As of now, I have a lot of trouble doing so.",Christin S.: 'Many of the features are rather difficult to find',,педагог/школа,,https://www.capterra.com/p/155330/Noteflight/reviews/,Вне Reddit: софт для школ и владельцы школ
351,capterra.com (Noteflight),2020-08-27,K-12 педагог,бюджет-ресурсы,1,Хормейстер/general music teacher сидит на бесплатной версии и ищет обходы — нет бюджета,"I find that there are some things that the free version cannot do, so I have to find workarounds.",нет данных,обходные пути в бесплатной версии,не платит — бюджет,бюджет,https://www.capterra.com/p/155330/Noteflight/reviews/,Вне Reddit: софт для школ и владельцы школ
