n,source,date,author_role,category,intensity,pain,quote,agreement,workaround,wtp,url,zone
0,r/singing,2026-07-31,новичок,выбор-пути-педагог,2,"Педагог отказал новичку, который не попадает в ноты: «слишком плох, чтобы учить» — первый шаг заканчивается унижением","he immediately switched from telling what he offers to giving me a quick pitch test, he did a couple runs twice that he wanted me to copy and concluded I can't hit a single note and rejected me, because he teaches people who know how to match pitch... I am feeling so devastated right now.","Тред с большим обсуждением; несколько педагогов осуждают отказ, другие пишут, что их тоже отвергали («I also was rejected by a teacher»); автор через 4 дня нашла другого педагога (пост 1vfgifi)",Искать другого педагога; тренировать попадание в ноты по приложениям и записям на телефон,,https://www.reddit.com/r/singing/comments/1vbzruz/got_rejected_by_a_teacher_for_being_too_bad_and_i/,Reddit: новички и стартовые барьеры
1,r/singing,2026-07-31 (дата треда),неясно,выбор-пути-педагог,2,"Рынок педагогов не рассчитан на «абсолютных новичков», которые не попадают в ноты: нужно дотянуть до базового уровня самостоятельно",It is true that a lot of singing teachers expect you to have some ability to match pitch before taking singing lessons. The reason is they don’t work with absolute beginners,"Ответы: «Op should just find another teacher. I was the same... If I had waited to do it myself, I would’ve lost years.»",Самостоятельно развивать попадание в ноты до начала уроков,,https://www.reddit.com/r/singing/comments/1vbzruz/got_rejected_by_a_teacher_for_being_too_bad_and_i/p0xk3ea/,Reddit: новички и стартовые барьеры
2,r/singing,2026-07-31 (дата треда),педагог о студентах,цена,1,Базовое попадание в ноты на уроке за $85/час — дорого для такой простой задачи,"As a voice teacher I am just as happy getting paid $85/hr to teach someone to match pitch as teaching vocal technique, but that not may be a good use of their $85",нет данных,"Отработать попадание в ноты дешевле, до уроков",Урок у педагога — $85/час,https://www.reddit.com/r/singing/comments/1vbzruz/got_rejected_by_a_teacher_for_being_too_bad_and_i/p10umj7/,Reddit: новички и стартовые барьеры
3,r/singing,2026-07-31 (дата треда),студент с педагогом,выбор-пути-педагог,2,Педагог отказал из-за непривычного типа голоса и загнал в неинтересный жанр,I also was rejected by a teacher (specialised in rock music) because my voice is too deep and she didn’t know what to go with it and that I had to study opera singing because since I am a bass I am supposed only to sing opera.,Совпадает с постом автора треда,Нашёл другого педагога по року,,https://www.reddit.com/r/singing/comments/1vbzruz/got_rejected_by_a_teacher_for_being_too_bad_and_i/p0xohmt/,Reddit: новички и стартовые барьеры
4,r/singing,2020-09-10,студент с педагогом,прогресс-плато,3,"Годы уроков и огромные деньги без ощутимого результата, отчаяние",I'm completely despondent over the fact that I've spent literally tens of thousands of dollars and countless hours trying to sing.,"«I’m in just about the exact same desperate situation as OP»; ещё один комментатор описывает 4 года, 4 педагогов и «nothing but frustration»",Смена педагогов (10–15 человек),«tens of thousands of dollars» на еженедельные уроки с 2013 года,https://www.reddit.com/r/singing/comments/ipwvg3/ive_been_taking_singing_lessons_every_week_since/,Reddit: новички и стартовые барьеры
5,r/singing,2020-09-10,студент с педагогом,выбор-пути-педагог,2,"Педагоги противоречат друг другу, у ученика путаница в голове","The fact is, I've seen probably about 10-15 singing teachers over the years. What I've learned is, no one can agree on anything.","Комментарии: «They all contradict each other», «Every coach would say something and the other would contradict them»",Слушать только одного педагога,,https://www.reddit.com/r/singing/comments/ipwvg3/ive_been_taking_singing_lessons_every_week_since/,Reddit: новички и стартовые барьеры
6,r/singing,2020-09-10 (дата треда),студент с педагогом,выбор-пути-педагог,3,"Педагог не может объяснить, что не так, и отвечает «просто практикуйся»","The first cause is when they say ""you're not doing anything wrong, you just need to practice"". Well that's clearly untrue, because I've practiced 2 hours a day, almost every day for 7 years.",нет данных,Уход к другому педагогу,,https://www.reddit.com/r/singing/comments/ipwvg3/ive_been_taking_singing_lessons_every_week_since/g4mr1oh/,Reddit: новички и стартовые барьеры
7,r/singing,2020-09-10 (дата треда),студент с педагогом,прогресс-плато,3,"Годы уроков без результата, ощущение, что нет таланта","I started vocal lessons in 2012 and took them until 2016— four solid years of lessons, four vocal teachers, thousands of dollars, and nothing but frustration to show for it. I have no natural singing ability, and singing was, from the very first lesson, an uphill battle.",Сам комментарий — согласие с постом,,«thousands of dollars» за 4 года уроков,https://www.reddit.com/r/singing/comments/ipwvg3/ive_been_taking_singing_lessons_every_week_since/g4n8b2u/,Reddit: новички и стартовые барьеры
8,r/singing,2020-09-10 (дата треда),студент с педагогом,прогресс-плато,1,"Уроки не давали прогресса, пока не началась ежедневная самостоятельная практика с записью",I took singing lessons for about two years and I didn’t realize improve until I started singing real songs every day and recording myself.,Начинается с «I agree»,Ежедневно петь песни и записывать себя,,https://www.reddit.com/r/singing/comments/ipwvg3/ive_been_taking_singing_lessons_every_week_since/g4pffop/,Reddit: новички и стартовые барьеры
9,r/singing,2026-03-15,новичок,страх-стыд-старт,2,Не может объективно оценить свой голос; негатив к себе блокирует занятия и покупку уроков,But when I actually try to practice I often get stuck and discouraged hearing my voice and lose hope in that dream. I jump back and forth between liking my voice and thinking I sound terrible so often that I don't really know how I sound anymore and can't listen objectively.,Комментарии: «I struggle with a lot of the same thing»; много ободряющих ответов,После поддержки в треде записалась на уроки (пост 1s6v7ca),Негатив мешает «investing in voice lessons» — снятие страха ведёт к покупке,https://www.reddit.com/r/singing/comments/1ruesqh/im_scared_to_commit_to_singing/,Reddit: новички и стартовые барьеры
10,r/singing,2026-03-15 (дата треда),самоучка,мотивация-бросают,3,"Без структуры и плана самостоятельные занятия не дают результата, человек бросает","I've only ever ""tried"" to get better by myself for short period of times without much structure or a clear plan so it has never made any significant difference. I always get discouraged so I just go back to singing casually and give up on practicing",нет данных,Решила пойти к педагогу,,https://www.reddit.com/r/singing/comments/1ruesqh/im_scared_to_commit_to_singing/oakso6i/,Reddit: новички и стартовые барьеры
11,r/singing,2024-04-23,любитель с целью,страх-стыд-старт,2,"Пение воспринимается как что-то постыдное, в отличие от игры на инструменте","if you pull out a guitar anywhere, everyone thinks you're smart and talented, but if you start singing, you're embarrassing and weird. Even if you're caught singing in the privacy of your own shower, it seems like it's something a bit ridiculed.","Много комментариев; «I sing and play guitar, and this is spot on»",,,https://www.reddit.com/r/singing/comments/1cbdafb/why_is_singing_associated_with_shame_and/,Reddit: новички и стартовые барьеры
12,r/singing,2024-04-23 (дата треда),студент с педагогом,страх-стыд-старт,1,Стыд в основном внутренний: голос — это ты сам,"Singing is a very personal thing because your instrument, your voice, is uniquely yours. If you don't know how to play a guitar, then you can just not have it around. Your voice itself is always with you. As far as shame and embarrassment goes, the only person shaming me is myself.",нет данных,Рассказывать окружающим об уроках — они поддерживают,,https://www.reddit.com/r/singing/comments/1cbdafb/why_is_singing_associated_with_shame_and/l0xoni7/,Reddit: новички и стартовые барьеры
13,r/singing,2024-04-23 (дата треда),любитель с целью,страх-стыд-старт,1,"Окружающие считают, что взрослый учится петь ради славы, а не для удовольствия","Everyone asks me why are you trying to sing? The unsaid (and sometimes totally said) expectation is I think I'm the next big thing about to be discovered, a middle aged Justin Bieber in waiting",Начинается с «This is spot on»,,,https://www.reddit.com/r/singing/comments/1cbdafb/why_is_singing_associated_with_shame_and/l11lm9j/,Reddit: новички и стартовые барьеры
14,r/singing,2025-01-15,новичок,практика-время-место,3,"Бросила уроки, потому что дома нельзя практиковаться: стыдно, что услышат","When I was 15 years old I actually saw a singing teacher, but I only went a few times because I felt like I couldn’t practice at home and so it was useless.","Много обсуждений; «Wow, I relate so much to this that it’s as if I write this myself!»",Практикуется только когда родителей нет дома,,https://www.reddit.com/r/singing/comments/1i2bi9h/i_really_love_singing_but_i_can_never_practice/,Reddit: новички и стартовые барьеры
15,r/singing,2025-01-15 (дата треда),студент с педагогом,цена,3,"Дорогие уроки без практики дома не дают прогресса, и их бросают","it was not cheap and I decided to get math tutoring instead because algebra 2 is hell! I really liked it, but because I couldn’t bring myself to practice after the lessons I didn’t see as much progress as I had hoped",нет данных,Отказалась от уроков,"Частные очные уроки несколько месяцев, «not cheap»; деньги ушли на репетитора по математике",https://www.reddit.com/r/singing/comments/1i2bi9h/i_really_love_singing_but_i_can_never_practice/m91ob6e/,Reddit: новички и стартовые барьеры
16,r/singing,2025-01-15 (дата треда),любитель с целью,практика-время-место,2,"Семья против пения, приходится заниматься тайком (автору 64 года)","I use bathroom in morning hours , daily , in a hidden way , to do my daily vocal practice, as my wife hates my singing in whatsoever way , at any place .",нет данных,"Тайная практика в ванной по утрам; поёт под треки в приложении Starmaker, когда жены нет дома",,https://www.reddit.com/r/singing/comments/1i2bi9h/i_really_love_singing_but_i_can_never_practice/m7laxhg/,Reddit: новички и стартовые барьеры
17,r/singing,2025-01-15 (дата треда),неясно,практика-время-место,2,"Страх, что услышат домашние и соседи; практика только в пустом доме",i cant Rly get over it. i wait till the house is empty and tell myself the neighbours cant hear.,«i feel u»,"Ждать, пока дом опустеет; петь в машине",,https://www.reddit.com/r/singing/comments/1i2bi9h/i_really_love_singing_but_i_can_never_practice/m7ezjb2/,Reddit: новички и стартовые барьеры
18,r/singing,2025-01-15 (дата треда),неясно,практика-время-место,1,"Негде петь громко, нужен способ заглушить звук","Beltbox. A little device you cover your mouth with to dampen the sound. Alternatively, just sing into your pillow.","В этом же треде советуют машину, подвал, чулан, аренду комнаты в церкви или музшколе","Beltbox-заглушка, подушка",Покупка устройства-заглушки (Beltbox),https://www.reddit.com/r/singing/comments/1i2bi9h/i_really_love_singing_but_i_can_never_practice/m7dbgws/,Reddit: новички и стартовые барьеры
19,r/singing,2025-01-15 (дата треда),студент с педагогом,онлайн-уроки,1,Страх быть услышанным: регулярный доброжелательный слушатель помогает к нему привыкнуть,"If you can find a way to have some online coaching, that might be a good way to get used to the idea of others listening to your singing. Personally, I find the regular audience of a supportive coach allows me to be more confident singing around others.",нет данных,"Онлайн-коучинг, уроки из машины",Онлайн-коучинг как способ снять страх,https://www.reddit.com/r/singing/comments/1i2bi9h/i_really_love_singing_but_i_can_never_practice/m7mw7ek/,Reddit: новички и стартовые барьеры
20,r/singing,2026-05-04,новичок,практика-время-место,2,"Соседи услышали, как она поёт: сильный стыд и тревога",I want to die of embarrassment!!! I had no idea neighbors could hear me. Anyone have ideas on how to reduce your sound?? I'm so sad. I love singing but not ready for people to hear me and especially not my neighbors.,"Тема соседей постоянно повторяется в r/singing (2015–2026: «Singers vs. Neighbours», «Singing In An Apartment» и др.)","Ищет, как приглушить звук",,https://www.reddit.com/r/singing/comments/1t3ylnj/im_so_embarrassed_my_neighbors_heard_meeeeee/,Reddit: новички и стартовые барьеры
21,r/singing,2025-01-18,любитель с целью,практика-время-место,3,"Из-за страха перед соседями поёт тихо, голос перенапрягается, пропали высокие ноты",I always feel like my neighbors can hear me sing and it makes me sing quiet which resulted in vocal strain.,нет данных,Перестала петь («haven't sung for weeks»),,https://www.reddit.com/r/singing/comments/1i4dykg/feel_like_im_losing_my_voice_because_im_too/,Reddit: новички и стартовые барьеры
22,r/singing,2024-08-09,студент с педагогом,практика-время-место,2,Подросток на уроках не может практиковаться дома из-за страха осуждения мамы и соседей,the difficult part is practicing at home. i live alone with my mom in an apartment and even though my mom says she isn't judging me i feel this intense fear of being judged by both her and my neighbors.,нет данных,Психотерапевт,Ходит на уроки вокала (несколько недель),https://www.reddit.com/r/singing/comments/1enqukt/i_feel_so_embarrassed_for_wanting_to_sing/,Reddit: новички и стартовые барьеры
23,r/singing,2015-01-07,новичок,практика-время-место,3,Тонкие стены полностью мешают петь,"I live in an apartment and it's impossible to sing without bugging neighbors. I'm not even good, so having thin walls keeps me from singing all together.",Тред-опрос о готовности купить продукт за $75–150,Вокальные кабины стоят от $1000 и громоздкие,"Опрос: «Would you buy a $75-150 product that would let you practice quietly»; вокальные кабины от $1,000+",https://www.reddit.com/r/singing/comments/2rlje2/would_you_buy_a_75150_product_that_would_let_you/,Reddit: новички и стартовые барьеры
24,r/singing,2020-09-30,студент с педагогом,практика-время-место,2,"Дома петь страшно, свободно можно только на уроке, прогресс тормозит","I feel like I would progress so much quicker because I wouldn’t be afraid to make awkward and loud noises. Edit: I’m a teen living at home, my only freedom is my private singing lessons.",нет данных,Практикуется только на частных уроках,Частные уроки,https://www.reddit.com/r/singing/comments/j2jbzo/i_wish_i_could_just_sing_with_no_one_around/,Reddit: новички и стартовые барьеры
25,r/singing,2018-03-26,новичок,цена,2,"Боится потратить много денег на коуча и не увидеть результата (22 года, денег мало)",I looked into vocal coaching but I'm kind of afraid. The reason being is that I don't want to drop a lot of money only to realize it's not working.,нет данных,,Барьер: страх «drop a lot of money» без гарантий результата,https://www.reddit.com/r/singing/comments/875oah/i_honestly_feel_almost_depressed_over_the_fact_i/,Reddit: новички и стартовые барьеры
26,r/singing,2023-09-09,новичок,талант-возраст,2,"Убеждение «у меня нет таланта, это пустая трата времени»",TLDR: I want to learn to sing but I worry that I would be wasting my time given that I have zero natural talent.,Много ответов с похожими историями «started from zero»,"Советы: педагог, ютуб-разминки, тест на амузию",,https://www.reddit.com/r/singing/comments/16dxarh/how_realistic_is_it_for_me_to_learn_to_sing/,Reddit: новички и стартовые барьеры
27,r/singing,2025-10-17 (дата треда),неясно,цена,2,"Вопрос «есть ли у меня потенциал» — на самом деле вопрос, стоит ли тратить последние деньги",Cost/benefit. Often they're asking if they have enough potential to be worth spending dollars they can barely spare. Especially young people.,"В треде развёрнутые объяснения: страх, стыд, «not everyone can afford that»",,Хотят подтверждения потенциала перед тратой,https://www.reddit.com/r/singing/comments/1o902rs/why_do_people_here_ask_for_permission_to_learn/njyosqm/,Reddit: новички и стартовые барьеры
28,r/singing,2025-10-17 (дата треда),новичок,талант-возраст,2,Не вкладывает деньги и время без подтверждения таланта,"I don't want to invest in something seriously (money and time) if I have no talent or potential. I'd rather just enjoy what I have, how it is if I am not gonna get anywhere with it",нет данных,Просит у незнакомцев оценку потенциала,"Готов инвестировать, если будет подтверждён потенциал",https://www.reddit.com/r/singing/comments/1o902rs/why_do_people_here_ask_for_permission_to_learn/nl3r75e/,Reddit: новички и стартовые барьеры
29,r/singing,2025-10-17 (дата треда),новичок,талант-возраст,2,Миф «пение — это врождённое» мешает разрешить себе учиться,"Speaking from experience I was told it’s a skill you’re born with so that’s why I was scared to allow myself to learn it. I think a lot of people carry preconceived notions of singing with them, usually from parents and non musician peers",«Agreed. For the longest time I thought singing could only be refined»,,,https://www.reddit.com/r/singing/comments/1o902rs/why_do_people_here_ask_for_permission_to_learn/njynxr6/,Reddit: новички и стартовые барьеры
30,r/singing,2025-10-17 (дата треда),неясно,выбор-пути-педагог,2,"Одному страшно и непонятно, с чего начать, а педагог по карману не всем","Not everyone has the self-confidence to start without encouragement, plus people may feel lost starting out on their own. Better outcomes tend to come from learning with a teacher, and not everyone can afford that.",нет данных,,Педагог недоступен по цене,https://www.reddit.com/r/singing/comments/1o902rs/why_do_people_here_ask_for_permission_to_learn/nk0uhas/,Reddit: новички и стартовые барьеры
31,r/singing,2024-11-07,новичок,страх-стыд-старт,2,"Родители сказали «плохо поёшь», и человек молчал 16 лет","I have pretty much haven’t sang since I was around 5 years old, due to being told I was really bad at it by my mom and dad.","Похожие истории: 1t9fq1m, 1wjyjme, 1e4c8w4, комментарий p0y2d2b",,,https://www.reddit.com/r/singing/comments/1glxqml/is_21_too_old_to_start_learning_to_sing/,Reddit: новички и стартовые барьеры
32,r/singing,2024-11-07,новичок,страх-стыд-старт,2,Стыдно идти к педагогу со своим нынешним уровнем,I’ve always wanted to learn to sing but Id feel really embarrassed about going to a vocal coach with my current ability.,"Более 20 ответов «not too old», многие начинали в 46, 54, 57 и 59 лет",,,https://www.reddit.com/r/singing/comments/1glxqml/is_21_too_old_to_start_learning_to_sing/,Reddit: новички и стартовые барьеры
33,r/singing,2024-11-07 (дата треда),любитель с целью,талант-возраст,1,"Страх, что в 54 уже «невозможно»",I just started at 54 which has some challenges but I don't want to be told it's impossible.,"Другие комментаторы начинали в 46, 57 и 59 лет",,,https://www.reddit.com/r/singing/comments/1glxqml/is_21_too_old_to_start_learning_to_sing/lvyf2a1/,Reddit: новички и стартовые барьеры
34,r/singing,2024-11-24,новичок,выбор-пути-педагог,2,Не доверяет педагогам: похвалят ради денег,I don't want to go to a vocal coach because I'm scared they'll just lie to get me to pay them.,нет данных,,Недоверие мешает покупке уроков,https://www.reddit.com/r/singing/comments/1gysrcw/is_it_too_late_to_start_learning_to_sing/,Reddit: новички и стартовые барьеры
35,r/singing,2026-07-09,самоучка,выбор-пути-педагог,2,"Самостоятельные занятия не дали результата; сомневается, поможет ли педагог","I tried to be a self taught singer, but I can’t see any difference, so I want to have a vocal coach. I’m also very discouraged by some people saying that “if you couldn’t improve your voice as a self taught, a vocal coach won’t help you at all",нет данных,Самообучение,Хочет перейти к коучу,https://www.reddit.com/r/singing/comments/1urrm00/i_would_like_to_start_taking_singing_lessons_at/,Reddit: новички и стартовые барьеры
36,r/singing,2023-10-16,будущий профи,талант-возраст,2,"Чувство, что «слишком поздно», даже в 16 лет: все вокруг учились с детства","it feels as though everybody around me (Musical theatre world, haha) has been brilliant and formally trained since they were children.","Вопрос «too old» повторяется для возрастов 13, 17, 20, 21, 22, 25, 26, 27 (десятки тредов 2014–2026)","Онлайн-техника, хор в любительских мюзиклах, теперь уроки",Начала уроки,https://www.reddit.com/r/singing/comments/179km4f/how_to_get_over_feeling_like_im_too_old_to_start/,Reddit: новички и стартовые барьеры
37,r/singing,2021-10-16,новичок,талант-возраст,2,Стыд и ощущение опоздания: все начинали в детстве,I've listen my self back and I am horrible but I'm too shy cuz I know mostly everyone starts really young or in their early teens.,нет данных,,«Now that I'm 22 I can afford it by myself»,https://www.reddit.com/r/singing/comments/q969ib/am_i_to_old_to_start_singing/,Reddit: новички и стартовые барьеры
38,r/singing,2023-04-20,новичок,талант-возраст,2,"Готов платить, но боится, что в 27 уже поздно и это пустая трата","I'm willing to invest and take on 1 on 1 session for 12 weeks. BUT, there are some questions I'm asking myself that Is it too late?",нет данных,,Готов к 12 неделям индивидуальных занятий (Мельбурн),https://www.reddit.com/r/singing/comments/12sqbms/is_it_too_late_to_learn_to_sing_at_27/,Reddit: новички и стартовые барьеры
39,r/singing,2026-06-20,студент с педагогом,выбор-пути-педагог,2,"Дорогие уроки: педагог не объясняет технику, игнорирует зажимы, полурока уходит на распевку","When I asked, ""But how?"" she literally just said, ""Just look, like this,"" and didn't explain the technique at all.","Мнения в треде разделились: одни педагоги видят «red flag», другие считают, что у ученика завышенные ожидания",Пробные уроки у других педагогов,"60-минутные уроки, «quite expensive»",https://www.reddit.com/r/singing/comments/1uapvql/is_my_vocal_coach_milking_me_for_money_or_is_this/,Reddit: новички и стартовые барьеры
40,r/singing,2026-06-20 (дата треда),неясно,выбор-пути-педагог,2,После многих уроков у слабых педагогов нет даже попадания в ноты,I had many clients who came to me after multiple of these lessons and they had nothing to show for it. Not even hitting the correct pitches and sometimes doing even worse than before they had lessons.,Начинается с «I agree»,,,https://www.reddit.com/r/singing/comments/1uapvql/is_my_vocal_coach_milking_me_for_money_or_is_this/osqmzd2/,Reddit: новички и стартовые барьеры
41,r/singing,2026-06-01,новичок,цена,1,"Уроки дорогие, а после месяца всё ещё «не хорошо»; взрослый новичок должен понимать, что это надолго",Each lesson is 98CAD so I practice every day and really put my all into it as omg 🥲💸 I AM STILL NOT A “GOOD” SINGER!!!,"«I had the same experience»; другие пишут, что уверенность пришла через 1, 4 и 7–8 лет",Ежедневная практика,98 CAD за часовой очный урок раз в неделю,https://www.reddit.com/r/singing/comments/1ttxw09/realistic_results_after_1_month_of_lessons/,Reddit: новички и стартовые барьеры
42,r/singing,2026-06-01 (дата треда),новичок,онлайн-уроки,1,Выбор между дорогими очными и дешёвыми онлайн-уроками: страх получить худшее обучение,"I'd rather do in person but it's so expensive and online is cheaper, but I'm scared I'm missing out on better instruction 🥲",нет данных,,Онлайн рассматривают как дешёвую замену очных уроков,https://www.reddit.com/r/singing/comments/1ttxw09/realistic_results_after_1_month_of_lessons/op8vtd0/,Reddit: новички и стартовые барьеры
43,r/singing,2026-06-01 (дата треда),любитель с целью,цена,1,"Стыд «театрала, который не умеет петь» («I hate being a theatre kid who can’t sing!!»)",I just started today! Weekly lessons for $120 a month so I think it’s a sweet deal!,нет данных,,$120 в месяц за еженедельные уроки — «sweet deal»,https://www.reddit.com/r/singing/comments/1ttxw09/realistic_results_after_1_month_of_lessons/op8sprt/,Reddit: новички и стартовые барьеры
44,r/singing,2020-04-19,неясно,страх-стыд-старт,1,Ненависть к своему голосу на записи,"I especially hate listening to my singing voice recorded. I love to sing, but I hate my voice. Lol.","Много ответов «Same», «Yes, literally everyone», «It’s never stops... NEVER»","Записываться каждый день, «обезличивать» запись и слушать только технику",,https://www.reddit.com/r/singing/comments/g3zwe0/does_anyone_else_hate_the_sound_of_their_own_voice/,Reddit: новички и стартовые барьеры
45,r/singing,2020-04-19 (дата треда),неясно,страх-стыд-старт,2,"Не выносит свой голос на записи, даже когда другие хвалят","Still, when listening to a recording of myself I can barely tolerate it. People say they like it, but it just sounds terrible to me. It’s not about technic, what I hate is the sound of my voice.",Входит в тред с массовым согласием,,,https://www.reddit.com/r/singing/comments/g3zwe0/does_anyone_else_hate_the_sound_of_their_own_voice/fnur55q/,Reddit: новички и стартовые барьеры
46,r/singing,2024-07-23,новичок,страх-стыд-старт,2,Страх петь при другом человеке мешает даже прийти на урок,"Singing in front of people is such a fear of mine that I have considered taking voice lessons, but I feel like I wouldn't even be able to make the sound come out if another human was in the room.",нет данных,Поёт только когда дома никого,Думала об уроках,https://www.reddit.com/r/singing/comments/1eaeidx/how_do_you_get_over_the_fear_of_singing_in_front/,Reddit: новички и стартовые барьеры
47,r/singing,2025-04-29,новичок,страх-стыд-старт,2,"Взрослый, никогда не певший, не знает, как начать, и стыдится ещё до попытки","Do you have any tips on how to actually start? I feel afraid and embarrassed before even trying... At the same time, I kinda want to sing, my heart does.",нет данных,,,https://www.reddit.com/r/singing/comments/1kaz8xc/i_have_never_sung_in_my_entire_life/,Reddit: новички и стартовые барьеры
48,r/singing,2025-11-29,новичок,страх-стыд-старт,2,"Детская травма от школьной оценки; первый урок — эмоциональные горки, слёзы","I was traumatised as a kid by a teacher who graded my singing voice quite low at third grade. The two times I did karaoke being an adult, I learned that I sound terrible.",нет данных,Онлайн-программа для начинающих CQ Roar (15-минутные занятия),Платная онлайн-программа для начинающих,https://www.reddit.com/r/singing/comments/1p9v3zp/cried_during_my_first_singing_lesson/,Reddit: новички и стартовые барьеры
49,r/singing,2026-05-10,самоучка,талант-возраст,2,"Один детский комментарий учителя закрыл пение на 20 лет, ярлык «tone deaf»","My primary school choir teacher told me point-blank that I just ""wasn't a singer."" I actually believed her until last year. It is wild how a single comment like that can shut down a hobby for twenty years","Паттерн повторяется в 1wjyjme, 1glxqml, 1p9v3zp, 1vbzruz",,,https://www.reddit.com/r/singing/comments/1t9fq1m/i_spent_30_years_thinking_i_was_tone_deaf_turns/,Reddit: новички и стартовые барьеры
50,r/singing,2026-09-18,новичок,страх-стыд-старт,2,"Детский стыд от учителя; взрослым может петь в ноты только под оригинал, а без него не может",I'm an adult who was shamed by music teacher as a kid for singing off pitch and literally told to shut up when the rest of the class was singing.,нет данных,Пение вместе с оригинальной записью,,https://www.reddit.com/r/singing/comments/1wjyjme/how_to_stay_on_pitch_without_accompaniment/,Reddit: новички и стартовые барьеры
51,r/singing,2024-07-16,любитель с целью,страх-стыд-старт,2,Семейные насмешки в детстве — сейчас зажимы и страх быть услышанной,"I grew up being told to shut up, being laughed at, the door being shut on me. Everything told me to stop. Now I have issues with tension and straining.",нет данных,"Чтение и практика, караоке",,https://www.reddit.com/r/singing/comments/1e4c8w4/im_30_family_hindered_my_singing/,Reddit: новички и стартовые барьеры
52,r/singing,2023-05-17,самоучка,техника-верх-напряжение,2,"Попадает в ноты под пианино, но не с голосом и не слышит, что фальшивит","The moment i have to match pitch with a voice though, it all falls apart. Not only can i not match, i dont even hear anything wrong when im off.","Схожие треды: hwf0kf, 6xs5rg, 27k1i1, 1w34p9d, 1umvvxl",Месяцы отработки попадания по пианино,,https://www.reddit.com/r/singing/comments/13k6wkd/cant_match_pitch_with_voices/,Reddit: новички и стартовые барьеры
53,r/singing,2026-08-31,студент с педагогом,прогресс-плато,2,"После 6 месяцев с коучем попадает в ноты в упражнениях, но в песнях «all over»",When i started i could not match pitch at all. The first lady i saw for a trial lesson said i can't hear pitch and it will take me several months to be able to get to where i can match pitch,нет данных,Интервальные упражнения с коучем,6 месяцев занятий с коучем,https://www.reddit.com/r/singing/comments/1w34p9d/matching_pitch_when_singing/,Reddit: новички и стартовые барьеры
54,r/singing,2026-08-30,самоучка,цена,2,"Нет полезной обратной связи: только «не нравится»; не знает, над чем работать, а на уроки нет денег",People have only told me that they don't like my voice but no one ever gives me any useful feedback.,нет данных,"Практика дома, выкладывает записи на Reddit за отзывами",«I can't afford voice leasons (but that is my goal for the long term)»,https://www.reddit.com/r/singing/comments/1w2tqf1/singing_it_remembers_by_every_time_i_die_first/,Reddit: новички и стартовые барьеры
55,r/learnmusic,2024-01-24,новичок,цена,1,Педагог сказал сначала развить слух; не хочет платить за уроки ради попадания в ноты,I would rather work on it on my own as much I can before starting lessons to avoid wasting time and tuition if it’s something I can do solo.,В комментариях советуют приложения-питч-мониторы,Самостоятельная отработка попадания в ноты до уроков,"Экономит на обучении, хочет сначала закрыть базу сам",https://www.reddit.com/r/Learnmusic/comments/19ed8lr/learning_to_sing_on_pitch/,Reddit: новички и стартовые барьеры
56,r/learnmusic,2024-01-24 (дата треда),самоучка,приложения-курсы-AI,1,"Не слышит, в какую ноту попадает, — нужна визуальная обратная связь","Using mobile apps that say what note I actually sing helped me a lot, a ton! It's crazy, but when I hit one note properly by singing it in the phone, I sing the rest of the part perfectly.",В r/singing тоже советуют «tone matching apps» (1vbzruz),Приложения — питч-мониторы («vocal pitch monitors»),,https://www.reddit.com/r/Learnmusic/comments/19ed8lr/learning_to_sing_on_pitch/koggf8p/,Reddit: новички и стартовые барьеры
57,r/learnmusic,2020-09-27,новичок,приложения-курсы-AI,2,"Нет педагогов поблизости и нет денег на уроки, поэтому рассматривает приложение","I've struggled to find singing instructors in my area in the past though I wanted to take lessons, and regardless right now I'm jobless and couldn't afford that luxury anyway, so was thinking of paying for Yousician premium",нет данных,Приложение Yousician,Готов платить за Yousician premium как замену урокам,https://www.reddit.com/r/Learnmusic/comments/j0oxwi/is_the_app_yousician_useful_for_learning_to_sing/,Reddit: новички и стартовые барьеры
58,r/learnmusic,2020-09-27 (дата треда),самоучка,приложения-курсы-AI,2,"Приложение не показывает ошибок техники, отсюда боль в горле и страх навредить голосу","When I tried it, I couldn't quite find the correct way to sing despite their instructions. And without a teacher telling me what I was doing wrong I didn't even noticed it. Until I realized my throat started hurting after some minutes of practice",нет данных,"Отказ от Yousician, переход к человеку-наставнику",Не рекомендует платить за Yousician для вокала,https://www.reddit.com/r/Learnmusic/comments/j0oxwi/is_the_app_yousician_useful_for_learning_to_sing/g6vn5bf/,Reddit: новички и стартовые барьеры
59,r/learnmusic,2026-03-29,новичок,страх-стыд-старт,2,"Не начинал из-за неприязни к своему голосу на записи и непонимания, с чего начать",I (15m) have never sung a day in my life but have always wanted to but never had a clue what type I wanted to do and was afraid to actually get into it because I have always hated the sound of my voice when played back to me.,нет данных,,,https://www.reddit.com/r/Learnmusic/comments/1s6jmpd/how_do_i_learn_to_emulate_the_singing_style_of/,Reddit: новички и стартовые барьеры
60,r/learnmusic,2010-11-21,новичок,талант-возраст,2,"Окружающие навесили ярлык «tone deaf», сомнения, можно ли научиться",Is it possible to learn how to sing? Im 22 and i really really enjoy it however everyone i know says I am seriously tone deaf.,Тот же вопрос в r/learnmusic 2015 («Can a tone deaf person learn to sing?») и десятки тредов в r/singing,,,https://www.reddit.com/r/Learnmusic/comments/e9kym/learning_singing/,Reddit: новички и стартовые барьеры
61,r/singing,2024-11-14,студент с педагогом,прогресс-плато,1,"Непонятно, как вообще устроен прогресс в вокале: навык «неосязаемый»","I feel like a human voice is so nebulous, how does one make progress on having a better voice? I've been working with a vocal coach for nearly 6 months now so I know I'm still a complete beginner but I'm trying to understand the learning process better",нет данных,Занятия с коучем,6 месяцев занятий с коучем,https://www.reddit.com/r/singing/comments/1griq42/how_does_one_get_good_at_singing/,Reddit: новички и стартовые барьеры
62,r/singing,2024-12-16,любитель с целью,уверенность-сцена,2,"Навык «исчезает» при включении записи или на людях, и так годами","whenever I go to actually record my voice for a project, I sing too fast, forget the lyrics, or just sound completely off. In front of people I can't even use my head voice no matter how hard I try",нет данных,,,https://www.reddit.com/r/singing/comments/1hf6f4x/why_do_i_lose_all_skill_when_i_press_record_or/,Reddit: новички и стартовые барьеры
63,r/singing,2024-09-01,новичок,талант-возраст,2,"Убеждение «с голосом рождаются» и насмешки окружающих; сомнение, не пустая ли трата уроки",I always thought you were either born with a good singing voice or you weren’t. Is this true? I would love to be a good singer but people have always made fun of me for being terrible.,нет данных,,«Would lessons be helpful or a waste of time?»,https://www.reddit.com/r/singing/comments/1f6kyel/can_you_really_learn_to_sing_if_you_have_a_bad/,Reddit: новички и стартовые барьеры
64,r/singing,2020-10-21,новичок,выбор-пути-педагог,1,"Не понимает свой стартовый уровень и формат занятий (очно, как часто, есть ли домашние упражнения)",I don't think I have the worst voice of all time but I have no way of really knowing where I stand in terms of people just starting.,нет данных,,Рассматривает очные уроки,https://www.reddit.com/r/singing/comments/jf5r47/i_would_like_to_learn_how_to_sing_as_an_adult/,Reddit: новички и стартовые барьеры
65,r/singing,2024-05-08,неясно,уверенность-сцена,2,"Завышенные стандарты: любителя сравнивают со звёздами, отсюда страх петь при людях","When you sing, other people compare your performance to the multi talented singers of the world, from YouTube to famous singers.",Перекликается с 1ttxw09: «people have an exaggerated idea on what “good” singing is supposed to sound like»,,,https://www.reddit.com/r/singing/comments/1cnj529/the_problem_with_singing_is_that_standards_are/,Reddit: новички и стартовые барьеры
66,r/singing,2026-03-01,педагог о студентах,талант-возраст,1,Педагог с 30-летним стажем: вопрос «есть ли у меня данные» — самый частый у новичков,"I see this type of post on here all the time, and it bothers me! You don't ""have"" singing the way you have blue eyes.","Пост в топе r/singing; похожие мета-посты: 1r012cj «Before you ask if you “have potential”», 1o902rs, 1dc5ubh",,,https://www.reddit.com/r/singing/comments/1rice7k/to_everyone_who_keeps_asking_do_i_have_what_it/,Reddit: новички и стартовые барьеры
67,r/singing,2024-07-06,студент с педагогом,выбор-пути-педагог,3,"Педагог только запрещает и критикует («слишком высоко», «слишком низко»), уверенность разрушена, хочется бросить",I don’t even think I even want to learn to sing anymore😞my confidence is completely ruined You know you’re bad when a voice teacher indirectly says you are….,"Десятки комментариев: «Tbh just sounds like you have a bad teacher», «Bro your coach sucks», «find a different voice coach»; позже автор дописал «I give up»","Советуют сменить педагога, транспонировать песню, взять пробный урок у другого",,https://www.reddit.com/r/singing/comments/1dwn50z/singing_lessons_are_just_so_depressing_if_youre/,Reddit: опыт уроков и педагогов
68,r/singing,2024-07-06,студент с педагогом,страх-стыд-старт,3,Стыд и унижение после уроков при сильном желании петь,The shame and humiliation really hurts :/ I wish I didn’t have such a huge love for singing and expression. Then I wouldn’t even care,"Ответы с поддержкой («Everyone has breakdowns», «Mental strength… as important as breathing»)",,,https://www.reddit.com/r/singing/comments/1dwn50z/singing_lessons_are_just_so_depressing_if_youre/lbw5xlq/,Reddit: опыт уроков и педагогов
69,r/singing,2024-07-06,студент с педагогом,выбор-пути-педагог,3,Педагог высмеивал за отсутствие домашней практики — занятия стали пыткой,"I had a vocal coach that would mock me whenever I said I didn’t practice by myself at home. ... I dropped that guy, joined my school’s choir for two years, and learned more about singing than I ever would have with that guy - and I learned to love singing again.",В том же треде много похожих историй о негативных педагогах,Ушёл от педагога в школьный хор,,https://www.reddit.com/r/singing/comments/1dwn50z/singing_lessons_are_just_so_depressing_if_youre/lbwa1z3/,Reddit: опыт уроков и педагогов
70,r/singing,2025-05-07,любитель с целью,цена,1,Чувство вины за траты на уроки «просто для себя»,Omg this comparison just completely changed how I feel about it fr. I felt guilty spending money on lessons just to enjoy it more for myself but I have spent way more on a guitar as a hobby guitarist,Ответ на популярный комментарий «lessons as just investing in an instrument»,"Переосмысление: уроки = инвестиция в инструмент, как гитара",Сравнивает стоимость уроков с покупкой гитары; готов платить после рефрейминга,https://www.reddit.com/r/singing/comments/1kgyv2c/adults_taking_singing_lessons_do_you_feel_silly/mr7l9to/,Reddit: опыт уроков и педагогов
71,r/singing,2025-05-07,новичок,мотивация-бросают,3,Взрослый бросил уроки из-за стеснения и чувства неуместности,I tried taking voice lessons but was too self conscious to continue. I also felt so absurd and out of place as an adult. Do not be like me.,"Тред из 30+ комментариев взрослых учеников; многие признают неловкость в начале («Yes, I feel strange about it. Yes, I'm doing it anyway»)",,,https://www.reddit.com/r/singing/comments/1kgyv2c/adults_taking_singing_lessons_do_you_feel_silly/mr5y2or/,Reddit: опыт уроков и педагогов
72,r/singing,2025-05-07,любитель с целью,талант-возраст,2,Пожилая ученица думает бросить из-за возраста,"I've been taking lessons since I was 66 and it's become a hobby, and I can afford lessons. Does that seem weird because I've thought of quitting because I'm too old.","В треде другие пишут о старте в 30, 40, 50+",,"Может позволить себе уроки, платит несколько лет",https://www.reddit.com/r/singing/comments/1kgyv2c/adults_taking_singing_lessons_do_you_feel_silly/mr6try3/,Reddit: опыт уроков и педагогов
73,r/singing,2025-05-07,студент с педагогом,другое,1,"Музыкальные школы ориентированы на детей, взрослый ученик чувствует себя чужим","I do dislike how the music school's communication is very ""dear parents of students"", even if most of the other students I have been to workshops with are adults (some up to twice my age).",Перекликается с «so many people waiting for their lessons and I have never been so embarrassed» и постом «First singing lesson at 45»,,Платит за индивидуальные уроки с 27 лет,https://www.reddit.com/r/singing/comments/1kgyv2c/adults_taking_singing_lessons_do_you_feel_silly/mr2sm8c/,Reddit: опыт уроков и педагогов
74,r/singing,2025-05-07,студент с педагогом,уверенность-сцена,2,"Даже на уроках взрослому неприятно слышать свой голос, не хватает уверенности","I don't feel silly, but I'm still uncomfortable with hearing my voice and wish I had the confidence my 12yo son had to stand up and perform.",нет данных,,Ходит на уроки в 50+,https://www.reddit.com/r/singing/comments/1kgyv2c/adults_taking_singing_lessons_do_you_feel_silly/mr2yx2q/,Reddit: опыт уроков и педагогов
75,r/singing,2019-10-13,студент с педагогом,выбор-пути-педагог,2,"Заплатил много денег, но педагоги уходят от вопросов о технике и отделываются общими словами","I've taken a lot of lessons and paid a lot of money only to find that the voice teachers I've studied with artfully avoid all my inquiries about how to build technique, we never run any drills or anything like that. They just say a lot of buzz words you hear in choir like using the mask and the diaphragm",«Yes I agree there is too much abstract nonsense in singing now»,YouTube-каналы о вокале вместо педагога,"«paid a lot of money» — платил много, но разочаровался",https://www.reddit.com/r/singing/comments/dh43cr/why_is_it_so_hard_to_find_a_good_voice_teacher/,Reddit: опыт уроков и педагогов
76,r/singing,2019-10-13,неясно,выбор-пути-педагог,2,"Паралич выбора: непонятно, как выбрать педагога, берут первого попавшегося или сдаются",Yeah. It’s like Netflix. So many choices. You don’t know what to choose so you end up with whatever comes up first or give up choosing.,нет данных,,,https://www.reddit.com/r/singing/comments/dh43cr/why_is_it_so_hard_to_find_a_good_voice_teacher/f3j4mr9/,Reddit: опыт уроков и педагогов
77,r/singing,2023-12-24,студент с педагогом,выбор-пути-педагог,2,"Устал искать хорошего педагога; недоверие — «им лишь бы деньги», боится навредить голосу",after communicating/reviewing/considering/trying many vocal coaches/teachers really tired of trying to find a good teacher/ coach. I have an impression that most of them just trying to get money and have no intention/skill to study.,Ответы: «unfortunately you have to pay to experience how well they teach»,"Искать педагогов с научным подходом (Estill, CVT), изучать основы голоса самому",,https://www.reddit.com/r/singing/comments/18pshdi/how_to_find_a_good_teachercoach/,Reddit: опыт уроков и педагогов
78,r/singing,2023-12-24,неясно,выбор-пути-педагог,2,"Узнать, хорошо ли педагог учит, можно только заплатив за уроки — риск денег",Then unfortunately you have to pay to experience how well they teach as teaching itself is a whole other skill,нет данных,Пробные платные уроки,Платят за «проверку» педагога,https://www.reddit.com/r/singing/comments/18pshdi/how_to_find_a_good_teachercoach/keq9c2u/,Reddit: опыт уроков и педагогов
79,r/singing,2026-07-14,студент с педагогом,прогресс-плато,2,Ненадёжный педагог (переносы/отмены) и слабый прогресс за 20 уроков,"I started taking classes last year, but the coach was always rescheduling or even canceling the scheduled term. I did improve somewhat but in 20 classes (or 4 months) not very much.",«I think you should switch vocal teachers. If they are not reliable that can really interfere with your progress»,"Упражнения с дроном, стем-сплит песен, пение с наушниками",20 оплаченных уроков,https://www.reddit.com/r/singing/comments/1uw9d38/i_dont_understand_why_i_cant_sing_in_tune/,Reddit: опыт уроков и педагогов
80,r/singing,2026-07-14,студент с педагогом,прогресс-плато,2,Интонация годами не выравнивается — долгий путь к чистому пению,THISSSSSSS. I had this expirience almost exactly. It took me 4 and half years to start beeing in pitch.,Сам комментарий — согласие («I had this expirience almost exactly»),Продолжать с педагогом,,https://www.reddit.com/r/singing/comments/1uw9d38/i_dont_understand_why_i_cant_sing_in_tune/oxhf59u/,Reddit: опыт уроков и педагогов
81,r/singing,2022-10-04,студент с педагогом,прогресс-плато,2,"7 лет у одного педагога без прогресса, противоречивые указания","Just finished a lesson with my teacher of over 7 years. I feel like I haven't been making progress, and I'm still hung up on the same issues. A lot of the direction I get ends up being conflicting.","Почти все ответы: «find another teacher», «she's making this up as she goes along»","Смена педагога, поиск через NATS",7 лет оплачиваемых уроков,https://www.reddit.com/r/singing/comments/xv3l8e/voice_teacher_rant/,Reddit: опыт уроков и педагогов
82,r/singing,2022-10-04,педагог (вспоминает свой опыт ученика),выбор-пути-педагог,2,"Годы с педагогами, не умеющими учить технике; ученик винит себя","I now know that a couple of my early teachers had no idea how to teach technique. Spent years not improving, and in some cases actively getting worse. But I had this weird idea that ""artistes"" needed to suffer for their art. So I stuck around, working myself into the ground, blaming myself for not getting it.",В треде несколько подобных историй,Сменил педагога,,https://www.reddit.com/r/singing/comments/xv3l8e/voice_teacher_rant/iqzlwdp/,Reddit: опыт уроков и педагогов
83,r/singing,2022-10-04,неясно,выбор-пути-педагог,2,"Бессистемные уроки: много указаний сразу, цель постоянно меняется","You'll run across the spaghetti on the wall approach where they will throw 20 things at you in one lesson, hoping that one will stick. That combined with the wack-a-mole approach where the target is always moving.",«This is a common issue with vocal instruction»,"Сделать перерыв, петь любимые песни",,https://www.reddit.com/r/singing/comments/xv3l8e/voice_teacher_rant/iqz5v1b/,Reddit: опыт уроков и педагогов
84,r/singing,2026-09-02,студент с педагогом,выбор-пути-педагог,2,"На уроках нет плана, всё импровизировано и не персонализировано","sometimes It feels like there's not a ""plan"" for what i do but It Is mostly improvised and not personalized on my needs.",«Yeah but why do you pay someone then if they don't show you a path?»,Думает о смене педагога,5-6 месяцев оплаченных уроков,https://www.reddit.com/r/singing/comments/1w59nqz/changing_teacher/,Reddit: опыт уроков и педагогов
85,r/singing,2026-09-02,студент с педагогом,практика-время-место,2,Между уроками ученик один: нет персональных упражнений и домашних заданий,"My biggest concern is that when i go home i basically am by myself i don't have like serious ""homework"" she Just points out what to do better in the song and how to do that but i don't have any personalized exercises or tecnique work to do. For example even the warmup is just a YouTube video",Педагог на просьбу ответила «figure it out myself»; комментатор: «why do you pay someone then»,Разминка по YouTube-видео,,https://www.reddit.com/r/singing/comments/1w59nqz/changing_teacher/,Reddit: опыт уроков и педагогов
86,r/singing,2026-09-02,неясно,цена,2,"Платить педагогу, который не показывает путь, бессмысленно",Yeah but why do you pay someone then if they don't show you a path?,нет данных,,"Платят за структуру и путь, а не только за обратную связь",https://www.reddit.com/r/singing/comments/1w59nqz/changing_teacher/p7e0k1u/,Reddit: опыт уроков и педагогов
87,r/singing,2026-08-06,новичок,онлайн-уроки,2,Очные уроки недоступны по цене — вынужденный выбор онлайна,"I decided to get into online vocal coaching around three weeks ago, as all in-person coachings near me are even less affordable than what I could get online.",нет данных,Онлайн-сервис с назначаемым педагогом,"Платит за онлайн, т.к. дешевле очного",https://www.reddit.com/r/singing/comments/1vhg0dz/should_i_change_vocal_coaches_feeling_very/,Reddit: опыт уроков и педагогов
88,r/singing,2026-08-06,новичок,выбор-пути-педагог,2,Строгий онлайн-педагог не проверяет домашнюю работу и раздражается на ошибки новичка,"Today, I had my second proper lesson and I left feeling enormously incompetent and shitty. First, we didn't look at anything I'd done in the past week.","Все ответы: «I’d change coaches», «he's not teaching like a beginner's teacher», «What a condescending asshole»","Сменить педагога; петь через колонки, а не наушники",,https://www.reddit.com/r/singing/comments/1vhg0dz/should_i_change_vocal_coaches_feeling_very/,Reddit: опыт уроков и педагогов
89,r/singing,2026-08-06,неясно,выбор-пути-педагог,2,"Педагог говорит «что», но не «как»: нет пошаговых строительных блоков",Telling someone to “concentrate” and “relax more” isn’t teaching it’s the equivalent of telling someone “just do it better”.,нет данных,,,https://www.reddit.com/r/singing/comments/1vhg0dz/should_i_change_vocal_coaches_feeling_very/p280tgj/,Reddit: опыт уроков и педагогов
90,r/singing,2026-08-06,новичок,выбор-пути-педагог,2,"Педагоги без терпения к новичкам, снобизм на пробном уроке","I had a guy similar to yours for a trial lesson. Despite making it clear I was a beginner, he was such a snob and also didnt seem to have any desire or patience to teach me.",«Please change coach... THAT's the most important thing imo... Patience»,Нашла другого педагога,,https://www.reddit.com/r/singing/comments/1vhg0dz/should_i_change_vocal_coaches_feeling_very/p2cd8oh/,Reddit: опыт уроков и педагогов
91,r/singing,2026-06-01,будущий профи,выбор-пути-педагог,1,Годы с «обычными» педагогами — основной прогресс только с одним по-настоящему сильным,It really took finding an incredible teacher and he taught more more than all the others combined in those 2.5 years.,«I agree big»,Поиск «того самого» педагога,10 лет еженедельных уроков,https://www.reddit.com/r/singing/comments/1ttxw09/realistic_results_after_1_month_of_lessons/op8h1c5/,Reddit: опыт уроков и педагогов
92,r/singing,2026-02-14,будущий профи,уверенность-сцена,2,"Педагог сделал ученика робким, позитивной обратной связи не было 2–3 года","I had a teacher for five years who made me so nervous about applying his teachings that it made me timid of singing, which showed in performances.",Ответы: «that first teacher didn’t bring out your confidence»,Новый репертуарный коуч за 15 занятий,,https://www.reddit.com/r/singing/comments/1r4yddn/hindsight_is_2020_when_is_it_the_time_to_switch/,Reddit: опыт уроков и педагогов
93,r/singing,2023-08-26,неясно,цена,2,Найти хорошего педагога — лотерея; $70/час не стоит риска,"If you can find a good teacher, yes, but It’s such a gamble and from my experience with the odds against you. I’m replying directly to $70 an hour of value, to me at this specific price I say no, at $30, sure take the chance",В треде спор: другие называют $65–80 нормой,,"Готов рискнуть при ~$30/час, не при $70",https://www.reddit.com/r/singing/comments/161mk6m/are_vocal_lessons_worth_it/jxuuaz5/,Reddit: опыт уроков и педагогов
94,r/singing,2023-08-26,студент с педагогом,цена,1,Долгий вход: месяцы сомнений перед первым уроком («months of looking at youtube videos before pulling the trigger»),I've been taking lessons for 3 years now. I pay $55 for 1/2 hour with a seasoned performer and teacher.,нет данных,"Сначала YouTube, отзывы, бесплатная консультация","$55 за 30 минут, 3 года",https://www.reddit.com/r/singing/comments/161mk6m/are_vocal_lessons_worth_it/jxteg1v/,Reddit: опыт уроков и педагогов
95,r/singing,2023-08-26,неясно,цена,1,Уроки дорогие; «если не готов практиковать — выбрасываешь деньги»,"Sounds like a reasonable price for an hour, I live in LA and some of the cheapest classes are around 65-80 the hour.",нет данных,,$65–80/час в LA — нижняя граница рынка,https://www.reddit.com/r/singing/comments/161mk6m/are_vocal_lessons_worth_it/jxsp39d/,Reddit: опыт уроков и педагогов
96,r/singing,2026-07-28,любитель с целью,выбор-пути-педагог,2,"В сельской местности нет педагогов, единственный не подошёл","the nearest and only vocal coach near me is a 2 hour drive from where I live. Unfortunately, she wasn't a good fit and after 4 lessons I decided to call it off.",нет данных,"Онлайн-уроки, курсы (Jeff Rolka)",Ищет «проверенные» платные онлайн-ресурсы,https://www.reddit.com/r/singing/comments/1v913f7/no_vocal_coaches_near_me_what_other_resources_are/,Reddit: опыт уроков и педагогов
97,r/singing,2026-07-28,любитель с целью,онлайн-уроки,2,Zoom-уроки теряют динамику из-за сжатия звука,felt something gets lost in translation doing things through a laptop microphone and a webcam - the audio compression algorithms completely remove any sense of dynamics that you'd get stood in a room. One of the tutors even told me as much and that kind of put me off.,"Несколько человек советуют «original sound for musicians», внешний микрофон; другие: «Zoom without a doubt works for me»","Режим «original sound for musicians», аудиоинтерфейс, конденсаторный микрофон",,https://www.reddit.com/r/singing/comments/1v913f7/no_vocal_coaches_near_me_what_other_resources_are/,Reddit: опыт уроков и педагогов
98,r/singing,2026-07-28,неясно,онлайн-уроки,1,Педагоги не умеют настроить звук для онлайн-уроков,"Did your online teacher know how to show you to switch to ""original sound for musicians"" on Zoom when teaching? If not, you might be better off with a teacher who knows how to use the Zoom settings properly for music.",Автор: «Very good point I didn't even know that was a thing»,Настройка Zoom для музыкантов,,https://www.reddit.com/r/singing/comments/1v913f7/no_vocal_coaches_near_me_what_other_resources_are/p0axk56/,Reddit: опыт уроков и педагогов
99,r/singing,2025-11-17,студент с педагогом,онлайн-уроки,2,"Задержка и обрывы звука на онлайн-уроках во всех платформах (Zoom, Meet, Teams, WhatsApp)",We tried doing zoom and setting the audio to original sound for musicians but the audio was super laggy and her voice kept cutting out so it was really difficult,нет данных,Перебор платформ,,https://www.reddit.com/r/singing/comments/1oz2pu3/online_platform_for_singing_lessons/,Reddit: опыт уроков и педагогов
100,r/singing,2025-08-18,самоучка,цена,2,Цена хорошего педагога — главный барьер,"The cost of lessons from a good teacher is my problem. It’s not that they are not worth charging market rate, it’s just that I can’t afford it.","Самый частый ответ в треде: «The cost», «Cost. Cost. Cost.», «People find that they can’t afford lessons»",Самообучение,"Педагог спрашивает, сколько готовы платить; называют $25–30 за 30 мин",https://www.reddit.com/r/singing/comments/1mtrl4t/the_number_1_thing_stopping_you_from_voice_lessons/n9dv4se/,Reddit: опыт уроков и педагогов
101,r/singing,2025-08-18,неясно,цена,1,$50 за 30 минут не оправдано,"25 is average around here, maybe 30 tops. Not sure how I could justify 50 for only 30min of a lesson.",В ветке про цену несколько подобных ответов,,Потолок $25–30 за 30 минут,https://www.reddit.com/r/singing/comments/1mtrl4t/the_number_1_thing_stopping_you_from_voice_lessons/n9h8jeh/,Reddit: опыт уроков и педагогов
102,r/singing,2025-08-18,студент с педагогом,мотивация-бросают,3,"Бросил уроки через месяц: нет реальной обратной связи, 30 минут в неделю мало",I just recently stopped my voice lessons bc I felt I paid money to not really learn anything. It’s only been a month but I felt like I wasn’t given real feedback on my voice,Педагог в ответе признаёт: нужна система follow-up после уроков,,«Never paid for something that just felt like a waste of time until now»,https://www.reddit.com/r/singing/comments/1mtrl4t/the_number_1_thing_stopping_you_from_voice_lessons/n9dpf98/,Reddit: опыт уроков и педагогов
103,r/singing,2025-08-18,студент с педагогом,выбор-пути-педагог,2,Уроки = 5 минут разминки + песня + минимальный фидбек; нет целей и заданий между уроками (в отличие от уроков фортепиано),Number 1 thing stopping me is that I have had 3 voice teachers and I don't like how lessons are structured.,"«This has been my experience as well!», «I want a teacher like that but I can't find one!!»",,,https://www.reddit.com/r/singing/comments/1mtrl4t/the_number_1_thing_stopping_you_from_voice_lessons/n9e6dle/,Reddit: опыт уроков и педагогов
104,r/singing,2025-08-18,студент с педагогом,прогресс-плато,2,"Непонятно, что именно получилось правильно — невозможно воспроизвести",It almost feels like if I ever sing something correctly it was due to luck rather than technique. I want to be told how to improve but also made aware of what I did well to be able to do it again.,Начинается с «Agree with this»,,,https://www.reddit.com/r/singing/comments/1mtrl4t/the_number_1_thing_stopping_you_from_voice_lessons/n9fx0fb/,Reddit: опыт уроков и педагогов
105,r/singing,2025-08-18,неясно,практика-время-место,2,Плавающий график не совместим с фиксированными еженедельными уроками,"Money and time. My schedule changes week to week, so it's hard to plan appointments in advance even if I could afford it.",«This was my issue!»,Педагог с гибкими пакетами уроков,,https://www.reddit.com/r/singing/comments/1mtrl4t/the_number_1_thing_stopping_you_from_voice_lessons/n9e1g1h/,Reddit: опыт уроков и педагогов
106,r/singing,2025-08-18,студент с педагогом,практика-время-место,1,Фиксированное расписание и потеря денег за отменённые уроки,I found a voice teacher who sells flexible scheduling packages and I love her. I'm not tied to the same time/day. I buy a bundle and schedule whenever I want.,нет данных,Пакеты уроков с гибким бронированием,Покупает пакеты уроков; «game changer»,https://www.reddit.com/r/singing/comments/1mtrl4t/the_number_1_thing_stopping_you_from_voice_lessons/n9ef9kr/,Reddit: опыт уроков и педагогов
107,r/singing,2025-08-18,новичок,талант-возраст,2,Нет доказательств «было-стало» для похожих новичков; страх долгого пути (10 лет) и затрат,"I can't find an example of a teacher turning a beginner that sang poorly to begin with, with a similar speaking voice like mine, into a great singer like I'm aspiring to be.",Педагог в треде: «Sometimes I want to post a clip of myself singing before lessons and then after»,,Не готов платить без доказанного результата,https://www.reddit.com/r/singing/comments/1mtrl4t/the_number_1_thing_stopping_you_from_voice_lessons/n9emef3/,Reddit: опыт уроков и педагогов
108,r/singing,2025-08-18,студент с педагогом,страх-стыд-старт,2,"Страх осуждения педагогом на первом уроке, «слишком стар», жена сочтёт тратой денег","3) I was afraid he/she would hear me sing and say, ""seriously? You thought you could be a singer ? With that voice?""",«For most people I’ve talked to I think it’s fear»; «a secret setback as that I’m scared of hearing that I’m not actually as good»,,,https://www.reddit.com/r/singing/comments/1mtrl4t/the_number_1_thing_stopping_you_from_voice_lessons/n9epu54/,Reddit: опыт уроков и педагогов
109,r/singing,2025-08-18,самоучка,цена,3,"$300 в месяц за разминки, которые можно сделать по YouTube; не было записи и плана практики","They are about $300/mo for 1x a week lessons at 1 hour long, and most of it was just doing vocal warm ups, singing scales/octaves/range exercises. I can pretty easily do all of that at home with youtube.",нет данных,"Бросил уроки, занимается сам по YouTube",$300/мес — отказался платить,https://www.reddit.com/r/singing/comments/1mtrl4t/the_number_1_thing_stopping_you_from_voice_lessons/n9f54b7/,Reddit: опыт уроков и педагогов
110,r/singing,2025-08-18,самоучка,цена,3,Уроки полностью недоступны по деньгам,Money. My income is so limited a single lesson means two weeks of no food. I am aware and respect teachers fees so I just can’t expect to get lessons for nothing. My only choice is to self-learn.,"Много похожих: «I can barely afford living», «some people just cannot afford it no matter how cheap»",Самообучение,Ноль,https://www.reddit.com/r/singing/comments/1mtrl4t/the_number_1_thing_stopping_you_from_voice_lessons/n9fepcq/,Reddit: опыт уроков и педагогов
111,r/singing,2025-08-18,новичок,практика-время-место,2,Чувство «слишком стар» + нет тихого места для онлайн-уроков и практики,"Part of it is feeling too old, and part of it is not having a quiet place to learn remotely and not having anywhere to practice.","Другой комментатор перечисляет те же барьеры: тревога, отсутствие места/оборудования",,,https://www.reddit.com/r/singing/comments/1mtrl4t/the_number_1_thing_stopping_you_from_voice_lessons/n9gj40v/,Reddit: опыт уроков и педагогов
112,r/singing,2025-08-18,родитель,онлайн-уроки,1,Родитель не верит в эффективность онлайн-уроков,"I have a talented daughter and she takes weekly voice lessons that cost $125 for 45 minutes. For me, it’s not the money but rather that I don’t believe she can make the same progress in an online format.",нет данных,Очные уроки,$125 за 45 минут еженедельно (ребёнок),https://www.reddit.com/r/singing/comments/1mtrl4t/the_number_1_thing_stopping_you_from_voice_lessons/n9g1lvq/,Reddit: опыт уроков и педагогов
113,r/singing,2026-08-05,любитель с целью,цена,2,Цены $100–200+ за урок; студентка может позволить только $40/30 мин,Everywhere else was charging like $100-200+ per lesson for the same amount of time this place was charging ($40 for 30 mins.),"«Where I'm at, one good class at that price would run me bankrupt in 2 weeks»","Самый дешёвый вариант, «hobby leftovers and birthday money»",$40 за 30 минут — максимум,https://www.reddit.com/r/singing/comments/1vfs2tt/adviceconvo_about_vocal_coach_issue/,Reddit: опыт уроков и педагогов
114,r/singing,2026-08-05,студент с педагогом,выбор-пути-педагог,2,Половина оплаченного урока уходит на болтовню педагога; неловко сказать,"MY TEACHER WONT STOP TALKINGGG. I only have 30 minutes per lesson once a week, and she spends at least 15-20 minutes of that time talking about her work schedule",«I had a teacher do this in lessons that were $200 an hour...she spent like legit 20 minutes yapping»,"Советуют сказать прямо, засекать время, сменить педагога",,https://www.reddit.com/r/singing/comments/1vfs2tt/adviceconvo_about_vocal_coach_issue/,Reddit: опыт уроков и педагогов
115,r/singing,2026-08-05,любитель с целью,практика-время-место,2,"Негде практиковать дома — тонкие стены, соседи",I can’t practice at home with my walls being paper thin and household members and neighbors getting disturbed by my noise.,«I unfortunately am not at the luxury of being able to sing/practice freely at home»; YouTube годами без прогресса,Очные уроки как единственное место для пения,,https://www.reddit.com/r/singing/comments/1vfs2tt/adviceconvo_about_vocal_coach_issue/,Reddit: опыт уроков и педагогов
116,r/singing,2025-04-10,новичок,выбор-пути-педагог,2,"Новичку непонятна структура «разминка + песня», не объясняют физиологию и зачем упражнения","a lot of the instruction I’ve encountered over the years has consisted of warm-up exercises followed by working on a song. This has always confused me because I liken it to “lets warm up and then play a basketball game” and Im like “whoa, I don’t even know how to dribble”","Педагоги отвечают, что разминки = технические упражнения; автор: «That context had never been provided to me»","Перепробовал несколько педагогов, выбрал двух",,https://www.reddit.com/r/singing/comments/1jvof5p/what_should_voice_lessons_be_like/,Reddit: опыт уроков и педагогов
117,r/singing,2025-04-10,новичок,выбор-пути-педагог,1,"Новичок не знает, о чём спрашивать; ждёт, что педагог объяснит «зачем»",I ask questions as they occur to me but Im worried there are questions to ask that Im not aware of. So Im relying a bit on the expertise of the instructor to be ahead of it.,нет данных,,,https://www.reddit.com/r/singing/comments/1jvof5p/what_should_voice_lessons_be_like/mmcah07/,Reddit: опыт уроков и педагогов
118,r/singing,2026-08-04,студент с педагогом,уверенность-сцена,2,Нервничает на уроке и после ничего не помнит из урока,after I finish the lesson I feel so.. what’s the word.. delirious ? idk I feel like I don’t remember anything that happened in that hour and I get so nervous before my lesson too.,"«I take notes because I can't remember things after the lesson»; «I have lessons for over two years, and I am so shy to sing»","Записывать уроки на видео/аудио, вести заметки, говорить педагогу «я нервничаю»",,https://www.reddit.com/r/singing/comments/1vfe9sz/help_how_to_get_over_getting_nervous_in_lesson/,Reddit: опыт уроков и педагогов
119,r/singing,2026-08-04,студент с педагогом,практика-время-место,1,Забывает содержание урока,"In lessons sometime I'll casually* say ""I'm nervous"" out loud and it makes me feel better. *As casually as I can when I'm already nervous. I don’t remember anything that happened in that hour I take notes because I can't remember things after the lesson.",Прямое согласие с ОП (цитирует его фразу),Заметки после урока,,https://www.reddit.com/r/singing/comments/1vfe9sz/help_how_to_get_over_getting_nervous_in_lesson/p1ohnzl/,Reddit: опыт уроков и педагогов
120,r/singing,2026-04-14,студент с педагогом,прогресс-плато,2,"За год уроков ощущение, что на Reddit узнаёт больше, чем от педагога",I also do feel that I learn more from this sub Reddit then them as I learnt what falsetto was from here.,"Ответы: «This sounds about right for a year in», «Singing is a marathon»","Reddit, отдельный педагог по теории",,https://www.reddit.com/r/singing/comments/1slke03/is_my_singing_teacher_good/,Reddit: опыт уроков и педагогов
121,r/singing,2025-11-16,студент с педагогом,здоровье-голоса,3,"Педагог указывает ошибки, но не учит исправлять; после уроков голос хрипнет за 5 минут",my teacher just points out my mistakes and never teaches me how to fix them. And whenever I ask questions or inquire into singing techniques that I want to learn he just changes the subject.,"«It's pretty clear to me that your current teacher doesn't know shit»; часть спорит, что это нормальная ломка привычек",Родители не дают сменить школьного педагога; думает о самообучении,,https://www.reddit.com/r/singing/comments/1oyeox6/my_teacher_is_ruining_my_voice/,Reddit: опыт уроков и педагогов
122,r/singing,2025-06-06,новичок,выбор-пути-педагог,1,После первого урока не было плана и стратегии; взрослому неловко среди детей,I was expecting that at the end there was going to be some sort of talk about a strategy or plan along the lines of 'Ok I think I can help you get where you want to be.,Комментаторы убеждают записаться ещё,Решил взять ещё один урок,,https://www.reddit.com/r/singing/comments/1l56u19/first_singing_lesson_at_45_years_of_age_so_weird/mwezbkq/,Reddit: опыт уроков и педагогов
123,r/singing,2026-07-31,новичок,страх-стыд-старт,3,Педагог отказал в обучении из-за неспособности попадать в ноты — автор думает бросить,"Just got rejected by a vocal coach/teacher after a very brief ""test"" saying I was way too bad for him to teach...","«These stories of horrible teachers are infuriating»; «I also was rejected by a teacher»; педагоги подтверждают, что многие не берут «абсолютных новичков»",Нашла другого педагога через несколько дней — пробный урок прошёл хорошо,,https://www.reddit.com/r/singing/comments/1vbzruz/got_rejected_by_a_teacher_for_being_too_bad_and_i/,Reddit: опыт уроков и педагогов
124,r/singing,2024-09-24,любитель с целью,выбор-пути-педагог,1,"Подросток не знает, где искать онлайн-педагога по мюзиклу",i am looking for less than 45$ per 30 min sessions. ... i dont even know where to look so thats why i'm coming here,нет данных,Спрашивает на Reddit,До $45 за 30 минут,https://www.reddit.com/r/singing/comments/1fo5f6w/are_there_any_vocal_teachers_on_here_that_are/,Reddit: опыт уроков и педагогов
125,r/singing,2023-02-11,новичок,выбор-пути-педагог,2,"Противоречивые методы (Estill, CVT и др.) путают новичка при выборе педагога","I've had a few trial lessons and am feeling really confused by the conflicting advice. In particular, there seems to be so much variation in opinions on breathing and support.",нет данных,Пробные уроки,Платит за пробные уроки,https://www.reddit.com/r/singing/comments/10zqsdy/estill_v_cvt_v_help/,Reddit: опыт уроков и педагогов
126,r/singing,2019-01-27,новичок,выбор-пути-педагог,2,Педагог большую часть урока в телефоне,I am quite surprised to see my new voice coach on her phone for the majority of each lesson.,нет данных,,,https://www.reddit.com/r/singing/comments/akb8y8/teacher_pays_alot_of_attention_to_her_phone_how/,Reddit: опыт уроков и педагогов
127,r/singing,2025-08-23,студент с педагогом,здоровье-голоса,2,Педагоги с устаревшими/вредными советами,"I've had bad teachers in the past, (going as far as advising me to smoke to improve my vocal cords)",нет данных,,,https://www.reddit.com/r/singing/comments/1my3z2s/concerns_about_new_vocal_teacher/,Reddit: опыт уроков и педагогов
128,r/singing,2024-02-23,будущий профи,мотивация-бросают,2,Педагог не принимает желаемый стиль (поп) — потеря мотивации,I had a singing teacher who despised anything modern. We weren't even allowed to sing broadway stuff that was made after the 70s,нет данных,,,https://www.reddit.com/r/singing/comments/1ayf46z/lost_motivation_after_a_discouraging_teacher/,Reddit: опыт уроков и педагогов
129,r/singing,2024-04-08,студент с педагогом,техника-верх-напряжение,2,8 уроков без микста; педагог другого пола не может показать,She said that it's hard for me to translate what she's trying to teach from her feminine voice to mine.,нет данных,Педагог советует искать педагога-мужчину,Еженедельные уроки,https://www.reddit.com/r/singing/comments/1bzczch/had_8_voice_lessons_so_far_and_we_just_cant_get/,Reddit: опыт уроков и педагогов
130,r/singing,2026-08-19,студент с педагогом,прогресс-плато,2,Третий педагог сдался в работе над вибрато — цель ученика проигнорирована,it was so entirely nonexistent that she literally gave up and we worked on other stuff instead.,Перекликается с «3 years of voice lessons ... with 4 different teachers ... still no vibrato»,,,https://www.reddit.com/r/singing/comments/1vt0w1t/is_there_really_no_way_to_develop_vibrato_besides/,Reddit: опыт уроков и педагогов
131,r/singing,2025-04-24,будущий профи,прогресс-плато,2,3 года и 4 педагога без результата по конкретному навыку,"I’ve been training vocally for over three years now with 4 different teachers, some of them really renowned and top in their field. And I STILL have not developed vibrato.",нет данных,,Уроки у известных педагогов 3 года,https://www.reddit.com/r/singing/comments/1k6i6gf/3_years_of_voice_lessons_in_musical_theater_style/,Reddit: опыт уроков и педагогов
132,r/singing,2025-12-17,студент с педагогом,приложения-курсы-AI,1,"2,5 года YouTube и два купленных курса дали меньше, чем 7 месяцев с педагогом","i feel like i made more progress in 7 months with a teacher (weekly 30 min lessons, 1 on 1) than i did in 2 1/2 years of teaching myself through youtube, as well as having bought 2 online singing courses in that time.",нет данных,Переход с YouTube/курсов на 1:1 уроки,"Купил 2 онлайн-курса, затем еженедельные 30-минутные уроки",https://www.reddit.com/r/singing/comments/1ppbyty/7_months_singing_progress_after_starting_voice/,Reddit: опыт уроков и педагогов
133,r/singing,2026-07-26,самоучка,приложения-курсы-AI,2,"YouTube-уроки по миксту расплывчаты и метафоричны, не работают","I have watched countless tutorials, and all of them seem to do the same thing: they give a vague, metaphorical idea of what I am supposed to imagine, but none of it works for me.",нет данных,Упражнения с трубочкой,,https://www.reddit.com/r/singing/comments/1v7b074/is_there_a_fool_proof_way_to_get_to_mixed_voice/,Reddit: опыт уроков и педагогов
134,r/singing,2026-01-03,самоучка,цена,1,Уроки дорогие — полагается на бесплатные онлайн-ресурсы,I've looked around and they are not cheap. So as much as possible I try to utilize online resources.,нет данных,Онлайн-курсы и упражнения 5+ лет,,https://www.reddit.com/r/singing/comments/1q2nktq/voice_lessonscoaching/,Reddit: опыт уроков и педагогов
135,r/singing,2017-11-15,новичок,цена,1,"Непрозрачность цен, неясно, что считается нормальной ценой",I just booked an hour long introductory lesson for $125 - does this seem like an unreasonable price?,нет данных,,$125 за часовой вводный урок (LA),https://www.reddit.com/r/singing/comments/7d65pw/how_much_are_voice_lessons/,Reddit: опыт уроков и педагогов
136,r/singing,2023-06-03,новичок,цена,1,"Страх потратить деньги впустую; неуверенность, помогут ли уроки со сценой",They’re £35 a week and I don’t want to feel like I’m wasting money,нет данных,,£35 в неделю (UK),https://www.reddit.com/r/singing/comments/13z6fnu/are_singing_lessons_worth_it/,Reddit: опыт уроков и педагогов
137,r/singing,2023-06-03,новичок,онлайн-уроки,1,"Сомнение, что педагог услышит голос через микрофон ноутбука",I am mostly concerned whether somebody could truly analyze voice correctly if I only were to use my laptop's microphone or even something of better quality for handling my voice.,нет данных,,,https://www.reddit.com/r/singing/comments/13z9so7/are_online_singing_lessons_worth_it/,Reddit: опыт уроков и педагогов
138,r/singing,2026-01-27,новичок,онлайн-уроки,1,Недоверие к маркетплейсам уроков (Wiingy) — ответы похожи на ботов,"a lot of the replies to my chats really seem like, AI generated. Is this normal?",нет данных,,,https://www.reddit.com/r/singing/comments/1qo4ldq/voice_lessons_on_wiingy/,Reddit: опыт уроков и педагогов
139,r/singing,2025-02-25,новичок,мотивация-бросают,3,"51-летний ученик в слезах, готов сдаться: 4 месяца без прогресса дальше гамм","I’ve been taking singing lessons for four months, and no matter how hard I try, I can’t progress past basic scales.",Автор в правке благодарит за советы (подозрение на мышечную дисфонию),Обратиться к фониатру/логопеду,,https://www.reddit.com/r/singing/comments/1ixunsv/ive_been_taking_voice_lessons_for_4_months_after/,Reddit: опыт уроков и педагогов
140,r/singing,2024-10-02,студент с педагогом,техника-верх-напряжение,3,"Два педагога, годы попыток — микст не получается",On my second voice teacher and I'm still getting nowhere.,нет данных,"Все упражнения, трубочки, YouTube, Reddit",,https://www.reddit.com/r/singing/comments/1fu4sxl/mixed_voice_is_unattainable/,Reddit: опыт уроков и педагогов
141,r/MusicalTheatre,2026-08-16,любитель с целью,цена,2,"Дрожит голос на прослушиваниях, уроки не по карману",Wondering if anyone has any advice (other than voice lessons because I just can't afford them right now) on how I might be able to stop that,"В r/MusicalTheatre много постов «improve without lessons» (1t3yas3, 1psvpkf)",Ищет бесплатные советы,Не может платить,https://www.reddit.com/r/MusicalTheatre/comments/1vptvfc/musical_audition_advice/,Reddit: опыт уроков и педагогов
142,r/MusicalTheatre,2025-04-26,родитель,цена,2,"Родителю едва хватает на уроки вокала, актёрское мастерство и взносы","Unfortunately we can barely afford all of the things that go into this dream - the voice lessons, the acting classes, the production fees",нет данных,,Платит за вокал ребёнку на пределе бюджета,https://www.reddit.com/r/MusicalTheatre/comments/1k8dlik/do_donations_influence_casting/,Reddit: опыт уроков и педагогов
143,r/MusicalTheatre,2024-09-30,будущий профи,онлайн-уроки,1,Zoom-уроки с минусовками не готовят к живому аккомпаниатору на прослушиваниях,our lessons are on zoom so we run the songs with backing tracks. But I feel like it would be helpful to study with an accompanist since I do sometimes feel thrown off a bit by singing with an accompanist in auditions.,«I’ve had friends who were mad that an accompanist messed up at auditions but they never practiced with one»,Договориться с музыкальными руководителями о прогонах,,https://www.reddit.com/r/MusicalTheatre/comments/1fskfga/how_are_your_voice_lessons_structured/lpnjxsi/,Reddit: опыт уроков и педагогов
144,r/MusicalTheatre,2026-01-28,любитель с целью,выбор-пути-педагог,1,"Страх, что педагог «не того стиля» (опера) испортит мюзикловый белт",I've heard people who have regretted classical training as it impacts their mixing and belting abilities.,"Противоречие: большинство ответов уверяют, что классика полезна для мюзикла",,Мама оплачивает уроки у оперной певицы,https://www.reddit.com/r/MusicalTheatre/comments/1qp7hdn/opera_singing_lessons_will_it_help_at_all/,Reddit: опыт уроков и педагогов
145,r/MusicalTheatre,2026-08-23,новичок,страх-стыд-старт,2,Тревожность мешает даже записаться на уроки вокала,"I struggle with overwhelming anxiety, making it hard to sign up for vocal lessons or sing in front of classmates.",нет данных,,,https://www.reddit.com/r/MusicalTheatre/comments/1vw98ax/i_want_to_do_theatre_but_have_severe_and/,Reddit: опыт уроков и педагогов
146,r/singing,2022-07-16,студент с педагогом,техника-верх-напряжение,2,"«Опора дыхания» непонятна: педагог повторяет абстракции, ученик не понимает, что должен чувствовать, и начинает ненавидеть процесс","Honestly, all worrying about breath and support has done is made me despise the entire process of learning singing. The only reason I'm bothering is because my teacher keeps telling me i need to breathe through my diaphragm and pay attention to my breath every lesson even though that means absolutely nothing to me.","Десятки комментариев с советами-метафорами («fart muscles», «poop yourself»); «Sounds like you are sick of people using abstractions»; преподаватель: «you need a new teacher»","Видео Chris Liepe, книга Anatomy of Breathing, упражнение с кулаком/соломинкой, упражнения на пресс",,https://www.reddit.com/r/singing/comments/w0fi9l/fuck_learning_breath_support/,"Reddit: прогресс, плато, техника, здоровье"
147,r/singing,2022-07-16 (тред),самоучка,техника-верх-напряжение,2,"Три курса и несколько педагогов не дали прогресса в опоре; помогло объяснение через ощущения, а не гаммы",I’ve done 3 courses and had multiple teachers. The answer is Chris Leipe. He focuses 100% on how it should feel. No scales. Nobody helped make any true progress with support until I found his lessons.,"«Yep, second this», «Yes. This.», «I can second that»",Бесплатные YouTube-уроки Chris Liepe с фокусом на ощущения,"Платил за 3 курса и нескольких педагогов, а результат дал бесплатный YouTube",https://www.reddit.com/r/singing/comments/w0fi9l/fuck_learning_breath_support/ige7vin/,"Reddit: прогресс, плато, техника, здоровье"
148,r/singing,2022-07-16 (тред),педагог о студентах,техника-верх-напряжение,2,Противоречивые указания (контролируй каждую мышцу + расслабься) запутывают учеников,"The way you are learning this is similar to like trying to learn how to walk by micro-managing every single muscle separately and then at the same time being told to ""relax the tension"". It's confusing, frustrating and I personally think it's bad teaching. Yet almost all singing teaching is done this way.",нет данных,Педагог предлагает давать опору через ощущение без разговоров о дыхании,,https://www.reddit.com/r/singing/comments/w0fi9l/fuck_learning_breath_support/igh4qdr/,"Reddit: прогресс, плато, техника, здоровье"
149,r/singing,2025-10-04,самоучка,техника-верх-напряжение,2,6 месяцев без прогресса в миксте; YouTube-туториалы не диагностируют ошибку ученика,"Why isn't there a tutorial out there that teaches you to engage every piece perfectly one at a time until you're guaranteed to get mixed voice, or tutorials that actually troubleshoot what you're doing wrong? They all expect you to get it right after the exercise and it's so frustrating.","Много ответов: «It took me a couple years», «it took me like 2 years, without a vocal coach», «What you say is common and understandable»","Часы на YouTube-туториалах по миксту; советы из комментов: петь тихо, «let it crack», мюзикл-песни",,https://www.reddit.com/r/singing/comments/1nxynug/why_is_it_so_hard_to_learn_mixed_voice/,"Reddit: прогресс, плато, техника, здоровье"
150,r/singing,2025-10-04 (тред),самоучка,техника-верх-напряжение,2,"Годы попыток найти микст, верх только криком и зажатым горлом; «после 4 лет пробовал всё и отчаялся»","I spent years trying to ""mix"" but I was pulling my chest. Like the only way I was able to reach a F#4 or higher (for reference, I'm a man) was by screaming and tensing my throat.",Ответ: «i tried this method ... i was able to achieve a very whiny cry-like a4»,"Случайно найденное упражнение: A4 в фальцете, затем переход в грудной",,https://www.reddit.com/r/singing/comments/1nxynug/why_is_it_so_hard_to_learn_mixed_voice/nhrtp01/,"Reddit: прогресс, плато, техника, здоровье"
151,r/singing,2025-10-04 (тред),неясно,приложения-курсы-AI,1,"Упражнения с YouTube, выполняемые в одиночку, легко делать неправильно и получить напряжение",Especially if you try this nay-nay exercise that so many Youtube people show you on your own but where a million things can go wrong.,нет данных,,,https://www.reddit.com/r/singing/comments/1nxynug/why_is_it_so_hard_to_learn_mixed_voice/nhtnmbx/,"Reddit: прогресс, плато, техника, здоровье"
152,r/singing,2025-10-04 (тред),неясно,приложения-курсы-AI,1,Универсальные туториалы не дают индивидуальной обратной связи,"It's not that hard when you get a good teacher. You need someone who can hear and see you so they know exactly what you're doing right and what you're doing wrong. Some things you can't learn from a ""fits all"" tutorial.","Созвучные комменты: «Go get a teacher», «if you post a clip I will likely be able to hear what is missing»","Педагог, который слышит и видит",Педагог как решение,https://www.reddit.com/r/singing/comments/1nxynug/why_is_it_so_hard_to_learn_mixed_voice/nhrq8e8/,"Reddit: прогресс, плато, техника, здоровье"
153,r/singing,2021-01-18,студент с педагогом,прогресс-плато,2,"Полгода плато у одного педагога; терпел, думая, что это нормально","For the last six months or so, I hit a plateau with her and felt I wasn't making progress. I was told plateaus in singing were common, so I stuck it out.","«Totally Agree», «I am in the same situation», «Great advice!»",Сменить педагога,Два года регулярных уроков у одного педагога,https://www.reddit.com/r/singing/comments/l00n66/feel_like_your_singing_isnt_getting_better_switch/,"Reddit: прогресс, плато, техника, здоровье"
154,r/singing,2026-09-20,студент с педагогом,прогресс-плато,2,"После 5 лет с одним педагогом — плато, одни и те же замечания, нет разбора конкретных проблем; неловко уходить от педагога-друга",I definitely developed a very solid foundation in their studio but I feel like I get the same kinds of notes over and over again and I’m not seeing ways to troubleshoot specific things. It’s like we’ve exhausted what I can learn from them in a way.,нет данных,Хочет попробовать других педагогов,5 лет занятий у одного педагога,https://www.reddit.com/r/singing/comments/1wl6dpz/how_best_to_break_the_news_to_a_long_time_voice/,"Reddit: прогресс, плато, техника, здоровье"
155,r/singing,2016-11-12,студент с педагогом,прогресс-плато,2,"После 5 месяцев уроков и часа практики в день — остановка прогресса; упражнения есть, песни не получаются","I've been putting in an hour of practice a day for 6 days a week, but I just haven't been developing at all, and I still can't sing lyrics, I can only to vocal exercises.","«I feel like I'm in a very similar position as you», «Yea this situation is pretty common»","Советы: петь песни, а не только упражнения; сменить педагога; open mic",,https://www.reddit.com/r/singing/comments/5civmf/plateau/,"Reddit: прогресс, плато, техника, здоровье"
156,r/singing,2016-11-12 (тред),самоучка,прогресс-плато,2,"Самоучки не знают, как расти дальше очевидных вещей; плато на 6–10 месяце","If you are self taught as well, I think a lot of it is because we don't have the knowledge of how to improve past fixing the obvious stuff (pitch, strain, etc)",Сам комментарий — согласие с ОП («I feel like I'm in a very similar position as you»),,,https://www.reddit.com/r/singing/comments/5civmf/plateau/d9wygfc/,"Reddit: прогресс, плато, техника, здоровье"
157,r/singing,2016-11-12 (тред),любитель с целью,выбор-пути-педагог,1,"Плато как сигнал, что педагог перестал подходить","Yea this situation is pretty common, it just means you mean to find a better teacher. Speaking from personal experience, whenever I hit a plateau, finding a better teacher has snapped me right out of it every single time.",нет данных,Смена педагога при каждом плато,Готов менять/платить новому педагогу,https://www.reddit.com/r/singing/comments/5civmf/plateau/d9xhtrv/,"Reddit: прогресс, плато, техника, здоровье"
158,r/singing,2025-04-17,самоучка,прогресс-плато,2,"8 лет самообучения — полное плато, не хватает контроля, как у профи","I've improved a shit ton on my own, I can walk into a jam session and people will compliment my voice. But I've also completely plateaued.",нет данных,Задумывается о вокальном коуче,Рассматривает платного коуча после 8 лет самообучения,https://www.reddit.com/r/singing/comments/1k0zo8k/so_like_pretty_much_every_mainstream_singer_has/,"Reddit: прогресс, плато, техника, здоровье"
159,r/singing,2026-04-11,студент с педагогом,практика-время-место,3,"Школьник не может заставить себя заниматься дома из-за стеснения — прогресс встал, педагог разочарован","The first few classes went great, but my progress plateaued really early on because I didn't practice at home. That's the problem. I can't bring myself to practice, I just feel so shy and self-concious.",нет данных,,Платные вокальные классы,https://www.reddit.com/r/singing/comments/1sigqvx/i_dont_know_it_singing_is_meant_for_me/,"Reddit: прогресс, плато, техника, здоровье"
160,r/singing,2024-09-26,студент с педагогом,прогресс-плато,2,"Год уроков, а на записи себя не выносит; не доверяет похвале педагога","I’ve been in lessons for a year, and I still think I sound pretty bad. My instructor says I do good—but I admit I question his judgement sometimes.","~35 ответов: «Almost two decades», «About 6 years», «33 years and counting», «we all hate our recordings initially»","Постоянная запись себя, пение через мониторы, хороший микрофон",,https://www.reddit.com/r/singing/comments/1fq7gsd/how_long_did_it_take_you_to_like_your_voice/,"Reddit: прогресс, плато, техника, здоровье"
161,r/singing,2024-09-26 (тред),будущий профи,прогресс-плато,1,"Неприятие собственного голоса — почти универсально, даже у профессионалов","Over six years of music school, I have yet to meet another singer who likes the sound of their own voice.",«All three have admitted that they frequently cringe at the sound of their own voice»,"Доверять внешней обратной связи больше, чем своему мнению",,https://www.reddit.com/r/singing/comments/1fq7gsd/how_long_did_it_take_you_to_like_your_voice/lp4zu6c/,"Reddit: прогресс, плато, техника, здоровье"
162,r/singing,2024-09-26 (тред),любитель с целью,прогресс-плато,1,Непривычность своего голоса снаружи мешает; нужна ежедневная экспозиция,"It only took me a few months. But I practiced daily with monitors. That was instrumental. Not recording and listening back, but singing with speakers or headphones.","Смежные: «You’ll like your voice a lot more if you use a good microphone», «And a good mixer/interface, a DAW»",Ежедневное пение в мониторы/наушники,"Покупка микрофона, интерфейса, мониторов",https://www.reddit.com/r/singing/comments/1fq7gsd/how_long_did_it_take_you_to_like_your_voice/lp3mszk/,"Reddit: прогресс, плато, техника, здоровье"
163,r/singing,2025-11-26,студент с педагогом,прогресс-плато,2,"Полтора года уроков, на записи всё ещё звучит плохо; нет объективной оценки прогресса",I’ve bene taking vocal lesson for little than an year and an half and I can hear and feel a difference but whenever i record myself most of the time i still feel like i sound bad even tho my friends say I sound good but ik they dont know much about singing,нет данных,Запись себя,"1,5 года платных уроков",https://www.reddit.com/r/singing/comments/1p7g19o/how_long_did_it_take_you_to_actually_sound_good/,"Reddit: прогресс, плато, техника, здоровье"
164,r/singing,2015-05-30,студент с педагогом,здоровье-голоса,3,"2 года, 2 педагога, куча YouTube — нет прогресса, и голос пропадает после каждой практики; думает бросить","Two years on, I still sound bad. And to make things worse, I can't practise anymore because I lose my voice after every session.","«Seriously, hope you like it cozy, cause we share the same boat», «I'm going through the same thing»","Совет: к ЛОРу, проверить педагогов, записывать себя",Два педагога за 2 года,https://www.reddit.com/r/singing/comments/37vr6b/2_years_singing_no_progresswhen_to_give_up/,"Reddit: прогресс, плато, техника, здоровье"
165,r/singing,2015-05-30 (тред),студент с педагогом,практика-время-место,3,"Дома без контроля педагога ученик делает что-то не так и срывает голос, не понимая что","To be fair to my teacher, I don't lose my voice in his lessons, only when I practise at home. I have no idea what I'm doing differently: obviously I make every effort to do as I've been told.",«My teacher was very insistent on my doing little to no practice at home unsupervised»,"Совет: только простые упражнения дома, запись себя",,https://www.reddit.com/r/singing/comments/37vr6b/2_years_singing_no_progresswhen_to_give_up/crq6zif/,"Reddit: прогресс, плато, техника, здоровье"
166,r/singing,2015-05-30 (тред),студент с педагогом,прогресс-плато,3,"3 года, 3 педагога — ни одной песни целиком; отчаяние","I've had on and off lessons for three years with 3 teachers and I still can't manage to sing a single song. There are better days that give me hope for what might be one day but most of the time, I could simply cry",ОП: «Glad to know I am not the only one struggling»,"Спрашивает себя, сможет ли бросить; продолжает",3 педагога за 3 года,https://www.reddit.com/r/singing/comments/37vr6b/2_years_singing_no_progresswhen_to_give_up/crq9wea/,"Reddit: прогресс, плато, техника, здоровье"
167,r/singing,2015-05-30 (тред),студент с педагогом,здоровье-голоса,2,Страх повредить голос мешает продолжать,"The answer's definitely no, but I am really scared of damaging my voice.",«I get you on this»,Запись к врачу (NHS ENT),,https://www.reddit.com/r/singing/comments/37vr6b/2_years_singing_no_progresswhen_to_give_up/crqbg1i/,"Reddit: прогресс, плато, техника, здоровье"
168,r/singing,2024-12-04,новичок,техника-верх-напряжение,2,"В одиночку невозможно понять, что не так; «просто практикуйся» может навредить","You can hardly tell what is messing up your singing, especially if you’re just starting ou, when you’re on your own, and »keep practicing » with singing is one of the rare hobbies where that will just damage you more than improve you (vocal strains, ect…).","Спор; часть согласна: «I understand what you mean», «I love singing... but I feel that you're absolutely correct»","Хор, педагог, запись себя",,https://www.reddit.com/r/singing/comments/1h6fgy5/am_i_wrong_or_is_singing_one_of_the_least/,"Reddit: прогресс, плато, техника, здоровье"
169,r/singing,2024-12-04 (тред),самоучка,прогресс-плато,2,Прогресс был только с тренером; после переезда нет педагогов рядом — застрял,"I only really saw improvement when I got a vocal trainer for a brief time, but now I moved and there aren't any available trainers in my area so I feel very stuck right now.",нет данных,"Сам учился рисовать и играть по YouTube, с вокалом так не работает",Платил тренеру; нужен доступный педагог (онлайн-ниша),https://www.reddit.com/r/singing/comments/1h6fgy5/am_i_wrong_or_is_singing_one_of_the_least/m0drm1v/,"Reddit: прогресс, плато, техника, здоровье"
170,r/singing,2024-12-04 (тред),неясно,техника-верх-напряжение,1,"Инструмент невидим — приходится учиться через метафоры и странные упражнения, трудно понять, что слушать","Singing is difficult since most our vocal production machinery is hidden inside us - so we have to navigate via feelings, metaphors, strange exercises to learn to get more granular control to this machinery.",нет данных,,,https://www.reddit.com/r/singing/comments/1h6fgy5/am_i_wrong_or_is_singing_one_of_the_least/m0ddcjl/,"Reddit: прогресс, плато, техника, здоровье"
171,r/singing,2024-12-04 (тред),неясно,приложения-курсы-AI,1,Видео не заменяют живую обратную связь,"Unfortunately, it’s not something you can properly practice with videos. You need someone listening to you, watching you breathe, as you learn to sing or you’ll never really know how you’re doing.",нет данных,Вокальный коуч,"Коуч как «неприятный, но лучший вариант»",https://www.reddit.com/r/singing/comments/1h6fgy5/am_i_wrong_or_is_singing_one_of_the_least/m0ehbag/,"Reddit: прогресс, плато, техника, здоровье"
172,r/singing,2025-07-10,новичок,прогресс-плато,2,Шок от первой записи своего голоса — «в голове звучало хорошо»,"I put headphones on, hit record and passionately sang my heart out. I thought I nailed it! Sounded so good in my head. I was excited to play it back. OMG! It was awful!","~35 комментариев: «You will always be your own worst critique. Recording and listening back is torture», «I stopped recording»","Регулярно слушать записи, слушать то критически, то без оценки",,https://www.reddit.com/r/singing/comments/1lw1wdn/recorded_myself_singing_it_made_me_want_to_never/,"Reddit: прогресс, плато, техника, здоровье"
173,r/singing,2025-07-10 (тред),любитель с целью,мотивация-бросают,3,Запись собственного голоса заставила бросить пение на годы,I was 12 when I first heard my singing on a recording and stopped singing entirely for years after that.,нет данных,"Понимание, что запись/техника искажают звук",,https://www.reddit.com/r/singing/comments/1lw1wdn/recorded_myself_singing_it_made_me_want_to_never/n2bgt3f/,"Reddit: прогресс, плато, техника, здоровье"
174,r/singing,2025-07-10 (тред),неясно,прогресс-плато,2,"Отказ от самозаписи — слишком деморализует, хотя это главный инструмент самоконтроля",Hahaha I have no idea but I surely will never again listen to myself singing or watch any recording of myself dancing. It’s too demoralizing.,"«It was soul crushing, so much I stopped recording»",Избегание записей,,https://www.reddit.com/r/singing/comments/1lw1wdn/recorded_myself_singing_it_made_me_want_to_never/n2apz66/,"Reddit: прогресс, плато, техника, здоровье"
175,r/singing,2026-06-01 (тред),будущий профи,прогресс-плато,2,Путь до стабильно хорошего пения — 7–8 лет с периодами желания бросить,I think I was around year 7 or 8 into my journey when I considered myself a good singer consistently. There would be periods of time where I felt super confident and lots where I felt like giving up.,"«I agree big. It was like coming up on the decade», «it took about 4 years before I first thought I'm pretty good»","Поиск «того самого» педагога: за 2,5 года с ним прогресс больше, чем со всеми остальными",Еженедельные уроки ~10 лет; комментатор: «OP is going to end up spending 40k»,https://www.reddit.com/r/singing/comments/1ttxw09/realistic_results_after_1_month_of_lessons/op66eer/,"Reddit: прогресс, плато, техника, здоровье"
176,r/singing,2026-06-01 (тред),любитель с целью,прогресс-плато,3,"15 лет и 3–4 педагога, но нет честной обратной связи и результата — выгоняют из групп","After 15+ years and 3...4 vocal teachers, I got used to hearing my voice on my endless voice memo recordings, and thought I sounded really good. But when I post here, I get almost no feedback, and I've gotten kicked out all the bands I've been in",нет данных,"Бесконечные голосовые заметки, посты на Reddit за фидбеком",3–4 педагога; уроки «around 20/hr» 15 лет назад,https://www.reddit.com/r/singing/comments/1ttxw09/realistic_results_after_1_month_of_lessons/op8i1tl/,"Reddit: прогресс, плато, техника, здоровье"
177,r/singing,2023-06-09,новичок,практика-время-место,2,"Непонятно, КАК практиковать вокал: нет аналога метронома/замедления, как у гитары","for singing i just don’t understand, how do you practice ? oh you can’t hit that note, what do you do ? with guitar you slow down the metronome when something is too fast and build it.","«I totally get it», «it is very hard to grasp the concept of singing and improvement because it is far more abstract»","Подбирать ноты на гитаре, записывать себя, YouTube (Ken Tamplin, Madeleine Harvey)",,https://www.reddit.com/r/singing/comments/145k0qj/how_do_you_even_practice_singing/,"Reddit: прогресс, плато, техника, здоровье"
178,r/singing,2023-06-09 (тред),новичок,техника-верх-напряжение,1,Страх закрепить неправильное звучание при самостоятельной практике,What if we never sound right and just get really good at sounding really bad?? 💀,нет данных,,,https://www.reddit.com/r/singing/comments/145k0qj/how_do_you_even_practice_singing/jnm3l1i/,"Reddit: прогресс, плато, техника, здоровье"
179,r/singing,2023-06-09 (тред),неясно,здоровье-голоса,2,Риск необратимо повредить голос при неправильной практике делает обучение тяжелее,"Imagine if you could permanently damage your hands if you played the guitar “incorrectly”…. And if you kept doing that for years, the damage would be too much to continue playing the way you used to.",нет данных,,,https://www.reddit.com/r/singing/comments/145k0qj/how_do_you_even_practice_singing/jnnt0sq/,"Reddit: прогресс, плато, техника, здоровье"
180,r/singing,2025-12-31,самоучка,техника-верх-напряжение,2,Противоречивые онлайн-инструкции по опоре; голос «застрял в горле»,"People online say “dont tense your abs” but then make you do hissing exercises that WILL make your abs tense up So, then whats the point of doing them if I am not supposed to tense my abs??","Однотипные посты за 2023–2026: «Why is breath support so confusing?» (2024, 2026), «Breath support help», «Breath support???»",,,https://www.reddit.com/r/singing/comments/1q0mtpf/breath_support_is_so_confusing_need_help/,"Reddit: прогресс, плато, техника, здоровье"
181,r/singing,2025-07-25,самоучка,техника-верх-напряжение,2,Взаимоисключающие советы по дыханию из разных источников,"I've been really confused on how to properly do it. I've seen people say I should push air out, not push air out, Tighten my stomach, push my stomach out, do nothing with my stomach. What do I do?","Повторяющийся тип постов (см. 1q0mtpf, 1jf9cqe, 1fda36q)",,,https://www.reddit.com/r/singing/comments/1m8mukq/breath_support_help/,"Reddit: прогресс, плато, техника, здоровье"
182,r/singing,2025-11-08,новичок,техника-верх-напряжение,2,"Нигде нет ясного объяснения, что такое опора и что должно ощущаться","i look online for what that even is and like i never get a clear answer, the youtubers i see online only vaguley describe it",~25 ответов с разными определениями; «breath support means different things to different people»; «It's hard to explain... you can't really explain a nebulous feeling»,"Видео, «appoggio», упражнения с задержкой дыхания",,https://www.reddit.com/r/singing/comments/1orgjia/can_someone_please_explain_to_me_what_breath/,"Reddit: прогресс, плато, техника, здоровье"
183,r/singing,2025-11-08 (тред),новичок,здоровье-голоса,2,"Страх навредить себе, делая упражнения из видео без контроля","the video is very informative, but what worries me is what if i hurt myself or get singer's throat from doing this?",нет данных,,,https://www.reddit.com/r/singing/comments/1orgjia/can_someone_please_explain_to_me_what_breath/nnqbo5i/,"Reddit: прогресс, плато, техника, здоровье"
184,r/singing,2025-03-19,самоучка,приложения-курсы-AI,2,"Разные YouTube-педагоги дают противоположные указания (рёбра vs живот, пресс vs широчайшие)",I understand the premise and use of breath support / control - it's just the actual implementation / technique I am getting confused on due to so much seemingly conflicting advice.,нет данных,Сравнение видео разных коучей,,https://www.reddit.com/r/singing/comments/1jf9cqe/i_see_so_much_conflicting_advice_should_i_be/,"Reddit: прогресс, плато, техника, здоровье"
185,r/singing,2025-04-26,самоучка,цена,2,"Онлайн-объяснения слишком абстрактны (нужны конкретные, «autistic-friendly»), а на уроки нет денег","The problem is that as I try to learn how to sing properly, I'm struggling with the explanations I find online. Because I'm disabled, I can't work, so I'm sadly not able to afford singing",Созвучно: пост 1hdbpsb (2024) — «abstract descriptions of breath support are more confusing than anything»,Онлайн-материалы,Не может позволить уроки — нужен бесплатный/дешёвый конкретный формат,https://www.reddit.com/r/singing/comments/1k8h6wr/i_need_autisticfriendly_explanations_for_singing/,"Reddit: прогресс, плато, техника, здоровье"
186,r/singing,2020-10-14 (тред),любитель с целью,прогресс-плато,2,"В вокале прогресс не измерим, как BPM на инструменте — не видно, что стало лучше","When working with traditional instruments, progress feels very tangible and actions are entirely volitional. I can perform a specific action with my hands, slowly increase bpm on a solo I'm practicing, and a week from now I know I'm better because it's just as clean but a few bpm closer to the original tempo.","«I play piano and I sing, and couldn't agree more!», «Oh absolutely», «I agree!!»",,,https://www.reddit.com/r/singing/comments/jb3t7j/anyone_find_singing_much_harder_than_other/g8te57f/,"Reddit: прогресс, плато, техника, здоровье"
187,r/singing,2020-10-14 (тред),студент с педагогом,прогресс-плато,3,"8 лет уроков и много практики — ощущение, что слушать нечего",I've been singing my entire life and I started taking lessons like 8 years ago and I still feel like I can't produce anything that anyone would want to listen to. I practice a lot too.,Ответы: «Start recording... it's definitely just an imposter syndrome»,Совет записывать себя,8 лет уроков,https://www.reddit.com/r/singing/comments/jb3t7j/anyone_find_singing_much_harder_than_other/g8uqlea/,"Reddit: прогресс, плато, техника, здоровье"
188,r/singing,2020-10-14,любитель с целью,техника-верх-напряжение,1,Вокал невидим; одна координация (микст) ищется месяцами,It seems like singing is very hard to improve cause you can’t see if. Also requires a lot of problem solving where even if it’s a simple coordination can take months to find for example finding the mix voice.,"~35 комментариев, большинство согласны («Totally», «Absolutely», «Yes but much more rewarding»)",,,https://www.reddit.com/r/singing/comments/jb3t7j/anyone_find_singing_much_harder_than_other/,"Reddit: прогресс, плато, техника, здоровье"
189,r/singing,2020-10-14 (тред),неясно,цена,3,Люди тратят годы и десятки тысяч на уроки без результата,There was a guy on here recently that made a post about going to many voice teachers weekly and spending over 40k usd and over 7 years time period,нет данных (спор в ветке),,Пересказ: >40 000 USD за 7 лет еженедельных уроков без результата,https://www.reddit.com/r/singing/comments/jb3t7j/anyone_find_singing_much_harder_than_other/g8ujjcv/,"Reddit: прогресс, плато, техника, здоровье"
190,r/singing,2025-02-25 (тред),студент с педагогом,мотивация-бросают,2,"Взрослым тяжело эмоционально на старте (слёзы на уроках), но продолжение окупается","I’m 52. I’ve cried three times in front of my vocal coach. I couldn’t sing a sing note when I started. It was beyond horrible. It’s been 1.5 years now. Worth every single tear, penny and second. Keep going.",нет данных,Держаться за коуча,"«Worth every single ... penny» — платит коучу 1,5 года",https://www.reddit.com/r/singing/comments/1ixunsv/ive_been_taking_voice_lessons_for_4_months_after/merlcm9/,"Reddit: прогресс, плато, техника, здоровье"
191,r/singing,2025-02-25 (тред),студент с педагогом,прогресс-плато,1,Прогресс у взрослых медленнее ожиданий — заметный только через 3 года,I Started singing lessons I when I hit 40. It was awesome but the progress was slower than I hoped. It took me 3 years before I felt I made considerable progress.,нет данных,Тай-чи/йога от зажимов,3+ года уроков,https://www.reddit.com/r/singing/comments/1ixunsv/ive_been_taking_voice_lessons_for_4_months_after/meqfwd2/,"Reddit: прогресс, плато, техника, здоровье"
192,r/singing,2025-09-05 (тред),студент с педагогом,здоровье-голоса,2,Тревога о повреждении голоса не уходит даже с педагогом,thank you so much!! even as a singer with a teacher who also tells me not to worry…i JUST CAN’T HELP IT!!!😭😭,"«I used to be so worried when I first learned about all of the types of vocal damage», «What terrifies me is when I hear of singers getting vocal hemmorages»",,,https://www.reddit.com/r/singing/comments/1n9e60o/a_gentle_reminder_for_new_singers_who_are_worried/ncwfqrb/,"Reddit: прогресс, плато, техника, здоровье"
193,r/singing,2025-09-05 (тред),новичок,здоровье-голоса,3,После самостоятельных попыток брать высокие ноты голос 2 месяца не восстанавливается — паника «повреждён навсегда?»,It's been 2 months since my original voice. My voice is become too heavy in a very unpleasant way. It breaks way more easily than in used to when i sing in high notes/pitch.,нет данных,,,https://www.reddit.com/r/singing/comments/1n9e60o/a_gentle_reminder_for_new_singers_who_are_worried/p5vce6a/,"Reddit: прогресс, плато, техника, здоровье"
194,r/singing,2024-12-13,любитель с целью,здоровье-голоса,2,Бэк-вокалистка в группе хрипнет после одной песни — нет выносливости,"But after one full song, my voice is pretty much fried and I'm already hoarse. No singing stamina.","Похожие посты: 1wng0zj (2026), ahxa64 (2019), e0qfhj (2019)",,,https://www.reddit.com/r/singing/comments/1hdmcsq/why_does_my_voice_give_out_so_easily/,"Reddit: прогресс, плато, техника, здоровье"
195,r/singing,2026-09-22,самоучка,здоровье-голоса,2,"16-летний автор-исполнитель быстро хрипнет, не знает, норма ли это",I’ve noticed that my throat/voice gets hoarse pretty easily and I’m kinda wondering if this is normal or if I’m doing something wrong.,нет данных,Распевка перед пением,,https://www.reddit.com/r/singing/comments/1wng0zj/why_does_my_throat_get_hoarse_so_easily_when_i/,"Reddit: прогресс, плато, техника, здоровье"
196,r/singing,2017-04-15,новичок,здоровье-голоса,3,Боль в горле после 10 минут практики — перестал заниматься из страха навредить,but my throat ends up feeling a bit sore. I dont talk much nor sing in my everyday life. can it be just because im not used to it or should that just not happen. I haven't practiced since out of fear of messing up my voice or something.,нет данных,Прекратил практику,,https://www.reddit.com/r/singing/comments/65l7mx/throat_hurts_after_practicing_for_like_10_minutes/,"Reddit: прогресс, плато, техника, здоровье"
197,r/singing,2023-02-27,самоучка,здоровье-голоса,2,Упражнения с YouTube на верх вызывают боль в горле; советы противоречат друг другу,but im trying to learn how to get into a higher range but the problem is my throat gets very sore after i do some of the exercises i get from yt,нет данных,YouTube-упражнения,,https://www.reddit.com/r/singing/comments/11dmy2j/so_hi_beginners_tips/,"Reddit: прогресс, плато, техника, здоровье"
198,r/singing,2026-08-08,самоучка,цена,2,"Бесплатные онлайн-ресурсы расплывчаты, всё полезное за пэйволлом курсов; сомнение, нужно ли платить коучу хоббисту","However, with singing, every resource I see online on YouTube or in other sites seems to be a very vague vocal warmup and saying ""oh yeah, just sing with your diaphragm"" and not proceeding to explain how","~30 ответов, большинство: «Feedback is very important», «there is no feedback... which is the meat of learning»","Хор (бесплатное групповое обучение), отдельные YouTube-каналы",Отказывается платить принципиально («learning shouldn't cost»); комменты: «amazing what I got out of a 30 minute coaching session»,https://www.reddit.com/r/singing/comments/1vj5fkn/is_paying_for_a_coach_truly_necessary/,"Reddit: прогресс, плато, техника, здоровье"
199,r/singing,2026-08-08 (тред),самоучка,выбор-пути-педагог,2,20 лет самообучения без педагога — «всё ещё плохо»,"I never had a voice teacher so 20 years later into my singing journey I'm still kinda bad. That's a whole lot of time spent to be bad but hey, that was my choice and I own it.",нет данных,Бесплатные ресурсы онлайн,"Задним числом считает, что уроки окупились бы сэкономленным временем",https://www.reddit.com/r/singing/comments/1vj5fkn/is_paying_for_a_coach_truly_necessary/p2iwew1/,"Reddit: прогресс, плато, техника, здоровье"
200,r/singing,2026-09-12 (тред),любитель с целью,прогресс-плато,2,"Слух растёт быстрее голоса — ощущение, что становишься хуже, цель удаляется","Massive improvement, but even faster ear improvement, leaving the goal a boat that drifts ever further asea.","ОП: «the better my ears get, the more I realize how bad I actually am»; «100%!!!! Incredibly frustrating», «Same.»","Запись и переслушивание, работа с коучем",,https://www.reddit.com/r/singing/comments/1we9hg4/the_better_my_ears_get_the_worse_i_realize_i_am/pbxk5o1/,"Reddit: прогресс, плато, техника, здоровье"
201,r/singing,2025-05-29,будущий профи,техника-верх-напряжение,2,Нестабильность микста день ото дня перед прослушиванием,"Sometimes, I'll go through my warmup routine (or wont even warm up at all) and my mix will be bright, clear, and easily loud with no strain. Other times, I swear I'll be warming up for 40 minutes and my mix will still be quiet and have a sort of muffled tone.","«I have definitely felt the exact cause and effects», «my mix is getting more consistent but overuse it just a tiny bit and its gone for a while»","Отдых, контроль аллергии/рефлюкса, дыхательные упражнения",,https://www.reddit.com/r/singing/comments/1kyo6hz/why_is_my_voice_so_inconsistent/,"Reddit: прогресс, плато, техника, здоровье"
202,r/singing,2025-03-07,самоучка,техника-верх-напряжение,2,"5 лет — потолок E4–F4, верх не открывается","After 5 years of trying (with some ""success"") I'm still absolutely unable to sing anything (no matter what I do and how) above E4-F4 (F#4 is the absolute top) in chest voice!",нет данных,"Пение «в маску», округление",,https://www.reddit.com/r/singing/comments/1j5vf0w/is_high_chest_is_actually_modified_head_voice/,"Reddit: прогресс, плато, техника, здоровье"
203,r/singing,2026-04-10,студент с педагогом,техника-верх-напряжение,1,"Годы пения с напряжением на верху, не подозревая об этом, пока не пришёл к педагогу",First thing my teacher told me: I had zero breath support and was straining on everything above a certain note. I'd been doing it wrong for years and had no idea.,нет данных,Первый урок у педагога,Начал платные уроки в 24,https://www.reddit.com/r/singing/comments/1shrqjx/started_singing_lessons_at_24_and_the_first/,"Reddit: прогресс, плато, техника, здоровье"
204,r/singing,2026-04-01,студент с педагогом,техника-верх-напряжение,2,"Попытки выполнить указания педагога (нёбо, зевок, «яйцо во рту») вызывают сильный зажим горла","However I find that when I do all this during my exercises or during songs, I will get a LOT of throat tension.",нет данных,Тест с зажатым носом,Платные уроки,https://www.reddit.com/r/singing/comments/1s9hkfd/overthinking_the_soft_palate/,"Reddit: прогресс, плато, техника, здоровье"
205,r/singing,2026-02-10,студент с педагогом,техника-верх-напряжение,2,После пары лет уроков — хроническое напряжение во всём теле мешает дыханию,"Tension has been my biggest issue and really inhibits my ability take a good deep and low breath. My abs are often clenched, I have tongue tension, i sing from the throat, my ribs and back won't expand 360 degrees really, my jaw is also really tense.",нет данных,,Пара лет уроков,https://www.reddit.com/r/singing/comments/1r194sg/breath_support_constant_tension/,"Reddit: прогресс, плато, техника, здоровье"
206,r/singing,2019-09-25,любитель с целью,прогресс-плато,2,Прогресс в вокале нелинеен: откаты на месяцы деморализуют,"You can start off with a good natural sound, then go downhill and ruin your natural sound, then take a while to get back to where you started, then be good for an hour then horrible for the next 4 months","нет данных (пост из топа по запросам «no progress», «how long», «throat tension»)",Принять нелинейность,,https://www.reddit.com/r/singing/comments/d8w7jz/if_you_feel_like_giving_up_maybe_this_can_help/,"Reddit: прогресс, плато, техника, здоровье"
207,r/singing,2026-08-22,студент с педагогом,практика-время-место,2,Педагог запрещает петь дома вне домашнего задания — конфликт с удовольствием от пения,"I told her today that I always sing at home, while playing the guitar or just simply while listening to music, she snapped and strongly advised me not to sing and only do the homework she gives me.",Похожий пост 1nzxf33 (2025): «Classical teacher says not to sing between lessons»,,Еженедельные уроки 3 месяца,https://www.reddit.com/r/singing/comments/1vvamv3/my_vocal_coach_advised_me_not_to_sing_at_home/,"Reddit: прогресс, плато, техника, здоровье"
208,r/singing,2024-07-20,новичок,практика-время-место,2,"Негде практиковаться: тонкие стены, семья спит; в машине в гараже — жалобы соседей",I can’t do it at my home because the walls aren’t soundproof and my family is asleep at night.,нет данных,Практика в машине в подземном гараже,,https://www.reddit.com/r/singing/comments/1e7ktif/cars_arent_soundproof/,"Reddit: прогресс, плато, техника, здоровье"
209,r/MusicalTheatre,2026-05-21,любитель с целью,уверенность-сцена,2,"Дома поёт нормально, а на прослушивании тело «отключается» — сомнение, подходит ли вообще театр","I can sing something at home and feel totally fine, and then in the room it’s like the air gets knocked out of me and I suddenly can’t sing the way I know I can. Even in voice lessons, singing in front of new people can be hard for me.","Много ответов опытных исполнителей (20–30 лет стажа): «I HATE auditions», «still get really nervous», «my wife... still frequently messes up auditions»","бета-блокаторы, «относиться к прослушиванию как к выступлению»",,https://www.reddit.com/r/MusicalTheatre/comments/1tjen0p/is_it_normal_audition_anxiety_or_a_sign_that/,"Reddit: хор, мюзикл, классика, караоке"
210,r/MusicalTheatre,2026-05-21,любитель с целью,уверенность-сцена,2,Даже после 23 лет в театре стандартные техники против волнения на прослушиваниях не работают,I HATE auditions. I'm a nervous wreck before them. They are super high pressure for me and none of the techniques people suggest make them any better. I basically just have to push myself through each one.,поддержано в той же ветке несколькими похожими историями,просто «продавливать» себя через каждое прослушивание,,https://www.reddit.com/r/MusicalTheatre/comments/1tjen0p/is_it_normal_audition_anxiety_or_a_sign_that/on204p3/,"Reddit: хор, мюзикл, классика, караоке"
211,r/MusicalTheatre,2026-05-21,любитель с целью,уверенность-сцена,2,"Физическая дрожь на прослушиваниях, которая не уходит с опытом","some auditions still turn me into a shaky mess so I recently decided to try beta blockers for auditions. Not for performances, that level of adrenaline is manageable and fun.","бета-блокаторы советуют и в других тредах (1lhszjc, 1vptvfc)",бета-блокаторы по рецепту,визит к врачу/рецепт,https://www.reddit.com/r/MusicalTheatre/comments/1tjen0p/is_it_normal_audition_anxiety_or_a_sign_that/on139r2/,"Reddit: хор, мюзикл, классика, караоке"
212,r/MusicalTheatre,2025-06-22,любитель с целью,уверенность-сцена,2,"Из-за нервов фальшивит на прослушивании, хотя дома поёт чисто — никогда не брали в мюзикл","my nerves always get the better of me in the audition room and no matter how well I sing the song at home, I always go off key or out of tune in the audition.","«I’ve been struggling with the same thing», «I've had the same problems too», «I used to get really bad anxiety at auditions»","петь перед людьми, караоке, открытые микрофоны, симуляция прослушивания",,https://www.reddit.com/r/MusicalTheatre/comments/1lhszjc/how_do_i_get_my_audition_voice_to_sound_like_my/,"Reddit: хор, мюзикл, классика, караоке"
213,r/MusicalTheatre,2025-06-22,неясно,уверенность-сцена,1,"Нужна практика выступления под стрессом, дома её не получить",Practice performing more and simulate an audition as much as possible. In NYC at least there are dedicated audition coaching class. There are also group voice lessons where you can tell the teacher you want to simulate an audition setting.,сходные советы «sing in front of people at every opportunity» в той же ветке,"симуляция прослушивания, групповые уроки",платные audition coaching classes и групповые уроки вокала,https://www.reddit.com/r/MusicalTheatre/comments/1lhszjc/how_do_i_get_my_audition_voice_to_sound_like_my/mz6l43i/,"Reddit: хор, мюзикл, классика, караоке"
214,r/MusicalTheatre,2025-06-22,любитель с целью,уверенность-сцена,2,Сильная тревога на прослушиваниях,"I used to get really bad anxiety at auditions. I started just doing ALL OF THE AUDITIONS. Like, literally any audition I could make it to I did just to desensitize myself.","«audition a lot», «Sing in public more» — повторяется в нескольких тредах",десенсибилизация: ходить на все прослушивания подряд,,https://www.reddit.com/r/MusicalTheatre/comments/1lhszjc/how_do_i_get_my_audition_voice_to_sound_like_my/mzc9ezs/,"Reddit: хор, мюзикл, классика, караоке"
215,r/MusicalTheatre,2026-08-16,любитель с целью,цена,2,"Голос дрожит от нервов, а уроки не по карману; два отказа подряд",One of my biggest issues is my voice always shakes from nerves. Wondering if anyone has any advice (other than voice lessons because I just can't afford them right now) on how I might be able to stop that and at least outwardly seem confident.,"«You sound exactly like I do at auditions», несколько человек о том же","дыхание, проговаривать песню как монолог, бета-блокаторы",отказывается от уроков по цене,https://www.reddit.com/r/MusicalTheatre/comments/1vptvfc/musical_audition_advice/,"Reddit: хор, мюзикл, классика, караоке"
216,r/MusicalTheatre,2026-08-16,любитель с целью,уверенность-сцена,2,Знание дыхательных техник не спасает от дрожи голоса в стрессе,I know the techniques but my voice still shakes. It only ever does this during auditions.,нет данных,,,https://www.reddit.com/r/MusicalTheatre/comments/1vptvfc/musical_audition_advice/p419p5w/,"Reddit: хор, мюзикл, классика, караоке"
217,r/MusicalTheatre,2026-08-16,любитель с целью,уверенность-сцена,2,Физические симптомы волнения мешают петь,"Beta blockers have been a complete game changer for me. Did an online doctor thing after getting frustrated with being nervous. Tried them at an audition this summer - I was still nervous, but the physical part of nerves were gone.","«You sound exactly like I do at auditions. This really helped you?», ещё 2 человека подтверждают",бета-блокаторы через онлайн-врача,платит за онлайн-консультацию врача ради прослушиваний,https://www.reddit.com/r/MusicalTheatre/comments/1vptvfc/musical_audition_advice/p412xaq/,"Reddit: хор, мюзикл, классика, караоке"
218,r/MusicalTheatre,2026-08-16,любитель с целью,уверенность-сцена,2,Совет «просто прослушивайся больше» не работает — за 22 года легче не стало,I have been doing community theater for about 22 years and audition for 2-3 shows a year on average. It's has never gotten easier.,нет данных,,,https://www.reddit.com/r/MusicalTheatre/comments/1vptvfc/musical_audition_advice/p41sk7k/,"Reddit: хор, мюзикл, классика, караоке"
219,r/MusicalTheatre,2025-07-13,студент с педагогом,уверенность-сцена,2,"Педагоги диагностируют «ты нервничаешь», но не дают инструмента, как с этим работать",I’ve asked multiple teachers and they all say the same thing “your just to nervous and it shows” I can’t help that my voice gets shaky and high pitched like help so how do you guys overcome nerves?,нет данных,,,https://www.reddit.com/r/MusicalTheatre/comments/1lyhei9/overcoming_nerves_in_auditions/,"Reddit: хор, мюзикл, классика, караоке"
220,r/MusicalTheatre,2023-11-14,любитель с целью,уверенность-сцена,2,7 лет в театре только в массовке — из-за зажима именно перед маленькой оценивающей комиссией,I don't really feel nervous onstage with an audience but as soon as that audience is very small and judging my every move I get so shaky and awkward and quiet.,та же тема «small house performance anxiety» в треде 1lhszjc,,,https://www.reddit.com/r/MusicalTheatre/comments/17uxdkn/audition_nerves/,"Reddit: хор, мюзикл, классика, караоке"
221,r/MusicalTheatre,2025-01-05,новичок,уверенность-сцена,2,"Первое взрослое прослушивание — сдалась через 15 секунд, забыла слова от нервов",I probably sang for 15 seconds..Before I had given up..bright spot was one of the directors clapping along as she saw me struggling. At least I tried and will be more prepared next time.,нет данных,готовиться лучше в следующий раз,,https://www.reddit.com/r/MusicalTheatre/comments/1huh8av/complete_disaster/,"Reddit: хор, мюзикл, классика, караоке"
222,r/MusicalTheatre,2025-12-29,самоучка,цена,2,"Нет денег на педагога, учится сам и боится первого прослушивания среди более опытных","I am a beginner when it comes to singing. I think I have a good voice, but I have not trained, and a month ago, I started a self-taught routine (I know I should have a teacher, but I can't afford it). Needless to say, I'm very, VERY nervous.",нет данных,"самостоятельная рутина, пение перед семьёй",не может позволить педагога,https://www.reddit.com/r/MusicalTheatre/comments/1pyg521/venting_my_nerves_about_my_first_audition_and/,"Reddit: хор, мюзикл, классика, караоке"
223,r/MusicalTheatre,2025-06-10,студент с педагогом,прогресс-плато,2,"Взрослый платит за уроки, но микст/белт не появляется — стоит ли продолжать тратить деньги и время","Admittedly, I had high hopes that when I took some lessons as an adult, something would just click in a way that it didn’t when I was a kid, but that hasn’t exactly happened yet.","«I am in the same boat», «I'm still working on it in my 3rd year of lessons»","больше практики, укреплять головной регистр","«With my grown-up salary, I started taking voice lessons this year»",https://www.reddit.com/r/MusicalTheatre/comments/1l7xnr0/musical_theater_lover_with_limited_vocal_range/,"Reddit: хор, мюзикл, классика, караоке"
224,r/MusicalTheatre,2025-06-10,студент с педагогом,прогресс-плато,1,Расширение диапазона идёт годами даже при интенсивной практике,"I'm still working on it in my 3rd year of lessons. I practice for an hour 4-5 times a week, and have lessons once a week for an hour (I started singing again at 40).","«it took about 2 years», «It’s a long haul»",час практики 4–5 раз в неделю,еженедельный часовой урок 3 года подряд,https://www.reddit.com/r/MusicalTheatre/comments/1l7xnr0/musical_theater_lover_with_limited_vocal_range/mx88tw5/,"Reddit: хор, мюзикл, классика, караоке"
225,r/MusicalTheatre,2025-06-10,студент с педагогом,практика-время-место,1,Тонкие стены/соседи мешают заниматься дома,"I recommend a belt box if you have thin walls or live with other people, 50$ ish on amazon.",та же боль у автора fmzwto («thin walls»),belt box (глушитель для пения),~$50 за belt box,https://www.reddit.com/r/MusicalTheatre/comments/1l7xnr0/musical_theater_lover_with_limited_vocal_range/mxeq9a1/,"Reddit: хор, мюзикл, классика, караоке"
226,r/MusicalTheatre,2025-11-18,новичок,талант-возраст,1,Сомнение «талант или навык» — можно ли улучшить тембр уроками,"I can carry a tune and stay on pitch, but my voice doesn’t have that “pretty” quality other singers have. Do you feel this something that can actually be improved with voice lessons, or is it more something you’re either born with or not?",20+ комментариев «100% trainable»; «I know the exact feeling you’re describing because I struggled with it for two years»,,в ответ педагогу: «What’s your rate?»,https://www.reddit.com/r/MusicalTheatre/comments/1p0d48w/how_much_can_you_really_improve_the_quality_of/,"Reddit: хор, мюзикл, классика, караоке"
227,r/MusicalTheatre,2025-11-18,студент с педагогом,прогресс-плато,2,"Ненависть к собственному тембру, недоверие к своей записи","I hated the tone of my voice. It never sounded “pretty” to me. No matter what I sang or how technically correct I was, it always felt brassy, grating, and just wrong to my own ear.",«I know the exact feeling you’re describing» в той же ветке,"найти педагога, которому доверяешь, и верить его оценке",,https://www.reddit.com/r/MusicalTheatre/comments/1p0d48w/how_much_can_you_really_improve_the_quality_of/npk1zno/,"Reddit: хор, мюзикл, классика, караоке"
228,r/MusicalTheatre,2020-03-22,студент с педагогом,талант-возраст,2,"Начала в 30 — горечь об «упущенном времени», родители считали уроки пустой тратой","a year and a half ago finally started singing lessons and it feels great. I still suck, and some days I cry thinking about all the time I have wasted, but I also feel like I am finally doing what I was supposed to do long ago.","«I am in the exact same position as you... I feel like I’ve wasted my best years», «I’m in a very similar position to you»","любительские воркшопы, частные уроки",начала платить за уроки как только появились деньги,https://www.reddit.com/r/MusicalTheatre/comments/fmzwto/aspiring_musical_actors_here/,"Reddit: хор, мюзикл, классика, караоке"
229,r/MusicalTheatre,2020-03-22,студент с педагогом,практика-время-место,1,Негде заниматься дома из-за соседей,"My apartment has thin walls, so I don’t often sing at home.",нет данных,,,https://www.reddit.com/r/MusicalTheatre/comments/fmzwto/aspiring_musical_actors_here/fl98fe2/,"Reddit: хор, мюзикл, классика, караоке"
230,r/MusicalTheatre,2026-05-04,новичок,страх-стыд-старт,2,"Считает себя бездарным, уроки пока недоступны, нужно хоть как-то подтянуться к прослушиванию","Right now my singing ability is about a negative one (seriously, so bad..I have 0 natural talent) and I want to get to at least a one or a two on my own, literally just enough to be able to sing even somewhat .",нет данных,"петь каждый день, караоке, школьный/церковный хор, YouTube",планирует уроки «as soon as I’m able to»,https://www.reddit.com/r/MusicalTheatre/comments/1t3yas3/whats_my_best_bet_for_improving_my_voice_even/,"Reddit: хор, мюзикл, классика, караоке"
231,r/MusicalTheatre,2025-12-22,самоучка,приложения-курсы-AI,1,"Нет денег на уроки; 4 года в караоке-приложении, но непонятно, реален ли прогресс",I've been using a karaoke app called 'Starmaker' that gives you points of you sing on key and I've got a lot of As and A+s which I hadn't got before and I've been using this app for probably 4 years now so I think I'm improving?,нет данных,"приложение Starmaker с оценками попадания в ноты, совет — школьный хор","не может платить за уроки, пользуется приложением",https://www.reddit.com/r/MusicalTheatre/comments/1psvpkf/how_do_you_improve_your_singing_voice_without/,"Reddit: хор, мюзикл, классика, караоке"
232,r/MusicalTheatre,2025-12-22,неясно,выбор-пути-педагог,1,Хор как бесплатная замена урокам не даёт индивидуальной обратной связи,"choral and solo vocal technique are quite different. A choir director is always going to be more concerned with the sound of the group rather than the individual, and many of them don’t have the same scale of solo vocal training to give you tailored individual advice",нет данных,хор + отдельно думать о сольной технике,,https://www.reddit.com/r/MusicalTheatre/comments/1psvpkf/how_do_you_improve_your_singing_voice_without/nvnj3ww/,"Reddit: хор, мюзикл, классика, караоке"
233,r/MusicalTheatre,2026-01-30,новичок,мотивация-бросают,3,"Подросток без уроков не прошёл отбор, сравнение с друзьями и сестрой бьёт по психике",they're all freshmen like me and a lot of them made it into the big musical we do every year. i did not make it in. i was pretty bummed and i was one of the only ones who didnt make the cut.,нет данных,,,https://www.reddit.com/r/MusicalTheatre/comments/1qqtsm6/i_suck_at_musical_theatre_and_its_really_taking_a/,"Reddit: хор, мюзикл, классика, караоке"
234,r/MusicalTheatre,2024-07-02,любитель с целью,выбор-пути-педагог,2,Руководители не слышат реальный тип голоса и заставляют петь не свою партию,"I've had choir directors try to force me up into a higher voice part, even though I physically cannot sing higher than a D5 (and I can only hit that on a good day), and when I argue, I get gaslight as if I don't know my own voice.","похожая боль в r/opera (1sw6jjq, 1tp6e5z) и r/Choir (x1mypx)",,,https://www.reddit.com/r/MusicalTheatre/comments/1dts0bs/lamentations_of_a_female_tenorlow_alto_in_musical/,"Reddit: хор, мюзикл, классика, караоке"
235,r/Choir,2026-08-28,любитель с целью,другое,1,Выученная дома партия «уплывает» к мелодии соседей на репетиции,"At home I KNOW my alto part. Recording playing, absolutely fine. Rehearsal starts, sopranos come in and suddenly I’m singing soprano with confidence like I was assigned there.","«Same here, baritone that sings bass», «I think that's quite common», «I agree, the starting note is always the issue»","закрывать одно ухо, учить партию на фоне других голосов, стоять подальше от соседней партии",пользуются приложением с партиями (VocalCentric),https://www.reddit.com/r/Choir/comments/1w0lftg/does_anyone_else_learn_their_harmony_perfectly/,"Reddit: хор, мюзикл, классика, караоке"
236,r/Choir,2026-08-28,неясно,приложения-курсы-AI,1,"Обычные learning tracks учат копировать громкую партию, а не держать свою","Learning tracks can be great, but they over-train your ability to shadow the most prominent part, and when the most prominent part is no longer your part, that causes problems.",нет данных,петь свою партию под трек с заглушённой своей партией или под полную запись,,https://www.reddit.com/r/Choir/comments/1w0lftg/does_anyone_else_learn_their_harmony_perfectly/p6ktlrc/,"Reddit: хор, мюзикл, классика, караоке"
237,r/Choir,2021-10-07,студент с педагогом,другое,2,"Не умеет петь с листа, отстаёт от хора, перегружен теорией","I CAN’T SIGHT SING. My comprehension is too slow, it takes me literal hours to process and fully understand a piece of music that would take my choir less than 15 minutes, there is just so much to think about!",«The most frustrating and most true advice is that any musical skill takes time»,"sightreadingfactory.com, MIDI/MuseScore-файлы партий",sightreadingfactory (платный сервис) упомянут,https://www.reddit.com/r/Choir/comments/q30e5a/my_sight_singing_comprehension_is_really_bad/,"Reddit: хор, мюзикл, классика, караоке"
238,r/Choir,2026-03-21,студент с педагогом,другое,2,"Переведена в альты, не может перевести ноты в пение — плакала",I dont know how to read sheet music. (Well I can but I can't transfer it to actually singing),нет данных,,,https://www.reddit.com/r/Choir/comments/1rzwolb/am_i_overdramatic_for_crying_when_i_was_put_in/,"Reddit: хор, мюзикл, классика, караоке"
239,r/Choir,2022-11-15,новичок,цена,1,"Взрослая (29) хочет в хор/акапеллу, но не читает ноты и нет денег на уроки","I am willing to work on my music reading, but I cannot afford lessons. Help me- where should I start?",нет данных,"общинные/церковные хоры без прослушивания, YouTube-распевки, рабочие тетради Voice for Life",не может позволить уроки,https://www.reddit.com/r/Choir/comments/yvmtx6/where_to_start/,"Reddit: хор, мюзикл, классика, караоке"
240,r/Choir,2025-12-13,новичок,мотивация-бросают,3,"Бросила вокальную программу из-за незнания нот, стыд и сценический страх на годы; в 31 боится, что поздно",when i was 16 i joined a singing program at my high school but dropped out after 6 weeks because i couldn’t read music like the others and truthfully it made me insecure. i developed stage fright as i aged,"много ответов «not too late»: «I joined a choir a year ago, and I’m 55», «Started at 60-65»",хоры без прослушивания и без требования читать ноты; стоять сзади рядом с опытным,,https://www.reddit.com/r/Choir/comments/1plwg8b/where_to_get_started/,"Reddit: хор, мюзикл, классика, караоке"
241,r/Choir,2025-12-13,любитель с целью,страх-стыд-старт,1,Годы откладывания из-за отсутствия смелости,"I joined a choir a year ago, and I’m 55. I hadn’t sung in a choir since I was 21 and in university. I’d wanted to for years, but I hadn’t the nerve.","похожие истории в ветке (вернулись после 15 лет перерыва, начали в 60)",,,https://www.reddit.com/r/Choir/comments/1plwg8b/where_to_get_started/ntvtj2p/,"Reddit: хор, мюзикл, классика, караоке"
242,r/Choir,2021-05-08,любитель с целью,приложения-курсы-AI,1,"Без аудио невозможно выучить партию, ищет приложение, озвучивающее ноты",Trying to learn a new choral piece is much harder when you are an amateur sight-singer and you can't find an audio copy!,нет данных,ищет бесплатное ПО,ищет бесплатное,https://www.reddit.com/r/Choir/comments/n7ziqt/music_reading_software/,"Reddit: хор, мюзикл, классика, караоке"
243,r/Choir,2024-10-30,новичок,приложения-курсы-AI,1,"Нужен инструмент для разучивания альтовой партии, непонятно какому приложению доверять",I’ve joined the teacher‘s choir and cannot sight read. I’m hoping to find an app that will help me learn the notes I need to sing alto. There are several in the app store but there are no reviews.,нет данных,пробовала приложение для фортепиано,готова искать приложение в App Store,https://www.reddit.com/r/Choir/comments/1gfol7k/choir_sight_reading_app/,"Reddit: хор, мюзикл, классика, караоке"
244,r/Choir,2024-08-24,студент с педагогом,другое,2,Не умеет петь с листа — учит партии вручную через пианино,I think the only way for me to learn all the pieces in time is to play the melody on the piano and memorize it. Which seems inefficient and wrong. I also have to write the solfège for literally every single note.,нет данных,"играть мелодию на пианино и заучивать, подписывать сольфеджио",,https://www.reddit.com/r/Choir/comments/1ezt8g1/im_a_pianist_in_advanced_choir_ive_never_sang/,"Reddit: хор, мюзикл, классика, караоке"
245,r/Choir,2026-06-09,педагог о студентах,другое,2,Взрослый хорист 60+ с хорошим слухом не проходит прослушивание из-за чтения нот и счёта,He wants to join our local symphony chorus but did not pass the audition this year because he cannot sight read and has difficulty on solo pieces because of weak counting skills.,нет данных,руководитель ищет онлайн-курс сольфеджио,запрос рекомендаций онлайн-курса чтения нот,https://www.reddit.com/r/Choir/comments/1u19s9w/online_music_readingsightsinging_course_reccs/,"Reddit: хор, мюзикл, классика, караоке"
246,r/Choir,2024-10-24,педагог о студентах,мотивация-бросают,1,"Взрослые хористы сопротивляются изучению теории — «never needed it», «a waste of time»","whenever I am in a leadership role and make efforts to help singers improve in a choral setting by teaching theory and sight reading skills, it is met with a lot of pushback.",нет данных,,,https://www.reddit.com/r/Choir/comments/1gbfapw/anybody_else_come_across_a_weird_kind_of_pride/,"Reddit: хор, мюзикл, классика, караоке"
247,r/Choir,2026-06-02,студент с педагогом,выбор-пути-педагог,2,"Расплывчатая обратная связь руководителя, непонятно что делать","she directly said to me that I would be perfect for the group except I needed to sound ""Warmer."" I asked her what that meant and she told me to ""match the vibes"" of a singer who used to sit like halfway across the room from me, so I'm not really sure how to do that.",нет данных,,,https://www.reddit.com/r/Choir/comments/1tuygzs/tf_is_singing_warmly/,"Reddit: хор, мюзикл, классика, караоке"
248,r/Choir,2026-07-25,студент с педагогом,уверенность-сцена,2,Детская травма от выступления — страх осуждения даже в топовом хоре,I am in the highest choir but the doesn’t stop my insecurities of singing infront of people. I am so scared that they will look down on me and think I am a horrible singer.,нет данных,,,https://www.reddit.com/r/Choir/comments/1v5sdk0/its_my_senior_year_and_i_am_tired_of_having_my/,"Reddit: хор, мюзикл, классика, караоке"
249,r/Choir,2023-12-13,любитель с целью,выбор-пути-педагог,3,Унижающий руководитель хора — люди уходят,He uses belittling words and a scolding tone. The singers nervously joke about this behavior behind the scenes. I know another singer who quit because of it.,нет данных,уходить из хора,,https://www.reddit.com/r/Choir/comments/18h5t2g/when_to_leave_a_choir_director/,"Reddit: хор, мюзикл, классика, караоке"
250,r/opera,2026-04-26,будущий профи,выбор-пути-педагог,3,"Педагог полурока поёт сам, не слушает студента, диапазон сужается; сменить педагога не дают",I have one 30 min lesson every week (which in my opinion isn’t enough time) and she “gives examples” for half of it.,"два профессора вокала: «The majority of your lessons should not be listening to modeling», «agree with everything here»","сменила специальность, планирует частные уроки на свои деньги",готова платить за частные уроки вне вуза,https://www.reddit.com/r/opera/comments/1sw6jjq/frustrations_with_voice_lessons/,"Reddit: хор, мюзикл, классика, караоке"
251,r/opera,2026-04-26,будущий профи,мотивация-бросают,3,Никто не слышит студента — ушла из вокальной специальности,"I’ve tried over and over to advocate for myself, to almost everyone part of the voice faculty. They tell me I’m demanding or just don’t get it or something else along those lines. I had to change my degree because no one will listen to me",«this is what makes people quit music»,смена специальности на бизнес,,https://www.reddit.com/r/opera/comments/1sw6jjq/frustrations_with_voice_lessons/oieeoib/,"Reddit: хор, мюзикл, классика, караоке"
252,r/opera,2025-01-22,студент с педагогом,практика-время-место,2,"Боится навредить голосу без контроля педагога и не хочет выступать, пока «не звучит достойно»",I’m also worried about singing too much without supervision! And when does one start to sound like an actual student of opera? Because I don’t want to do a recital until then!,"«If you wait until you feel ready, you’ll never do it», «I started feeling like an opera singer after 8 years»","спрашивать педагога, пилатес/йога",еженедельные индивидуальные уроки,https://www.reddit.com/r/opera/comments/1i7gdmy/how_long_does_it_take_to_sound_decent_when/,"Reddit: хор, мюзикл, классика, караоке"
253,r/opera,2025-01-22,студент с педагогом,прогресс-плато,2,Долгий «полуобученный» период без ощутимых результатов,"There is that uncomfortable ""half trained"" period when you just have to practice religiously and trust you are getting in recently better everyday.","«it took me about eight years», «Seconding this»","петь везде и всегда, не бросать",,https://www.reddit.com/r/opera/comments/1i7gdmy/how_long_does_it_take_to_sound_decent_when/m8mrjj9/,"Reddit: хор, мюзикл, классика, караоке"
254,r/opera,2023-12-20,студент с педагогом,прогресс-плато,2,"После 2 лет уроков голос тихий; позже выяснилось, что неверно определён тип голоса","What's worrying me though is I have a quiet voice, my speaking voice is quiet and my singing isn't much louder.","комментатор: «if this is after 2 years of lessons, you need to find a new teacher and start from scratch»; противоречивые советы в ветке","в итоге сам понял, что тенор, а не баритон",2 года уроков,https://www.reddit.com/r/opera/comments/18mm2fj/anyone_else_start_out_really_quiet_how_did_you/,"Reddit: хор, мюзикл, классика, караоке"
255,r/opera,2023-12-24,студент с педагогом,техника-верх-напряжение,2,"После 4 лет уроков высокие ноты напряжены, деморализован","When I get to Ab, it feels like a lottery. My As, Bbs are indecent, strained beyond compare.","«It took me closer to 8-10 years», «100% agree»","книга Frisell The Tenor Voice, техника Александера, ЛОР-осмотр",4 года частных уроков,https://www.reddit.com/r/opera/comments/18q122u/tips_for_tenor_high_notes/,"Reddit: хор, мюзикл, классика, караоке"
256,r/opera,2023-12-24,студент с педагогом,здоровье-голоса,2,Год бесполезной работы над «стеной» в диапазоне — причина оказалась медицинской (кисты),"I developed a brick wall at D4. After over a year with my excellent opera coach, and consultants with pedagogy-focused vocal coaches in the local network were all stumped by my odd brick wall, I was referred to an ENT to get scoped.",нет данных,ларингоскопия у ЛОРа,оплачивала опер-коуча и консультации нескольких педагогов,https://www.reddit.com/r/opera/comments/18q122u/tips_for_tenor_high_notes/kes3oyb/,"Reddit: хор, мюзикл, классика, караоке"
257,r/opera,2025-12-28,любитель с целью,цена,2,"Потеряла педагога и уроки из-за жизненного кризиса, нет денег вернуться",I already had an opera singer tell me lowkey to give up but im stubborn. Is there any hope for me? Im broke but im willing to do what I can to get back in.,нет данных,,«Im broke»,https://www.reddit.com/r/opera/comments/1pxfgyg/i_need_advice_from_opera_singers_pt_2/,"Reddit: хор, мюзикл, классика, караоке"
258,r/karaoke,2025-10-15,новичок,страх-стыд-старт,2,"Панический страх петь при людях, хотя в остальной жизни уверен","I speak in meetings, I can handle serious conversations, I take risks, I am fine looking dumb sometimes… but put me in front of a karaoke machine and my brain is like “we are going to die now.”","«It took me two years to get on stage», «I was scared to death of karaoke or singing in front of others at all», много похожих историй","практика дома, потом перед семьёй; петь с друзьями; приватные караоке-комнаты; алкоголь",,https://www.reddit.com/r/karaoke/comments/1o7it3a/how_do_you_get_over_karaoke_anxiety_as_a_first/,"Reddit: хор, мюзикл, классика, караоке"
259,r/karaoke,2025-10-15,любитель с целью,страх-стыд-старт,1,Годы до первого выхода на сцену,It took me two years to get on stage. I just went to support buddies and buy drinks. Wife made me practice at home.,"да, см. ветку",практика дома с поддержкой близкого,,https://www.reddit.com/r/karaoke/comments/1o7it3a/how_do_you_get_over_karaoke_anxiety_as_a_first/njooa1z/,"Reddit: хор, мюзикл, классика, караоке"
260,r/karaoke,2025-10-15,любитель с целью,страх-стыд-старт,1,Без алкоголя невозможно решиться петь,I was terrified to do karaoke until the perfect circumstance of a pretty girl and a few alcoholic beverages gave me the courage to give it a try.,"«Also alcohol helps», «alcohol and experience helps»",алкоголь,,https://www.reddit.com/r/karaoke/comments/1o7it3a/how_do_you_get_over_karaoke_anxiety_as_a_first/njr22g7/,"Reddit: хор, мюзикл, классика, караоке"
261,r/karaoke,2025-10-05,самоучка,прогресс-плато,2,"В машине/душе звучит нормально, в микрофон — фальшь и хрип",The second I practice on the karaoke machine with the mic amplifying my voice? My voice is trash. What can I do to fix this?,«I experienced this very thing at the karaoke bar last night. It's real.»,"привыкать к своему голосу, мониторинг, реверб, запись себя",купила домашний караоке-аппарат,https://www.reddit.com/r/karaoke/comments/1nyec3l/hate_the_sound_of_my_voice_on_the_mic/,"Reddit: хор, мюзикл, классика, караоке"
262,r/karaoke,2025-10-05,неясно,прогресс-плато,1,"Люди не знают, что фальшивят, пока не услышат себя отдельно","Everyone sounds good in the car and shower because the original singer is singing with you. With karaoke, your voice is on it's own, and, you can also hear yourself better because of the mic. You were probably off key the whole time.",«we become used to ignoring flaws of our own voice»,"слушать себя во время пения, подстраивать тональность",,https://www.reddit.com/r/karaoke/comments/1nyec3l/hate_the_sound_of_my_voice_on_the_mic/nhw14bm/,"Reddit: хор, мюзикл, классика, караоке"
263,r/karaoke,2026-04-28,самоучка,уверенность-сцена,3,Провал первого выступления — 8 лет не выходил снова,Hearing myself through the mic while trying to sing completely scrambled my brain. Rhythm gone. Lyrics gone. Confidence gone. The walk of shame off stage. It was an embarrassment that stuck with me to this day.,"«karaoke is a lot more difficult live than singing at home», «Self consciousness is my biggest thing I had to get over»","домашний караоке-аппарат, Rock Band, годы самостоятельной практики","караоке-аппарат (подарок), игра Rock Band",https://www.reddit.com/r/karaoke/comments/1sxzq4u/2nd_public_karaoke_attempt_and_i_finally_feel/,"Reddit: хор, мюзикл, классика, караоке"
264,r/karaoke,2026-04-28,самоучка,прогресс-плато,2,Самоучка не может объективно оценить свой уровень и потолок,"Now I’m stuck in a position where I think I’m “maybe okay,” but I know I’m not truly great despite the praise from my friends and family, and I don’t think I ever will be","«the better you get, the more you realize how far away you are»",,,https://www.reddit.com/r/karaoke/comments/1sxzq4u/2nd_public_karaoke_attempt_and_i_finally_feel/ois3g7f/,"Reddit: хор, мюзикл, классика, караоке"
265,r/karaoke,2026-06-12,любитель с целью,страх-стыд-старт,2,Фобия пения при людях длиной в десятилетия,Decades. Literally decades. I only finally got up the courage to try it a little over two years ago. In my case the problem wasn’t so much a lack of confidence so much as a phobia about singing in front of other people.,пост «Anyone else spend years singing only in private...» — много подтверждений,запись каверов для себя; случайный «sink-or-swim» момент,,https://www.reddit.com/r/karaoke/comments/1u3uu8j/anyone_else_spend_years_singing_only_in_private/or844ft/,"Reddit: хор, мюзикл, классика, караоке"
266,r/karaoke,2026-06-12,студент с педагогом,уверенность-сцена,1,"Годы уроков, но нет среды/компании, чтобы применять навык на людях","I started lessons 5 years ago. Karaokied once after a year of lessons. I'd like to go, but I have no one to go with.",«is it weird to go to a karaoke bar by yourself?» — схожий вопрос в ветке,VR-караоке (VRChat) у другого комментатора,5 лет уроков,https://www.reddit.com/r/karaoke/comments/1u3uu8j/anyone_else_spend_years_singing_only_in_private/or9k948/,"Reddit: хор, мюзикл, классика, караоке"
267,r/karaoke,2025-03-14,новичок,приложения-курсы-AI,1,"«Немузыкальный» человек хочет видеть, выше или ниже поёт","my wife is kinda tone-deaf but wants to improve her ability to sing in correct pitch. If you've been to karaoke in Japan, while singing, not only are the lyrics in front of you but also the pitch ""line"" and your own pitch ""line""",нет данных,SingStar/Rock Band с консолью,покупка системы с питч-анализатором в подарок,https://www.reddit.com/r/karaoke/comments/1jbd469/karaoke_system_software_with_pitch_analyzer/,"Reddit: хор, мюзикл, классика, караоке"
268,r/singing,2023-08-02 (дата треда),новичок,приложения-курсы-AI,2,"Simply Sing сразу требует оплату, не дав попробовать ни одной песни","I thought this was a cool app however once you get through the opening tutorial you are immediately hit by ""pay us"" without even one free song to test things out.","да: цепочка ответов «Same», «Same here!», «Deleted app immediately», «Went straight into accounts to delete account»","удаляют приложение, ищут альтернативы (Smule)",отказ платить без пробного периода,https://www.reddit.com/r/singing/comments/15g26o5/simply_sing_app_worth_it/ky3hakd/,"Reddit: приложения, YouTube, курсы, AI"
269,r/singing,2023-08-02 (дата треда),новичок,приложения-курсы-AI,3,Paywall после онбординга убивает интерес: приложение удаляют сразу,"Yeah I was thinking, wow this is kinda cool - I could see myself using this. Then boom, no songs at all. Deleted app immediately.","да, несколько «Same» в той же ветке",удаление приложения,отказ платить,https://www.reddit.com/r/singing/comments/15g26o5/simply_sing_app_worth_it/l0ua1jr/,"Reddit: приложения, YouTube, курсы, AI"
270,r/singing,2023-08-02,любитель с целью,цена,1,"Сомнение, стоит ли приложение $20 в месяц","Anyway, I got a recommendation for the app Simply Sing, and it seems cool from the free features. [...] But damn, is it worth $20 for a month?","тред собрал десятки ответов, многие ищут альтернативы («can you recommend an app?»)",,Simply Sing ~$20/мес воспринимается как дорого,https://www.reddit.com/r/singing/comments/15g26o5/simply_sing_app_worth_it/,"Reddit: приложения, YouTube, курсы, AI"
271,r/singing,2023-08-02 (дата треда),любитель с целью,приложения-курсы-AI,2,Приложение неверно определяет диапазон/тип голоса,It told me I'm a damn baritone when I can go way higher than that comfortably. Who thought using your talking voice to find your range was a good idea???,"да: «It told me I'm a mezzo... I'm a soprano», «It keeps saying I'm an alto when I'm really a soprano»",,,https://www.reddit.com/r/singing/comments/15g26o5/simply_sing_app_worth_it/la8xro8/,"Reddit: приложения, YouTube, курсы, AI"
272,r/singing,2023-08-02 (дата треда),любитель с целью,приложения-курсы-AI,2,Оценка в приложении недостоверна: даёт очки за тишину,"I loved the app until I realized that even if you don’t, sing or make any noise at all, it still gives you quite a lot of points when it should give you none.",да: «This! It gives you points even if you don’t sing the app is absolute garbage»; отдельный коммент с таким же тестом,"проверяют приложение, «проигрывая» песню молча",,https://www.reddit.com/r/singing/comments/15g26o5/simply_sing_app_worth_it/kiou09z/,"Reddit: приложения, YouTube, курсы, AI"
273,r/singing,2023-08-02 (дата треда),новичок,приложения-курсы-AI,2,Новичок не может доверять обратной связи приложения,"I am a terrible singer, so thought this might help me. I tried it for a week. [...] So as a test, I played a song through without singing. It still went through the whole ""Too low/Too high"" thing and told me the percentage of notes I had hit at the end.","да, повторяет наблюдение других комментаторов",,пробовал неделю,https://www.reddit.com/r/singing/comments/15g26o5/simply_sing_app_worth_it/jz9y1tw/,"Reddit: приложения, YouTube, курсы, AI"
274,r/singing,2023-08-02 (дата треда),неясно,приложения-курсы-AI,2,Маленький каталог песен,Simply sing is awful. They have an extremely small catalog,"да: «I agree, the catalog is surprisingly small like 50 songs! And that includes Christmas stuff.»",,,https://www.reddit.com/r/singing/comments/15g26o5/simply_sing_app_worth_it/jz0gegn/,"Reddit: приложения, YouTube, курсы, AI"
275,r/singing,2023-08-02 (дата треда),неясно,приложения-курсы-AI,2,После оплаты контента почти нет — разочарование,"The initial lessons before you pay up seem good and a promise of things to come, but after you pay up, it turns out that's pretty much it",нет данных,,заплатил и пожалел,https://www.reddit.com/r/singing/comments/15g26o5/simply_sing_app_worth_it/l65avyd/,"Reddit: приложения, YouTube, курсы, AI"
276,r/singing,2023-08-02 (дата треда),любитель с целью,цена,2,Живые уроки ($200/мес) не по карману — поэтому смотрят на приложения,"When I had weekly vocal lessons it was like $50/session for $200/month, and I can not afford that.","педагог в ответе: «Most teachers in the US will charge at least $50», советует брать уроки 1–2 раза в месяц",приложение вместо еженедельных уроков; реже уроки,"$50 за урок / $200 в месяц — предел, дальше не может",https://www.reddit.com/r/singing/comments/15g26o5/simply_sing_app_worth_it/juh9pb6/,"Reddit: приложения, YouTube, курсы, AI"
277,r/singing,2020-10-28,самоучка,приложения-курсы-AI,2,"Караоке-приложения дают геймификацию и лайки, но не обратную связь и технику; чувство одиночества",it feels that's just people trying to suck up to others or to play the humble card to get praise. I feel even more disconnected [...] to get an high score that won't actually help me get any technique at all,ответы советуют Discord-сообщество Sam Johnson; «This seems to be more up my alley»,Discord с голосовыми караоке-комнатами и фидбеком от опытных певцов,,https://www.reddit.com/r/singing/comments/jjfel5/just_a_rant_about_karaoke_apps/,"Reddit: приложения, YouTube, курсы, AI"
278,r/singing,2026-02-04,новичок,приложения-курсы-AI,2,Приложение проверяет только высоту; новичок не видит своих технических ошибок,"The main issue is that Yousician only checks pitch accuracy. As a complete beginner, I’m probably making many technical mistakes, but I don’t even know what those mistakes might be.","комментаторы соглашаются, что без педагога легко выработать неправильные привычки","YouTube про дыхание, хор в университете","купил Yousician Premium+, на педагога денег нет",https://www.reddit.com/r/singing/comments/1qvkh49/how_can_i_learn_singing_without_a_teacher_if_i/,"Reddit: приложения, YouTube, курсы, AI"
279,r/singing,2026-02-04,новичок,выбор-пути-педагог,2,Страх учиться неправильно без педагога,How can I avoid developing bad habits and wasting time on incorrect technique? Any advice would be greatly appreciated. I’m really afraid of learning the wrong way and hurting my progress in the long run.,«you will learn how to do a lot of the things in ways that get in way of each other»,бесплатный университетский хор,студент без дохода,https://www.reddit.com/r/singing/comments/1qvkh49/how_can_i_learn_singing_without_a_teacher_if_i/,"Reddit: приложения, YouTube, курсы, AI"
280,r/singing,2026-02-04,новичок,приложения-курсы-AI,1,Не доверяет AI-разбору записей своего пения,"I briefly thought about recording myself and sending the recordings to an AI for feedback, but I dropped that idea since it’s clearly not reliable for vocal technique.",нет данных,,,https://www.reddit.com/r/singing/comments/1qvkh49/how_can_i_learn_singing_without_a_teacher_if_i/,"Reddit: приложения, YouTube, курсы, AI"
281,r/singing,2026-09-18,самоучка,мотивация-бросают,2,Однообразные упражнения из видео — пропадает мотивация,"Whenever I've tried self taught methods, it always seems to be the same ""practice scales"" or ""lip trills"". Unfortunately I struggle to stay motivated and would love some slightly different methods such as actually learning a song, ear training, more gamified methods etc.",нет данных (свежий пост),"перебрала YouTube-каналы, Singing Carrots, Yousician; совет — pitchy.ninja",готова к урокам через ~6 месяцев (сейчас декрет),https://www.reddit.com/r/singing/comments/1wjs7kc/learning_made_more_fun/,"Reddit: приложения, YouTube, курсы, AI"
282,r/singing,2026-09-18,самоучка,цена,2,"Платные приложения дают то же, что бесплатный YouTube; Yousician дорог для своего каталога",Singing Carrots - paid for a trial but it was mainly the same sort of exercises you get on YouTube Yousician - Enjoyed this the most but it's expensive and there isn't a large category of songs on for the price,нет данных,,платила за пробный период Singing Carrots; Yousician «expensive»,https://www.reddit.com/r/singing/comments/1wjs7kc/learning_made_more_fun/,"Reddit: приложения, YouTube, курсы, AI"
283,r/singing,2021-06-02,новичок,приложения-курсы-AI,2,"Засчитывает ноты даже при плохом звуке; нет понимания, правильно ли поёшь","Thing is, it's really janky with my headset so even if I sound like a duck screaming I can still get notes and overall I truly don't even know if I'm doing anything right.","да: «it is quite easy to ‘cheat’, since it can’t correct everything»",YouTube-каналы (Healthy Vocal Technique и др.),,https://www.reddit.com/r/singing/comments/nquvyl/has_anyone_used_yousician_for_singing_and_has_it/,"Reddit: приложения, YouTube, курсы, AI"
284,r/singing,2021-06-02 (дата треда),самоучка,приложения-курсы-AI,1,"Приложение не видит дыхание и напряжение, только высоту/ритм","On the other hand it is quite easy to ‘cheat’, since it can’t correct everything. Things like breathing is not easy for an app to help you with or if you strain to hit a note.",благодарности в ответах,Yousician для высоты + YouTube для техники,прошёл почти весь курс Yousician,https://www.reddit.com/r/singing/comments/nquvyl/has_anyone_used_yousician_for_singing_and_has_it/h0dah5l/,"Reddit: приложения, YouTube, курсы, AI"
285,r/singing,2021-06-02 (дата треда),студент с педагогом,приложения-курсы-AI,2,Навыки из приложения не переносятся в реальное пение,"As someone who has had singing lessons for years, I found Yousician singing really difficult and quite pointless. [...] The way they teach singing and learning songs is useless for outside the app.",нет данных,,,https://www.reddit.com/r/singing/comments/nquvyl/has_anyone_used_yousician_for_singing_and_has_it/ijfvpnd/,"Reddit: приложения, YouTube, курсы, AI"
286,r/Yousician,2020-01-10,самоучка,прогресс-плато,2,Структурированный курс пения в приложении быстро заканчивается — нет следующего уровня,"I have every single star in every singing lesson. What do I do now? [...] I want to feel motivated to move to the next level, but there isnt one.",похожий пост: «Are there only 5 levels of singing lessons?»,"случайные песни/драйлы, но без ощущения прогресса","рад, что не заплатил (прошёл на бесплатной версии)",https://www.reddit.com/r/yousician/comments/emr9hw/i_came_to_yousician_because_i_wanted_a_gamified/,"Reddit: приложения, YouTube, курсы, AI"
287,r/Yousician,2023-06-30,новичок,приложения-курсы-AI,1,"Мало обучающего контента по вокалу, заканчивается во время пробного периода","I just recently signed up for the free trial and am already through most of level 3. Will there be more content after that, or are those 5 levels of exercises all there is?",нет данных,,решение о подписке зависит от объёма контента,https://www.reddit.com/r/yousician/comments/14mxrgn/are_there_only_5_levels_of_singing_lessons/,"Reddit: приложения, YouTube, курсы, AI"
288,r/Yousician,2019-05-17,самоучка,приложения-курсы-AI,2,Питч-детекция нестабильна на разных микрофонах,"Yousician seems to recognize my voice as constantly changing pitch, even if I'm maintaining the same pitch.","тот же автор в r/singing: «not very good in my experience, despite multiple different mics being used»",смена микрофонов/гарнитур,,https://www.reddit.com/r/yousician/comments/bpxm1t/problem_w_singing/,"Reddit: приложения, YouTube, курсы, AI"
289,r/Yousician,2026-01-10,любитель с целью,приложения-курсы-AI,2,"AI-сгенерированный вокал в песнях приложения звучит плохо, ощущение обмана",I really don't feel like the quantity of songs being added is worth the drop in quality.,"да: «a lot of the stuff from the past few months is 100% AI synthesised vocals», «Coming to this to verify I am not alone here»; компания признала эксперименты с AI","уходят в Songsterr, составляют чёрный список песен",,https://www.reddit.com/r/yousician/comments/1q98owh/vocals_have_become_distractingly_bad_recently/,"Reddit: приложения, YouTube, курсы, AI"
290,r/Yousician,2026-01-10 (дата треда),неясно,приложения-курсы-AI,3,AI-контент в музыкальном приложении отталкивает от покупки,"I was enjoying my free trial and I’m only a couple days away from subscribing for a year, but now I’m very much considering not doing so. I cannot tolerate such a thing.","да, тред полон согласий",,"готов был купить годовую подписку, передумывает из-за AI",https://www.reddit.com/r/yousician/comments/1q98owh/vocals_have_become_distractingly_bad_recently/o0zulwr/,"Reddit: приложения, YouTube, курсы, AI"
291,r/Yousician,2025-07-03,любитель с целью,приложения-курсы-AI,1,В каталоге нет популярных вокальных песен,"Older acts known for their vocals are also missing like Mariah Carey, Kelly Clarkson, or even Arianna Grande.",нет данных,,пользуется платной версией для пения,https://www.reddit.com/r/yousician/comments/1lqcdrn/what_determines_which_new_songs_we_get/,"Reddit: приложения, YouTube, курсы, AI"
292,r/singing,2025-07-16,самоучка,приложения-курсы-AI,1,Нельзя тренироваться на своих любимых песнях и отслеживать прогресс,"I like a lot of “punky” songs, so Yousician and similar apps don’t have them. Is there anything you guys to use to track improvement, pitch, etc while singing songs you like other than ear?",нет данных,слух,,https://www.reddit.com/r/singing/comments/1m1mr7r/how_do_you_guys_measure_your_accuracy/,"Reddit: приложения, YouTube, курсы, AI"
293,r/singing,2023-12-01 (дата треда),неясно,приложения-курсы-AI,2,Агрессивный маркетинг и отсутствие пробы вызывают недоверие к курсу,"I don't like the fact you can't try it out before paying [...] The questionnaire style marketing and the ""this price is only available for 30 mins"" thing immediately makes me suspicious of it",да: «Exactly what turned me off... all the scam website style hooks had me leaving real quick»; «Hell no. Scam»,«Save your money for actual singing lessons with a real person»,отказ из-за таймеров/квизов,https://www.reddit.com/r/singing/comments/1889ih3/has_anyone_here_used_singing_carrots_before/o7gqg0j/,"Reddit: приложения, YouTube, курсы, AI"
294,r/singing,2025-07-08,родитель,приложения-курсы-AI,1,Родитель не может оценить качество онлайн-курса для детей,"Singing Carrots seems to have that for $120 per year per kid. Is that a good program, or would you recommend something else?",нет данных,,готов платить ~$120/год на ребёнка за 15-минутные занятия 3 раза в неделю,https://www.reddit.com/r/singing/comments/1luwsh5/is_singing_carrots_a_good_online_course/,"Reddit: приложения, YouTube, курсы, AI"
295,r/singing,2026-04-14,самоучка,приложения-курсы-AI,2,"Тренажёры высоты не подстраиваются под диапазон (баритон), а удобные — платные","with pitch ninja it just gives me a god damn G#900 that I have to do a frequency only dogs can hear to hit correctly, also I wanna do it for free so singing carrots doesent work",нет данных,ищет бесплатный аналог,не готов платить,https://www.reddit.com/r/singing/comments/1slnqly/pitch_accuracy_websitesapps/,"Reddit: приложения, YouTube, курсы, AI"
296,r/singing,2026-01-16,будущий профи,цена,2,"Педагог недоступен по деньгам; сомнение, хватит ли онлайн-курса","because my parents are kinda broke, I'm afraid that a vocal teacher would be too expensive for them. So, I'm thinking, would an online singing course (singing carrots, 30 day singer, that typa thing) be good enough to make me a pro","ответы: «one on one will always be better than online», «Online singing courses are better than nothing»",записывает себя; советуют подработку ради уроков,онлайн-курс как дешёвая замена,https://www.reddit.com/r/singing/comments/1qenpx9/are_online_singing_courses_any_good/,"Reddit: приложения, YouTube, курсы, AI"
297,r/singing,2026-01-16 (дата треда),педагог о студентах,цена,1,Сравнение цен: индивидуальные уроки против онлайн-школы по подписке,a weekly 1:1 voice lesson is $160 a month for a half hour lesson while John's school is $57 a month for what appears to be on-demand lessons.,другой пользователь подтверждает пользу школы,"начать с онлайн-подписки, потом педагог",$160/мес за 30-мин уроки против $57/мес за онлайн-школу,https://www.reddit.com/r/singing/comments/1qenpx9/are_online_singing_courses_any_good/nzytvld/,"Reddit: приложения, YouTube, курсы, AI"
298,r/singing,2026-01-16 (дата треда),студент с педагогом,онлайн-уроки,1,В маленьком городе нет хороших педагогов; гибрид «курс + короткий живой чек-ин» работает,"I've had one one-to-one check-in with a teacher there, Darlene Yam, and I learned more in just a few minutes than I have at past in-person lessons (in a small town where options are limited).",нет данных,онлайн-школа с 1:1 чек-инами и Zoom-встречами,платит за подписку онлайн-школы (John Henny),https://www.reddit.com/r/singing/comments/1qenpx9/are_online_singing_courses_any_good/nzziqtp/,"Reddit: приложения, YouTube, курсы, AI"
299,r/singing,2019-05-01 (дата треда),самоучка,приложения-курсы-AI,2,YouTube-коучи противоречат друг другу и всё время продают платные курсы,Singing channels contradict each other and give little to no results (I've tried) and are always trying to sell you some Premium Lessons track.,да: «the majority of videos on YouTube aren’t very helpful at all or are not explained ‘easily’ enough»,ищут «честных» коучей (Zach Ansley и др.),раздражение от апсейлов,https://www.reddit.com/r/singing/comments/bjebyj/the_crazy_world_of_youtube_vocal_training/em87td0/,"Reddit: приложения, YouTube, курсы, AI"
300,r/singing,2019-05-01,студент с педагогом,выбор-пути-педагог,2,Дезинформация с YouTube мешала учиться у живого педагога месяцами,"After a long time of questioning and challenging, I finally was able to figure out what had happened: I had been lied to by Youtube, and other amateur singing forums and outlets.","тред с большой дискуссией, многие согласны",второй педагог «для второго мнения»,еженедельные уроки у двух педагогов,https://www.reddit.com/r/singing/comments/bjebyj/the_crazy_world_of_youtube_vocal_training/,"Reddit: приложения, YouTube, курсы, AI"
301,r/singing,2019-12-23,самоучка,прогресс-плато,3,Год YouTube-упражнений на высокие ноты — без прогресса,"The last year I've been tryin everything on youtube. Ken Tamplin, Robert Lunte, Dr. Dan... Pull chest exercises, trying to make my head voice sounds like chest voice... But I have no development.",нет данных,перебор YouTube-коучей,,https://www.reddit.com/r/singing/comments/eepefi/a_baritone_can_really_sing_high_notes_like_a_tenor/,"Reddit: приложения, YouTube, курсы, AI"
302,r/singing,2018-06-25,самоучка,приложения-курсы-AI,2,"Противоречивые методики онлайн — непонятно, кому верить","Unfortunatley there is so much conflicting information, it seems one article will promote open throat singing while the next says to avoid it like the plague. What is a good source of information!? Who can I trust?","похожие посты в другие годы (2020, 2026)",сравнение Ken Tamplin и Brett Manning,,https://www.reddit.com/r/singing/comments/8ttt9x/speech_level_singing_open_throat_what_gives/,"Reddit: приложения, YouTube, курсы, AI"
303,r/singing,2020-12-26,самоучка,приложения-курсы-AI,2,YouTube-уроки противоречат друг другу и не персонализированы; хороших педагогов рядом нет,"I tried learning again all by myself on youtube but vocal teachers there contradict each other and I don't know what's ""right"". The thing about voice lessons on youtube is like it's a ""one size fits all"" kinda thing.",нет данных,ищет педагога (Филиппины),,https://www.reddit.com/r/singing/comments/kkh0xd/i_stopped_singing_years_ago_and_now_i_want_to/,"Reddit: приложения, YouTube, курсы, AI"
304,r/singing,2026-07-15,самоучка,приложения-курсы-AI,1,Видео вокальных коучей — теория без практики и демонстраций,a lot of these videos contain way too much technical explanations of what's happening in the body as opposed to some practical stuff? And generally there's very few demonstrations by the coach themselves.,нет данных,,,https://www.reddit.com/r/singing/comments/1ux2grh/about_vocal_analysis_videos_on_youtube/,"Reddit: приложения, YouTube, курсы, AI"
305,r/singing,2017-03-07,самоучка,приложения-курсы-AI,2,Страх потратить большие деньги на курс-«скам»,So i finaly have the money to get the How to sing better than anyone else course. It is a lot of money [...] it will be hearth breaking if it's just a scam...,"ответы: «he does overprice everything», «Please reconsider»",спрашивают Reddit перед покупкой,~$300 за курс KTVA — копил,https://www.reddit.com/r/singing/comments/5y3yni/is_ken_tamplin_vocal_academyktva_really_good/,"Reddit: приложения, YouTube, курсы, AI"
306,r/singing,2017-03-07 (дата треда),неясно,цена,2,"Платный курс = набор гамм, которые есть бесплатно на YouTube","Please reconsider. 300usd is a lot of money for a set of different scales to sing along to and, essentially, same information in the same shape as about 10,000 other youtube-videos.",да: «he'll charge you $300 dollars for a product that should be $100»,"бесплатный YouTube, более дешёвые курсы (Phil Moufarrege)","$300 — «слишком», справедливо ~$100",https://www.reddit.com/r/singing/comments/5y3yni/is_ken_tamplin_vocal_academyktva_really_good/deo3gwk/,"Reddit: приложения, YouTube, курсы, AI"
307,r/singing,2017-03-07 (дата треда),неясно,приложения-курсы-AI,2,Фейковые отзывы подрывают доверие к онлайн-курсам,The various comments here from accounts created on the day they commented with no other activity tell me all I need to about KTVA.,"да: «Standard scum businessman practices... Whats the issue, why do you need bots»",,,https://www.reddit.com/r/singing/comments/5y3yni/is_ken_tamplin_vocal_academyktva_really_good/izyhbvn/,"Reddit: приложения, YouTube, курсы, AI"
308,r/singing,2025-12-28 (дата треда),студент с педагогом,приложения-курсы-AI,1,"Разочарование в популярном YouTube-коуче, сложно найти надёжный источник",It turns out he's considered to be a pretty big fraud in the music world. I'm a little disappointed. I think I will still use some of his warmups but I'll look around for more reputable online coaches,"да: «Avoid ken tamplin», отсылки к разоблачениям Wings of Pegasus","Dr Dan, Healthy Vocal Technique",,https://www.reddit.com/r/singing/comments/1pxdxpt/this_thing_about_self_taught_singers_how_did_you/nwapxdf/,"Reddit: приложения, YouTube, курсы, AI"
309,r/singing,2026-09-15,самоучка,приложения-курсы-AI,2,Раскрученный в соцсетях курс по миксту оказался пустым; KTVA тоже не помог,"There are no detailed explanations, and it feels like a waste of money. For more than a hundred dollars, you would expect much more detailed instruction, more comprehensive exercises, and even some anatomical explanations.","ответы педагогов: «these pre-compiled courses are tailored to some sort of non existent average», «completely predatory»",совет: индивидуальный педагог офлайн или онлайн,"заплатил >$100, считает деньги потраченными зря",https://www.reddit.com/r/singing/comments/1wh65kl/i_do_not_recommend_flawless_mix_course/,"Reddit: приложения, YouTube, курсы, AI"
310,r/singing,2026-07-28,любитель с целью,онлайн-уроки,2,Онлайн-уроки по Zoom теряют звук и динамику; живой педагог в 2 часах езды,"I have tried a couple of zoom lessons with people further afield, but felt something gets lost in translation doing things through a laptop microphone and a webcam - the audio compression algorithms completely remove any sense of dynamics","ответы: включить «original sound for musicians», внешний микрофон; другие довольны Zoom-уроками","настройки Zoom, аудиоинтерфейс, онлайн-курсы (Jeff Rolka)",готов платить за проверенный онлайн-ресурс,https://www.reddit.com/r/singing/comments/1v913f7/no_vocal_coaches_near_me_what_other_resources_are/,"Reddit: приложения, YouTube, курсы, AI"
311,r/singing,2026-07-28,любитель с целью,выбор-пути-педагог,2,Хаотичный поиск на YouTube вместо системного пути,I know it's my technique that I need proper guidance with rather than just bouncing around YouTube looking for different techniques or teachers essentially just throwing jelly at the wall hoping something will stick.,нет данных,,ищет платный «half-way-house» ресурс,https://www.reddit.com/r/singing/comments/1v913f7/no_vocal_coaches_near_me_what_other_resources_are/,"Reddit: приложения, YouTube, курсы, AI"
312,r/singing,2026-05-01,студент с педагогом,выбор-пути-педагог,2,Педагоги противоречат друг другу и затягивают обучение ради денег,I’ve had a number of vocal coaches. Each contradicting each other. Or dragging out the time to charge me more. So I’m not sure if I ever got quality lessons,нет данных,,платил нескольким коучам,https://www.reddit.com/r/singing/comments/1t0yxf0/how_do_i_find_a_high_quality_vocal_coach_that_can_help_me_sing_better_fast/,"Reddit: приложения, YouTube, курсы, AI"
313,r/singing,2025-07-19,самоучка,приложения-курсы-AI,2,"Нет педагога поблизости — используют ChatGPT для разбора пения, но боятся навредить голосу","I was hoping it to serve me as a ""crutch"" while I can't get an actual voice teacher, for ""geographic"" reasons...","ответы резко против: «You're going to get wildly incorrect, often harmful responses from ChatGPT»",ChatGPT + графики частоты/дБ,,https://www.reddit.com/r/singing/comments/1m3ztdx/is_it_possible_to_get_good_musical_feedback_from/,"Reddit: приложения, YouTube, курсы, AI"
314,r/singing,2025-07-19 (дата треда),самоучка,приложения-курсы-AI,1,AI не слышит напряжение и дыхание — только высоту,"it doesn't work well. it can't recognize force, breath pressure, and so it can't help you develop a healthy technique. the only thing it works well on is on pitch, but for that just vocal pitch monitor or just your ears.","да, большинство ответов в треде аналогичны",Vocal Pitch Monitor для высоты,,https://www.reddit.com/r/singing/comments/1m3ztdx/is_it_possible_to_get_good_musical_feedback_from/n41apxw/,"Reddit: приложения, YouTube, курсы, AI"
315,r/singing,2025-11-26,новичок,приложения-курсы-AI,1,AI не заменяет человеческую обратную связь; стыдно выложить запись,"I would love some human feedback, Ai isnt answering my questions and I find human advice is much better :)",нет данных,спрашивает на Reddit,,https://www.reddit.com/r/singing/comments/1p7krtn/hello_i_need_some_advice_please_i_am_16_and_im/,"Reddit: приложения, YouTube, курсы, AI"
316,r/singing,2026-08-12 (дата треда),неясно,приложения-курсы-AI,1,"Скепсис: AI/приложения не заменят педагога, который слышит и исправляет",You can follow an app but that's not ever the same thing as having a teacher who can hear you and make corrections.,"да, почти все ответы негативны; «AI is repeatedly a yes man. Yes men don’t make you get better.»",,,https://www.reddit.com/r/singing/comments/1vmicny/will_ai_take_over_assessment_and_training_of/p39wt89/,"Reddit: приложения, YouTube, курсы, AI"
317,r/singing,2025-12-28,самоучка,мотивация-бросают,3,Самоучки бросают через месяц без видимого прогресса,i feel like every self taught singer tries to sing for a month or so and realise it’s going nowhere then give up.,25+ ответов; многие описывают годы проб и ошибок,"запись себя и прослушивание, YouTube",,https://www.reddit.com/r/singing/comments/1pxdxpt/this_thing_about_self_taught_singers_how_did_you/,"Reddit: приложения, YouTube, курсы, AI"
318,r/singing,2025-12-28 (дата треда),самоучка,здоровье-голоса,2,Самообучение через пробы и ошибки — травмы голоса и годы неправильной опоры,"Literally trial and error. Ive hurt myself many times. Started with karaoke stuffs, blew my throat out. Next i learned about support, did it wrong for years and just couldnt seem to figure it out.","да: «Hurt myself in the process over the years», «I did things wrong for years and built some bad habits»","разминки, Dr Dan, Healthy Vocal Technique",покупал курс KTVA 3.0,https://www.reddit.com/r/singing/comments/1pxdxpt/this_thing_about_self_taught_singers_how_did_you/nwad6h9/,"Reddit: приложения, YouTube, курсы, AI"
319,r/singing,2025-12-28 (дата треда),самоучка,прогресс-плато,1,Тяжело слушать свои записи; самооценка страдает,"I started out recording one out of ten practice attempts because the other nine were so disappointing. I'd often add a heap of reverb to ""console"" myself, lol.","да: «Sing, record, listen back and critique» — самый частый совет; «It will be very confronting and harsh at first»","тысячи записей себя, мягкая самооценка, реверб",,https://www.reddit.com/r/singing/comments/1pxdxpt/this_thing_about_self_taught_singers_how_did_you/nwd2x3q/,"Reddit: приложения, YouTube, курсы, AI"
320,r/singing,2025-06-05,любитель с целью,выбор-пути-педагог,2,Не слышит свою неточность в реальном времени; выбирает между 30 Day Singer/Yousician и живым онлайн-коучем,I think I'm on pitch with radio and then I listen to myself and realize I'm not as close as I thought I was.,"ответы: «Online Vocal Coach all day long... with no feedback, you could just be imbedding more bad habits»",предзаписанные уроки + разовые уроки у педагога,рассматривает платные онлайн-программы,https://www.reddit.com/r/singing/comments/1l401om/online_voice_coaching_or_online_lessons_how_to/,"Reddit: приложения, YouTube, курсы, AI"
321,r/singing,2025-10-04 (дата треда),студент с педагогом,приложения-курсы-AI,2,Курс без персональной оценки не исправляет неверно понятые упражнения,I joined the program but opted for a person coach after a while when i realized i didn’t know what i didn’t know.,педагог в треде: программы работают лучше вместе с педагогом раз в месяц/квартал,перешёл к персональному коучу,"платил за 30 Day Singer, затем за коуча",https://www.reddit.com/r/singing/comments/1nxz9al/is_30_day_singer_worth_it/nhr8fu7/,"Reddit: приложения, YouTube, курсы, AI"
322,r/singing,2022-10-14,любитель с целью,приложения-курсы-AI,2,Лайки и комменты в караоке-приложении от ботов — ложная обратная связь,"I posted a cover without any lyrics or actual singing - just nothingness and I still got likes and one ""person"" even commented to compliment my ""song""",да: «Inauthentic Feedback: The app appears to use bots to inflate user confidence»,"игнорировать ботов, SingSnap «real people»",,https://www.reddit.com/r/singing/comments/y47onc/is_starmaker_actually_a_good_app/,"Reddit: приложения, YouTube, курсы, AI"
323,r/singing,2022-10-14 (дата треда),неясно,приложения-курсы-AI,2,Алгоритм оценки пения в караоке-приложении сломан,"if you get on the mic and hit only sour notes- A++! If you get on there and act like you have sense- C, try harder next time!",перекликается с Simply Sing («points even if you don’t sing»),,,https://www.reddit.com/r/singing/comments/y47onc/is_starmaker_actually_a_good_app/kk32i4s/,"Reddit: приложения, YouTube, курсы, AI"
324,r/singing,2022-10-14 (дата треда),любитель с целью,цена,1,Smule закрывает сольное пение за подпиской,"it's free compared to Smule, where you can't do solo unless you pay $9.99 a month.",«I left smule for starmaker»,переход в бесплатный StarMaker,не хочет платить $9.99/мес за Smule VIP,https://www.reddit.com/r/singing/comments/y47onc/is_starmaker_actually_a_good_app/jhaalut/,"Reddit: приложения, YouTube, курсы, AI"
325,r/singing,2024-02-28,неясно,приложения-курсы-AI,1,Новички зациклены на диапазоне из неточных приложений,The SingWhiz app isn't some sort of official test. It's horribly inaccurate for finding voice types and useable ranges. The results don't mean anything.,"да: несколько отдельных постов в те же дни («Can we ban the what's my vocal range questions?», «For novices trying voice type apps...», «Range ≠ Skill»)",,,https://www.reddit.com/r/singing/comments/1b2hci7/people_please_i_know_vocal_range_is_an/,"Reddit: приложения, YouTube, курсы, AI"
326,r/singing,2024-03-11,студент с педагогом,практика-время-место,3,В съёмной квартире негде петь в полный голос; страх побеспокоить соседей привёл к полной остановке занятий,"The walls are not super thick and I found out by accident that when I practice, it echoes through the entire neighborhood and my anxiety over bothering my neighbors has made me absolutely stop singing altogether.","~20 комментариев с советами; «My neighbors are all really quiet, so I would be the loud one», ответы про машину, церковь, будку","церкви/универ. практик-классы, машина, DIY вокальная будка, одеяла, петь тише",«I can't afford much in the way of soundproofing» — не готова платить за звукоизоляцию,https://www.reddit.com/r/singing/comments/1bbwc9z/how_does_one_practice_while_living_in_a_rented/,Reddit: практика в жизни взрослого
327,r/singing,2024-03-11,студент с педагогом,практика-время-место,1,"Машина как место практики — компромисс: сидя, педагог против; и машины нет у многих горожан","I used to when I had one! But my voice teacher hated it because it meant I was practicing sitting down, which limited my ability to strengthen my diaphragm correctly.",в треде 1p1a8bf тоже: «sitting doesn't help my support as much as standing»,машина,,https://www.reddit.com/r/singing/comments/1bbwc9z/how_does_one_practice_while_living_in_a_rented/kucj9zm/,Reddit: практика в жизни взрослого
328,r/singing,2024-03-11,неясно,практика-время-место,1,Противоречивые советы: петь тихо ради соседей vs. это формирует плохие привычки,"I DON'T recommend trying to just sing quietly; that's a great way to develop bad habits. Edit: not saying the ability to sing quietly isn't something you should work on for the sake of musicality, but singing everything quietly for fear of being heard is not a feasible tactic","спор в треде: другие отвечают, что тихая практика полезна для пассаджио",петь в полный голос в разумные часы,,https://www.reddit.com/r/singing/comments/1bbwc9z/how_does_one_practice_while_living_in_a_rented/kuc7bon/,Reddit: практика в жизни взрослого
329,r/singing,2024-03-11,самоучка,практика-время-место,1,Практика поздно вечером возможна только очень тихо,"Do you need to get so loud? Can you not sing at an appropriate level and work on that volume in a different setting? I even manage to practice late at night, I turn a fan on and sing no louder then the fan drowning out my voice.",ответ «Wouldn't it be counter productive to practice singing in a way that you would never actually sing?»,петь тише вентилятора ночью,,https://www.reddit.com/r/singing/comments/1bbwc9z/how_does_one_practice_while_living_in_a_rented/kubzt9s/,Reddit: практика в жизни взрослого
330,r/singing,2025-09-22,любитель с целью,практика-время-место,2,Свободное время у работающего взрослого только после 20:00 — именно тогда соседи против,"I like to sing rather late normally, because I tend to get home late and my free time starts at 8 pm roughly. I've never met this neighbor in person yet but she has started stomping on the floor especially when I sing higher parts.",15+ ответов; «I have this issue too though and I opted to practice during the outdoor portions of my commute»,"поговорить с соседом, петь в дороге, мягкая мебель, Beltbox",,https://www.reddit.com/r/singing/comments/1nnwqz8/any_actually_effective_methods_to_sound_quieter/,Reddit: практика в жизни взрослого
331,r/singing,2025-09-22,неясно,практика-время-место,1,Нет места дома — практика переносится на улицу по пути на работу,I have this issue too though and I opted to practice during the outdoor portions of my commute. I might get heard and passerby might think I'm nuts but I want progress,подтверждение «I have this issue too»,пение во время пеших участков дороги,,https://www.reddit.com/r/singing/comments/1nnwqz8/any_actually_effective_methods_to_sound_quieter/nfnx70t/,Reddit: практика в жизни взрослого
332,r/singing,2025-09-22,неясно,практика-время-место,1,"Чтобы петь громко в квартире, приходится строить самодельную студию в шкафу","When I lived in an apartment, I turned a closet into a very small studio. I lined the entire thing with sound dampening foam and blankets. It looked like a hot mess but it worked.","похожие советы (одеяла, thrift store) в нескольких тредах",шкаф + поролон + одеяла,покупка поролона; альтернатива — одеяла из секонд-хенда,https://www.reddit.com/r/singing/comments/1nnwqz8/any_actually_effective_methods_to_sound_quieter/nfp2ctu/,Reddit: практика в жизни взрослого
333,r/singing,2019-08-12,студент с педагогом,практика-время-место,2,"Тонкие стены, нет машины, в колледже нет практик-классов — негде заниматься вообще","I really want to practice my singing but I live in an apartment with walls thin enough that I can hear my neighbors speaking in a normal volume. I don't have a closet and the only other ""room"" I have in my apartment is my bathroom but it's not that soundproof either.",немного комментариев; совет арендовать склад,аренда складского бокса с кондиционером,готовность арендовать storage unit ради практики,https://www.reddit.com/r/singing/comments/cpcfpl/where_to_practice_when_your_apartment_has_super/,Reddit: практика в жизни взрослого
334,r/singing,2019-08-12,неясно,практика-время-место,1,Ради места для практики люди платят за аренду помещения,In college I rented out a storage unit with A/C and power outlets to practice and record. Terrible recording conditions but you have to make do with what you've got.,автор поста: «Oh that's an interesting solution. I'll look into that»,аренда склада,платил за аренду storage unit,https://www.reddit.com/r/singing/comments/cpcfpl/where_to_practice_when_your_apartment_has_super/ewoghte/,Reddit: практика в жизни взрослого
335,r/singing,2015-01-07,неясно,практика-время-место,2,"Приходится петь в подушку, чтобы не мешать соседям",YES. I'm tired of constantly singing into a pillow to stop disturbing the neighbors.,в том же треде многие готовы купить,петь в подушку,готов купить устройство за $75–150,https://www.reddit.com/r/singing/comments/2rlje2/would_you_buy_a_75150_product_that_would_let_you/cnh56z1/,Reddit: практика в жизни взрослого
336,r/singing,2015-01-07,неясно,практика-время-место,1,"Глушилка (Beltbox) неудобна, но единственный вариант","Like singing with a jockstrap over your face It muffles the sound of your voice as long as you don't open your mouth too much, and you can hear yourself. Worth it imo.","другой пользователь «it's only 40 bucks», собирается заказать",Beltbox,"купил Beltbox (~$40 в 2015), считает оправданным",https://www.reddit.com/r/singing/comments/2rlje2/would_you_buy_a_75150_product_that_would_let_you/cni9j92/,Reddit: практика в жизни взрослого
337,r/singing,2026-07-10,любитель с целью,практика-время-место,2,Платные глушилки не решают проблему тонких стен; семья недружелюбна к хобби,I bought a beltbox thinking it would help me practice and sing at full volume but it literally does nothing it just sounds like I put a thick pillow by my mouth.,~20 комментариев; «the reality is it's going to be near impossible to block the sound from getting out»,"возврат Beltbox, хор, парк, машина, Isovox, петь тише",купил Beltbox и вернул; советуют Isovox («not cheap») и онлайн-уроки «even an hour a month»,https://www.reddit.com/r/singing/comments/1usz51x/i_got_a_beltbox_and_it_does_nothing/,Reddit: практика в жизни взрослого
338,r/singing,2026-07-10,любитель с целью,практика-время-место,3,"Нет ни тихого места, ни возможности уехать — выбор между не петь и терпеть насмешки семьи",It really sucks it doesn't do shit. I'm frustrated I even bought it so I'm sending it back asap. I can't leave the house by myself yet... it feels like I really have no option but to sing and let my family bully me for it,"нет прямых «same», но много сочувственных ответов",возврат устройства; поиск машины,разочарование в покупке — отказ платить за неработающий гаджет,https://www.reddit.com/r/singing/comments/1usz51x/i_got_a_beltbox_and_it_does_nothing/owruj51/,Reddit: практика в жизни взрослого
339,r/singing,2026-07-10,любитель с целью,практика-время-место,1,Даже дорогая звукоизолированная комната не делает практику неслышимой,"I went all out and built a sound room in my basement (6'x8' room, floating floor, 4""x6"" staggered walls with acoustic insulation, double layer drywall with acoustic adhesive), and my family can still hear me upstairs when I'm singing all out.",нет данных,построил комнату в подвале,вложился в строительство звукоизолированной комнаты,https://www.reddit.com/r/singing/comments/1usz51x/i_got_a_beltbox_and_it_does_nothing/owt6u33/,Reddit: практика в жизни взрослого
340,r/singing,2025-10-05,неясно,практика-время-место,1,Для практики в квартире приходится покупать дорогие глушители,"I use the Dr. Vox mask and bottle , which helps dampen the sound significantly. It's pricey, but I think you can find a discount... For me, it was totally worth it, and it helps improve my singing.",нет данных,Dr. Vox маска,"купил Dr. Vox («pricey… totally worth it»), ждёт скидок на Black Friday",https://www.reddit.com/r/singing/comments/1nyfr1k/worrying_about_neighborsfamily_hearing_me/nhuhil8/,Reddit: практика в жизни взрослого
341,r/singing,2025-10-05,самоучка,практика-время-место,1,"Постоянная тревога, что соседи слышат странные звуки распевки","I live in an apartment and my room is sharing a wall with another apartment... ever since a new family moved in, Ive heard babies crying, cables being plugged in etc which made me realize they might be hearing me sing.","немного ответов, типичный совет «stop giving a fuck»","шкаф с одеждой, мебель",,https://www.reddit.com/r/singing/comments/1nyfr1k/worrying_about_neighborsfamily_hearing_me/,Reddit: практика в жизни взрослого
342,r/singing,2022-10-21,студент с педагогом,практика-время-место,3,"Платит за уроки, но не может практиковать дома из-за стыда перед семьёй — нет прогресса, думает бросить","I spend over 50$ for a voice lesson per week (my money, not my parents') and I don't improve much because I don't practice a lot at home. Should I quit and save the money?","25+ комментариев; «Hey, I feel your pain» в соседнем треде",пение в машине по дороге в универ (20–40 мин),$50+/неделя за урок; рассматривает отказ из-за отсутствия прогресса,https://www.reddit.com/r/singing/comments/y9qt7h/i_cant_bring_myself_to_practice_at_home_no_matter/,Reddit: практика в жизни взрослого
343,r/singing,2022-10-21,студент с педагогом,страх-стыд-старт,3,"Голос — слишком личное; быть услышанным дома невыносимо, итог — уход с уроков","Well than I guess I have to kiss that dream goodbye cuz I'm just too shy... Piano is not a sound you produce so when judged, it's not as personal. Meanwhile, a person singing, feels more personal so when judged it feels horrible... I'll just stop taking singing lessons.",в других тредах «I'm still not comfortable practicing if I know people can hear me at home»,отказ от уроков,отказывается платить дальше,https://www.reddit.com/r/singing/comments/y9qt7h/i_cant_bring_myself_to_practice_at_home_no_matter/it87xu0/,Reddit: практика в жизни взрослого
344,r/singing,2022-10-21,неясно,практика-время-место,2,Уроки без домашней практики воспринимаются как пустая трата денег,"It depends. Is singing something you want to be good at? Then you have to find a place to practice... Now speaking as someone who fully understands your dilemma, if you're not practicing, your wasting time and money.",«great post» в ответ,"машина, подвал, лес",,https://www.reddit.com/r/singing/comments/y9qt7h/i_cant_bring_myself_to_practice_at_home_no_matter/it72zfr/,Reddit: практика в жизни взрослого
345,r/singing,2024-01-02,новичок,страх-стыд-старт,2,"Страх сцены у себя дома: нигде нельзя петь, чтобы никто не слышал",There is literally no where I can go right now to practice without someone hearing me... It's almost like stage fright in my home. It's just so hard.,"«Hey, I feel your pain», «I posted a similar post last night. Just know that you arent alone», «I find being on stage and singing easier than this.»",худи вокруг рта + приложение мониторинга голоса в наушниках,,https://www.reddit.com/r/singing/comments/18x29pf/how_to_get_over_fear_of_trying_to_sing_when_there/,Reddit: практика в жизни взрослого
346,r/singing,2024-01-02,новичок,страх-стыд-старт,2,Взрослые десятилетиями скрывают пение даже от супругов,I get it! I'm the same way... I've been married 22 years and in that time my husband has never heard me sing! I'll play instruments around him no problem but singing is personal.,сама является согласием с постом («I'm the same way»),,,https://www.reddit.com/r/singing/comments/18x29pf/how_to_get_over_fear_of_trying_to_sing_when_there/kg3h5ek/,Reddit: практика в жизни взрослого
347,r/singing,2024-01-02,неясно,страх-стыд-старт,1,"Неловкость практиковаться, когда дома кто-то слышит","Hey, I feel your pain. I'm still not comfortable practicing if I know people can hear me at home.",согласие с постом,,,https://www.reddit.com/r/singing/comments/18x29pf/how_to_get_over_fear_of_trying_to_sing_when_there/kg29mhy/,Reddit: практика в жизни взрослого
348,r/singing,2024-01-02,самоучка,страх-стыд-старт,1,Стыд перед домашними — снимается предупреждением «будет плохо какое-то время»,"i was in the same exact boat a few months ago and i'll tell you what helped me LOADS... i would just go to them and be like ""hey i'm going to try to learn to sing. it's gonna be terrible for a while so bear with me. let me know if it bothers you.""",«same exact boat»,заранее предупредить домашних,,https://www.reddit.com/r/singing/comments/18x29pf/how_to_get_over_fear_of_trying_to_sing_when_there/kg5eohs/,Reddit: практика в жизни взрослого
349,r/singing,2024-07-20,студент с педагогом,практика-время-место,2,Практиковал в машине в гараже — соседи вызвали полицию; секретность пения,"I can't do it at my home because the walls aren't soundproof and my family is asleep at night... I am so secretive about my singing that I didn't want ANYONE to know... ""…me…I've been taking vocal lessons and the car is the only place I can practice…""","«Don't tell me this omfg», «Everythings ruined», «Nowhere is safe»",машина в подземном гараже,,https://www.reddit.com/r/singing/comments/1e7ktif/cars_arent_soundproof/,Reddit: практика в жизни взрослого
350,r/singing,2024-07-20,неясно,практика-время-место,2,Нигде нельзя петь незаметно; тихой практики не существует,"Hahah yeah, I totally know this feel. Nowhere is safe... Once, i had cops called on me for practicing on a bridge over an overpass lol... If I had money I'd try isovox or something but even that im pretty sure doesn't work too well.",«I totally know this feel»,"петь на улице, в машине","хотел бы Isovox, если бы были деньги, но сомневается в эффективности",https://www.reddit.com/r/singing/comments/1e7ktif/cars_arent_soundproof/le12uin/,Reddit: практика в жизни взрослого
351,r/singing,2025-11-19,новичок,практика-время-место,1,Единственное безопасное место для пения — машина,"The car is literally the only place where I feel comfortable singing, and I had no idea an app like this existed! You just made my day.","«Alone in the car is the only time I ever belt lol», «That's the only place I dare to sing»",приложение Repeat Recorder (запись/прослушивание hands-free в машине),интерес к приложению для практики в машине,https://www.reddit.com/r/singing/comments/1p1a8bf/practicing_in_the_car_was_the_secret_sauce_to_my/nppwplc/,Reddit: практика в жизни взрослого
352,r/singing,2025-11-19,самоучка,практика-время-место,1,"Работа, дети, ремонт — единственное время для практики это дорога","One more vote for singing on the road! ... I'm super busy with work, kids and fixing up our house.. 2 years in I still suck at guitar but due to spending hours and hours a week singing in the van I do not suck at singing at all!",многие поддерживают практику в машине в треде,пение в фургоне по дороге,,https://www.reddit.com/r/singing/comments/1p1a8bf/practicing_in_the_car_was_the_secret_sauce_to_my/npohwx3/,Reddit: практика в жизни взрослого
353,r/singing,2025-11-19,родитель,уверенность-сцена,2,Тренировки в машине не переносятся в реальную жизнь — вне машины рот «закрыт»,That's the only place I dare to sing. And when I sing bedtime songs for my kids. Don't know what to do with all that voice training when my mouth keeps shut when I really want to sing outside of the car,«Alone in the car is the only time I ever belt lol»,"машина, колыбельные детям",,https://www.reddit.com/r/singing/comments/1p1a8bf/practicing_in_the_car_was_the_secret_sauce_to_my/nqg2sj6/,Reddit: практика в жизни взрослого
354,r/singing,2025-11-19,самоучка,практика-время-место,1,Жизнь слишком быстрая — единственное время для голоса это поездка на работу,"For me, initially, it was more of the confidence building. Our Life today is too fast since it's designed to fund billionaries. This was the only time I can find to improve something so fundamental in my life.",пост с многими поддерживающими комментариями,30 мин практики в машине с приложением-лупером 6+ месяцев,использует приложение,https://www.reddit.com/r/singing/comments/1p1a8bf/practicing_in_the_car_was_the_secret_sauce_to_my/nprdes9/,Reddit: практика в жизни взрослого
355,r/singing,2026-07-29,студент с педагогом,практика-время-место,1,Если отложить на вечер — забывает; практика урывками между светофорами,"I practice on my drive most days because I know if I put it off until evening I will forget... My vocal coach gives me an email of links so it's pretty easy to click into at each stop light. And then a couple days a week I sit down at my desk to practice to get in a ""real"" session.",нет данных,email со ссылками от педагога + практика в машине + 2 «настоящие» сессии в неделю,занимается с платным вокальным коучем,https://www.reddit.com/r/singing/comments/1v9ycrw/trying_to_practice_singing_but_there_are_always/p0hol4x/,Reddit: практика в жизни взрослого
356,r/singing,2026-07-29,новичок,страх-стыд-старт,2,"«Не хочу, чтобы слышали, пока не буду звучать хорошо» — откладывание практики",Trying to practice singing but there are always people out back of or in front of my home now. I feel a bit embarrassed because I don't want anyone hearing me until I sound good lol.,«I struggle with this and I appricate all the comments. i sing most comfortably in the shower & the car»,"машина, тропа с телефоном, наушники",,https://www.reddit.com/r/singing/comments/1v9ycrw/trying_to_practice_singing_but_there_are_always/,Reddit: практика в жизни взрослого
357,r/singing,2026-07-29,неясно,страх-стыд-старт,2,Годами «запертый» голос из-за стыда,"I've spent most of my life with my singing voice locked away, and I totally understand this struggle.",«totally understand this struggle»,"слушать живую музыку местных исполнителей, чтобы снизить планку",,https://www.reddit.com/r/singing/comments/1v9ycrw/trying_to_practice_singing_but_there_are_always/p0hwa2m/,Reddit: практика в жизни взрослого
358,r/singing,2026-01-03,будущий профи,практика-время-место,3,Страх быть помехой → месяцы без полноценного пения → откат на год,even practice rooms worried me because i didnt want to be an inconvenience. but that actually affected my singing as the more time i went without booking anything the less i used my voice. it was only 7 months never belting or singing at my full ability; but it ruined the next year of my life in singing.,~15 комментариев в поддержку,"расписание 1–2 ч через день с 14 до 18, в остальное время мычание в наушниках; SOVT-трубочка",,https://www.reddit.com/r/singing/comments/1q39kl9/i_was_singing_in_my_apt_shower_for_15_minutes_at/,Reddit: практика в жизни взрослого
359,r/singing,2024-09-04,любитель с целью,мотивация-бросают,2,СДВГ: невыносима повторяемость отработки песен,I have ADHD and I'm having a really difficult time with the repetition of practicing songs... I can't even stand to sing them (practice) once a day even though I like the songs at first.,"«I also have ADHD and have a similar that issue», «ADHD'er here and same problems as you»","плейлисты во время дел, 5-минутные таймеры, награды, Focusmate","Focusmate (бесплатно 3 сессии/нед, раньше была подписка — готов снова)",https://www.reddit.com/r/singing/comments/1f8z42e/anyone_else_have_trouble_with_the_discipline_of/,Reddit: практика в жизни взрослого
360,r/singing,2024-09-04,студент с педагогом,мотивация-бросают,2,Заданная педагогом песня вызывает отторжение,"I also have ADHD and have a similar that issue that as soon as I'm ""assigned"" a song to learn, it's the last thing I want to do. I will sing any other damn song. Super frustrating lol",согласие с постом,,,https://www.reddit.com/r/singing/comments/1f8z42e/anyone_else_have_trouble_with_the_discipline_of/lljnzh4/,Reddit: практика в жизни взрослого
361,r/singing,2024-09-04,неясно,мотивация-бросают,1,Нет чувства достижения от практики — нужна внешняя награда,Reward yourself before and during practice because our ADHD brains do not get that delightful sense of accomplishment neurotypical people get from completing tasks... Practice in really short spurts. Set a timer for five minutes,автор: «Great advice»,"награды, 5-минутные сессии",,https://www.reddit.com/r/singing/comments/1f8z42e/anyone_else_have_trouble_with_the_discipline_of/llkb02v/,Reddit: практика в жизни взрослого
362,r/singing,2024-09-04,любитель с целью,мотивация-бросают,1,"Упражнения скучные, песни — нет","I have adhd-c. The bit that bores me are the exercises. So I read posts on Reddit while I'm doing them. If I don't, I yawn non stop.",в x3c3z3: «What I struggle with is maybe warm ups but never the actual singing»,"читать Reddit во время упражнений, большой плейлист",,https://www.reddit.com/r/singing/comments/1f8z42e/anyone_else_have_trouble_with_the_discipline_of/llip6z6/,Reddit: практика в жизни взрослого
363,r/singing,2022-09-01,самоучка,мотивация-бросают,2,СДВГ + депрессия: не может начать и удержать внимание на упражнениях,"I find it so hard to get started on the basics and training things like scales, intervals, practicing vocal exercises like lip trills and arpeggios... Even when I do start, I can't focus for long... How am I supposed to get any consistency and progress?",~20 комментариев; «This is such an incredibly helpful comment... consistency is something I just couldn't do»,"YouTube-упражнения в дороге, 5 минут в день, привязка к привычке",,https://www.reddit.com/r/singing/comments/x3c3z3/learning_how_to_sing_with_adhd/,Reddit: практика в жизни взрослого
364,r/singing,2022-09-01,самоучка,мотивация-бросают,2,"Энтузиазм первых 6 недель гаснет после перерыва (болезнь, жизнь) — не может вернуться","I did have the obsessive side of ADHD and managed to hyperfixated and progress quite a bit in my first 1.5 months of singing. Until I started to slowly taper off, then I caught covid and it destroyed my progress for 1 month... I still haven't been able to tap back into that hyperfixation.",нет прямых «same»,вдохновение от онлайн-группы певцов,,https://www.reddit.com/r/singing/comments/x3c3z3/learning_how_to_sing_with_adhd/imp1iz7/,Reddit: практика в жизни взрослого
365,r/singing,2022-09-01,новичок,мотивация-бросают,1,Взрослый возвращается к музыке после неудачи с регулярностью в юности,"I always wanted to play music as a teenager, but consistency is something I just couldn't do. Practice wasn't interesting enough. Fast forward to me as an adult who got diagnosed with ADHD 2 years ago, and I've just decided I'd like to learn how to sing more/better.",нет данных,советы про 5 минут в день,,https://www.reddit.com/r/singing/comments/x3c3z3/learning_how_to_sing_with_adhd/jb2x19s/,Reddit: практика в жизни взрослого
366,r/singing,2025-12-29,будущий профи,мотивация-бросают,2,"Плато через 2 года + сравнение с другими в практик-классах → тревога, срыв регулярности","While I've improved a lot from where I started, I am nowhere near where I want to be. My motivation to practice has dwindled and my anxiety around singing has risen... I know I won't improve without consistent practice, and I cannot practice consistently at the rate I'm going.",«I've been singing for 3 years and I fall into this same pit every month or so»,"перерыв, петь для удовольствия, слушать музыку",,https://www.reddit.com/r/singing/comments/1pybrrj/my_motivation_for_singing_is_gone/,Reddit: практика в жизни взрослого
367,r/singing,2025-12-29,самоучка,мотивация-бросают,1,Циклические спады мотивации каждый месяц,"I've been singing for 3 years and I fall into this same pit every month or so. DON'T GIVE UP, you simply don't have the options to go forward right now",согласие с постом,"пару дней перерыва, поиск новой музыки",,https://www.reddit.com/r/singing/comments/1pybrrj/my_motivation_for_singing_is_gone/nwkbsea/,Reddit: практика в жизни взрослого
368,r/singing,2021-09-12,неясно,мотивация-бросают,2,Потеря интереса и отсутствие прогресса подпитывают друг друга,I've lost interest in almost everything for a few months now. And I hate that I'm not making any progress in singing. Any tips for regaining my motivation to practice?,мало комментариев,«practice despite how you feel»,,https://www.reddit.com/r/singing/comments/pmnkt1/how_to_regain_motivation_to_practice/,Reddit: практика в жизни взрослого
369,r/singing,2026-04-13,новичок,мотивация-бросают,1,Практика в одиночку скучна — ищут напарников по подотчётности,"Oh my God I was just searching for people to help me practice singing daily bc the practice itself is no fun, I'd love to join!",«I love this idea. I'm sooo bad about doing my vocal exercises.» + несколько желающих в Discord,группы «accountabilibuddies» в Discord,,https://www.reddit.com/r/singing/comments/1skh46f/beginner_singingsingersongwriter/og1t3kl/,Reddit: практика в жизни взрослого
370,r/singing,2026-04-13,новичок,мотивация-бросают,1,Не делает вокальные упражнения регулярно,I love this idea. I'm sooo bad about doing my vocal exercises.,несколько человек присоединились к группе,группа взаимной подотчётности,,https://www.reddit.com/r/singing/comments/1skh46f/beginner_singingsingersongwriter/og09kh6/,Reddit: практика в жизни взрослого
371,r/singing,2025-10-01,самоучка,практика-время-место,2,Месяц без практики из-за занятости + страх регресса; нужна короткая рутина,"I haven't been able to practice singing at all this month and I'm worried if I continue not practicing, I'll get even worse at singing than i already am.",мало ответов,10 минут гамм,,https://www.reddit.com/r/singing/comments/1nvnv8s/any_good_singing_exercises_videosroutines_for/,Reddit: практика в жизни взрослого
372,r/singing,2020-09-09,самоучка,практика-время-место,2,Учёба съедает время — нужна короткая эффективная рутина,"Before classes, I used to do exercises for about 1 - 2 hours every day. I still want to improve my voice since i'm still a beginner but I don't think I'd have enough time to do consistent hour-long practices daily.","советы 15–30 мин/день, SOVT во время дел","15–30 мин в день, трубочка/лип-триллы между делами, пение в душе",,https://www.reddit.com/r/singing/comments/ipebcy/how_should_i_exercisepractice_with_an_extremely/,Reddit: практика в жизни взрослого
373,r/singing,2020-02-24,будущий профи,практика-время-место,2,Совмещать работу 9-5 и вокал изматывает; прогресс медленный,"It's insane to try and balance a 9-5 with the demands of staying on top of your technique and rep, searching for and booking gigs, teaching your students, doing all your music admin work and still enjoy your life and your career... it's very draining",автор: «Im trying 3 hours of music everyday and it's been hard to keep everyday»,один проект за раз,доход от работы тратит на уроки вокала,https://www.reddit.com/r/singing/comments/f8pme0/have_a_full_time_job_and_singmake_music_on_the/fioiuft/,Reddit: практика в жизни взрослого
374,r/singing,2020-02-24,любитель с целью,практика-время-место,1,Не удаётся ежедневно держать план практики при полной занятости,"Im trying 3 hours of music everyday and it's been hard to keep everyday. You're right, with the level of intensity and self-belief that you would if this was a full-time thing, and strict discipline.",нет данных,"строгая дисциплина, час в день",платит за вокальные классы из зарплаты,https://www.reddit.com/r/singing/comments/f8pme0/have_a_full_time_job_and_singmake_music_on_the/fipmi9s/,Reddit: практика в жизни взрослого
375,r/singing,2019-02-23,любитель с целью,практика-время-место,1,С работой практика требует жертв и чек-листов,"I am a serious musician with a day job, and it's a hustle... I have to set down my intentions on paper and create a literal checklist or box to tick in my calendar in order to get certain tasks done.",нет данных,"чек-лист в календаре, отказ от ТВ/соцсетей",,https://www.reddit.com/r/singing/comments/atzdpo/how_to_practice_with_busy_schedule/eh4givn/,Reddit: практика в жизни взрослого
376,r/singing,2025-01-23,студент с педагогом,цена,2,"Уроки раз в месяц из-за денег; не знает, как заниматься между ними","Hi all, i started singing not too long ago. Ive had a few lessons but due to being a poor student its once a month orso... I never really practiced, and i was at my lesson yesterday and its the first time i struggled at some things.",нет ответов по существу,"написал педагогу, спросил Reddit",может позволить урок лишь раз в месяц,https://www.reddit.com/r/singing/comments/1i8dbj6/daily_practice_routines_and_time_practicing/,Reddit: практика в жизни взрослого
377,r/singing,2024-05-11,будущий профи,выбор-пути-педагог,1,Неловко отправлять педагогу записи между уроками — не получает обратную связь при самостоятельной практике,"They always encouraged me to make recordings in between lessons when practicing if I think something work especially well or doesn't work at all. While I always appreciated this gesture, I rarely did it because I didn't want to use too much of their time.",комментатор: «A professional teacher would let you know their rate for additional phone calls and outside of lesson services»,,комментаторы ожидают платной опции связи между уроками,https://www.reddit.com/r/singing/comments/1cphqsv/my_teacher_is_mad_at_me/,Reddit: практика в жизни взрослого
378,r/learnmusic,2026-03-10,новичок,практика-время-место,2,"(инструменталист, контрабас) «Разрешённое» окно для шумной практики совпадает с рабочим днём взрослого — то же, что у вокалистов","one issue is that I have thin floors and don't want to disturb my downstairs neighbors. otherwise I could practice toward the end of the day when I am not so stressed with other tasks. It feels like I am only allowed to do it in the middle of the day, so like 10am-6pm but I am busy with work during that window of time..",«Lessons you pay for add some weight to getting me to practice»,"спросить соседей, инструмент на виду, платные уроки как дисциплина",платные уроки как стимул практиковаться,https://www.reddit.com/r/Learnmusic/comments/1rq48a7/having_trouble_sticking_with_practice_adult_first/,Reddit: практика в жизни взрослого
379,Trustpilot (30 Day Singer),2025-03-31,новичок,приложения-курсы-AI,2,"Видеокурс не даёт обратной связи и предполагает, что новичок уже умеет попадать в ноты",the lack of real time feedback and the assumption that I could already pitch match was frustrating,нет данных (отзыв 2*),,платил за подписку 30 Day Singer,https://www.trustpilot.com/review/30daysinger.com,Вне Reddit: отзывы приложений и курсов
380,Trustpilot (30 Day Singer),2025-10-28,самоучка,цена,2,Пробный период незаметно превращается в годовое списание,I signed up for 30 days free and got charged for a year,"похожие жалобы у других (Daniel Jason 2024, Paul Johnson 2024)",,негатив: не хотят годовой автосписания,https://www.trustpilot.com/review/30daysinger.com,Вне Reddit: отзывы приложений и курсов
381,Trustpilot (30 Day Singer),2024-07,самоучка,цена,2,"Невозможно отменить подписку, деньги списаны",I cancelled within two weeks but they still took my money,повторяется в нескольких отзывах 1*,,негатив: отказ от курса после списания,https://www.trustpilot.com/review/30daysinger.com?page=2,Вне Reddit: отзывы приложений и курсов
382,Trustpilot (30 Day Singer),2025-09-25,самоучка,цена,1,Живые уроки дорогие — курс воспринимается как дешёвая замена,for the price of ONE live voice lesson you get access to a lot,нет данных,онлайн-курс вместо живых уроков,сравнивает цену курса с ценой одного живого урока,https://www.trustpilot.com/review/30daysinger.com,Вне Reddit: отзывы приложений и курсов
383,30daysinger.com forum,"~2020 (""6 years ago"")",самоучка,мотивация-бросают,3,Запись своего голоса вызывает стыд — бросает курс на середине,I stopped at the halfway mark through 30 day singer about 3 weeks ago. I did a recording of myself singing and it was cringeworthy to me.,"второй участник пишет, что тоже бросил на 24-м уроке",позже взял живые занятия с педагогом ради персональной обратной связи,перешёл на платного живого педагога,https://www.30daysinger.com/forums/discussion/singing-basics/anyone-else-feel-discouraged,Вне Reddit: отзывы приложений и курсов
384,30daysinger.com forum,~2020,самоучка,уверенность-сцена,3,"Первое пение при людях — зажим, ощущение провала",I tried singing for people but was super tense and sounded very bad and feel like a failure.,в том же треде другой ученик тоже бросил курс,,,https://www.30daysinger.com/forums/discussion/singing-basics/anyone-else-feel-discouraged,Вне Reddit: отзывы приложений и курсов
385,30daysinger.com forum,~2020,самоучка,прогресс-плато,2,"Нестабильность: сегодня получается, завтра нет — нет ощущения прогресса","I'm struggling with finding a consistent, pleasant tone. I can sing a song fairly well one day, then the next day it sounds pretty bad.",поддержка участников «keep going»,,,https://www.30daysinger.com/forums/discussion/singing-basics/anyone-else-feel-discouraged,Вне Reddit: отзывы приложений и курсов
386,30daysinger.com forum,~2020,самоучка,мотивация-бросают,3,"Сомнение, что цели вообще достижимы, — бросает курс незадолго до конца","Stopped near the end of the the 30 day course on lesson 24, I have made progress but am wondering if I can really meet my goals.",тема «Anyone else feel discouraged» — сама по себе сигнал согласия,,,https://www.30daysinger.com/forums/discussion/singing-basics/anyone-else-feel-discouraged,Вне Reddit: отзывы приложений и курсов
387,30daysinger.com forum,"~2021 (""5 years ago"")",новичок,талант-возраст,2,"Страх, что пение — врождённый талант, а в семье «никто не умеет петь»; негде заниматься с соседями по квартире","I'm sorta new to the course and am here wondering if everyone truly can sing -- and with training, decent to well.",педагог: «Almost every beginning singer I've worked with tells me they don't like the sound of their own voice»,,уже купила курс,https://www.30daysinger.com/forums/discussion/open-discussion/What-if-I-really-just-have-a-bad-voice-and-cant-sing,Вне Reddit: отзывы приложений и курсов
388,30daysinger.com forum,~2021,самоучка,прогресс-плато,2,"Ненависть к своему тембру, ощущение, что всем не нравится голос","I sound very bad. I sound bad on recording. Not only do I sound bad on recording, I sound bad to everyone. I have been working on my tone, and it sounds better now. But still... I sound terrible. What should I do?",отдельный похожий тред «hate the sound of my voice» на том же форуме,,,https://www.30daysinger.com/forums/discussion/open-discussion/No-One-Likes-the-Sound-of-My-Voice,Вне Reddit: отзывы приложений и курсов
389,30daysinger.com forum,~2020,самоучка,прогресс-плато,2,"Самокритика при прослушивании записи, не умеет отслеживать прогресс","I tend to be my own worst enemy when it comes to my singing voice, it critic myself in a negative way every time I play back a recording of myself.",нет данных,запись себя,,https://www.30daysinger.com/forums/discussion/open-discussion/tracking-progress,Вне Reddit: отзывы приложений и курсов
390,30daysinger.com forum,~2021,самоучка,прогресс-плато,2,"Непонятно, есть ли прогресс и когда переходить на следующий уровень",I don't feel like i'm making the right progress or maybe not making progress at all im confused when to move from beginer warm up to advance warm up and when to move to advance course from basic course.,нет данных,,,https://www.30daysinger.com/forums/discussion/open-discussion/How-do-i-know-if-im-making-progress-or-the-right-progress,Вне Reddit: отзывы приложений и курсов
391,30daysinger.com forum,~2021,любитель с целью,прогресс-плато,1,Подросток с целью (YouTube) недоволен звучанием своего голоса,"Im 12 years old and I want to start a singer YouTube channel, but I dont sound how I want to.",в заголовке: «I know this has probably been mentioned»,,,https://www.30daysinger.com/forums/discussion/open-discussion/I-know-this-has-probabbly-been-mentioned-but-what-do-I-do-if-I-hate-the-sound-of-my-voice,Вне Reddit: отзывы приложений и курсов
392,30daysinger.com forum,~2020,самоучка,практика-время-место,2,"Квартира, соседи — поёт тихо и недополучает от практики","My issue is that I live in an apartment with neighbors on either side of me. I tend to keep it low when I sing usually, but it's mostly fear of annoying the neighbors. I feel I am not getting the most out of my routine vocally.",педагог написала отдельную статью — тема частая,"SOVT-упражнения, петь тише, шкаф с полотенцами, договориться с соседями",,https://www.30daysinger.com/forums/discussion/open-discussion/apartment-tips,Вне Reddit: отзывы приложений и курсов
393,KTVA forum,2017-06,самоучка,практика-время-место,2,Гиперстеснение из-за соседей при занятиях дома,"I live in an apartment, and I am hyper conscious of irritating my neighbors","ответ: «I was so worried the neighbors would hear me, and judge me»",Beltbox — глушитель у рта (~30 дБ),покупают глушители типа Beltbox,https://forum.kentamplinvocalacademy.com/discussion/7541/stage-fright-bothering-your-neighbors-some-solutions,Вне Reddit: отзывы приложений и курсов
394,KTVA forum,2017-06,самоучка,практика-время-место,2,Реальный конфликт с соседями из-за практики,I know for a fact I am irritating some of my neighbors. On days where I do some singing later on some of my neighbors will play their own music as loud as possible.,согласие с автором треда,со временем «now I don't really care»,,https://forum.kentamplinvocalacademy.com/discussion/7541/stage-fright-bothering-your-neighbors-some-solutions,Вне Reddit: отзывы приложений и курсов
395,30daysinger.com forum,~2020,самоучка,техника-верх-напряжение,2,"Напряжение и срыв на высоких нотах, гортань поднимается","I can hit C4/D4 somewhat comfortably, and as I approach A4 the strain gets progressively worse to the point you cannot hear my voice if I try to go any higher.","на форуме много похожих тредов (throat hurts, sore throat after practice)","лип-триллы, «hoo», «mum»; не помогает",,https://www.30daysinger.com/forums/discussion/singing-basics/singing-high-notes-and-straining,Вне Reddit: отзывы приложений и курсов
396,30daysinger.com forum,~2021,самоучка,здоровье-голоса,2,"Хрипота после распевки — не понимает, нормально ли это","After 10-20 minutes of singing warm up and exercises, my voice usually gets a bit hoarse, then I drink a tea or hot water and honey, rest my voice, and then maybe after 2 hours the longest, my voice is fine.","похожие треды: «Sore Throat after Practice?», «Healthy singing, throat hurts»","чай с мёдом, отдых голоса",,https://www.30daysinger.com/forums/discussion/singing-basics/Often-a-bit-hoarse-after-warm-up-normal,Вне Reddit: отзывы приложений и курсов
397,KTVA forum,2020-04,самоучка,здоровье-голоса,3,"Боль в горле на высоких нотах, страх травмы связок после упражнений курса",I think i strained one of my chords. I started to incorporate the breath control exercises of the stamina workouts since then I have this issue.,"несколько ответов участников, разбор техники","ЛОР (без повреждений), смена техники, «take it easy on the high notes» — прошло через месяц",визит к ЛОРу,https://forum.kentamplinvocalacademy.com/discussion/13630/pain-on-right-side-of-the-throat-when-singing-high-notes,Вне Reddit: отзывы приложений и курсов
398,KTVA forum,2017-06,самоучка,выбор-пути-педагог,1,Недоверие к онлайн-курсам пения,I hesitated to purchase this program because I wasn't convinced that an online course could teach me what I needed.,другой участник: «so many stories about those 'other courses' ... a complete waste of money and time»,,сравнил: «$300 for 10 half hour lessons» у местной школы vs пакет PRO — выбрал курс,https://forum.kentamplinvocalacademy.com/discussion/7648/too-many-good-reviews-cant-find-any-bad-ones-for-other-programs-find-someone-who-has-one-here,Вне Reddit: отзывы приложений и курсов
399,KTVA forum,2017-06,самоучка,цена,1,Цена живых уроков толкает к онлайн-курсу,I was going to go for singing lessons with a local school. $300 for 10 half hour lessons. I compared that to the cost of the PRO bundle and the pro bundle was more cost effective for me.,нет данных,онлайн-курс вместо школы,$30 за 30-минутный урок — ориентир; купил курс KTVA,https://forum.kentamplinvocalacademy.com/discussion/7648/too-many-good-reviews-cant-find-any-bad-ones-for-other-programs-find-someone-who-has-one-here,Вне Reddit: отзывы приложений и курсов
400,Trustpilot (Ken Tamplin Vocal Academy),2026-05-12,любитель с целью,прогресс-плато,1,Долгий медленный старт (66 лет); прежние педагоги 2 года не помогли с диапазоном,It took me 3 months to just start sounding somewhat stable,нет данных (1 отзыв),онлайн-курс после неудачи с живыми педагогами,«This was the best money that I have spent on my music»,https://www.trustpilot.com/review/kentamplinvocalacademy.com,Вне Reddit: отзывы приложений и курсов
401,Trustpilot (Singing Carrots),2024-11-24,самоучка,цена,2,Раздражение от пейволлов в приложениях для практики,Total money grabbers. I just want to be able to practice singing without stupid 'premiums' and whatever.,несколько 1* отзывов о платности/скрытой цене,,отказ платить за премиум,https://www.trustpilot.com/review/singingcarrots.com?page=2,Вне Reddit: отзывы приложений и курсов
402,Trustpilot (Singing Carrots),2023-07-11,самоучка,цена,2,"Бесплатный доступ заканчивается слишком быстро, чтобы понять ценность","I loved the tool for the first 5 minutes, then I was locked out... I'm not gonna pay for something I can literally use just 5 minutes","повторяется (Rich 2026, Callie Hardin 2025)",,отказ платить без пробы,https://www.trustpilot.com/review/singingcarrots.com?page=3,Вне Reddit: отзывы приложений и курсов
403,Trustpilot (Singing Carrots),2025-08-14,неясно,цена,2,Цена спрятана за длинным онбордингом-опросом,I couldn't find anything about pricing until I had already filled out an entire survey and created an account.,та же жалоба у Rich (2026-05-16) и Rahul Sharma (2025-08-18),,хотят видеть цену сразу,https://www.trustpilot.com/review/singingcarrots.com,Вне Reddit: отзывы приложений и курсов
404,Trustpilot (Singing Carrots),2026-08-01,новичок,талант-возраст,1,Возрастной барьер (64 года) — преодолён ежедневной практикой,"I decided to sing for first time ever, 2 years ago aged 64...and 100% can see massive improvement by practicing daily.",нет данных,ежедневная практика в приложении,платная подписка Singing Carrots,https://www.trustpilot.com/review/singingcarrots.com,Вне Reddit: отзывы приложений и курсов
405,Trustpilot (Singing Carrots),2026-02-22,новичок,страх-стыд-старт,2,Детская травма «тебе нельзя петь» на всю жизнь,I was told I couldn't sing at age 8...Singing carrots has convinced me that I can hold a note,"согласуется с исследованиями non-singers (Numminen 2015, ABC 2017)",питч-тренажёр,пользователь Singing Carrots,https://www.trustpilot.com/review/singingcarrots.com,Вне Reddit: отзывы приложений и курсов
406,Trustpilot (Singing Carrots),2024-02-08,любитель с целью,уверенность-сцена,1,Нет уверенности петь при других (решено через объективную обратную связь по высоте),The tools gave me the confidence to sing in front of others and join my first ever choir!,нет данных,"питч-тренажёр, затем хор",пользователь платного сервиса,https://www.trustpilot.com/review/singingcarrots.com?page=3,Вне Reddit: отзывы приложений и курсов
407,App Store (Simply Sing),2026-09-03 (год выведен),самоучка,цена,2,Неожиданная платная подписка $85/год,"you think you don't pay a membership, well you do. $85 a year. wouldn't expect that since in the reviews it says nothing abt it.",несколько отзывов про цену подряд,,$85/год воспринимается как дорого/неожиданно,https://apps.apple.com/us/app/simply-sing-my-singing-app/id1592900217?see-all=reviews&platform=iphone,Вне Reddit: отзывы приложений и курсов
408,App Store (Simply Sing),2026-09-02 (год выведен),самоучка,приложения-курсы-AI,3,Приложение не слышит голос и не исправляет ошибки,It's not even listening to me. It's not correcting me...delete this app this is a total mess.,"похожие жалобы на распознавание (SingTrue, Yousician)",удалить приложение,,https://apps.apple.com/us/app/simply-sing-my-singing-app/id1592900217?see-all=reviews&platform=iphone,Вне Reddit: отзывы приложений и курсов
409,App Store (Simply Sing),2026-04-15 (год выведен),самоучка,приложения-курсы-AI,2,"Приложение — караоке, а не обучение технике",it doesn't teach you anything...it just moves songs to your vocal range so you can see them easier,"то же в justuseapp: «it doesn't actually help you with your singing, doesn't tell you if you're out of key»",,,https://apps.apple.com/us/app/simply-sing-my-singing-app/id1592900217?see-all=reviews&platform=iphone,Вне Reddit: отзывы приложений и курсов
410,App Store (Simply Sing),2026-04-19 (год выведен),самоучка,цена,2,Цена подписки на пение-игру неприемлема,I don't want to pay 15 dollars a month to play or 60 dollars to play for a year,«no free option whatsoever? ... I rather sing to trees» (Jul 26),,порог: $15/мес и $60/год — «слишком»,https://apps.apple.com/us/app/simply-sing-my-singing-app/id1592900217?see-all=reviews&platform=iphone,Вне Reddit: отзывы приложений и курсов
411,"justuseapp (Simply Sing, отзывы App Store)",2022-05-24,самоучка,здоровье-голоса,2,Пение по приложению без техники привело к боли в горле,ended up messing up my throat and I need 2 bags of halls to get my throat back to normal,нет данных,леденцы Halls,,https://justuseapp.com/en/app/1592900217/simply-sing-by-joytunes/reviews,Вне Reddit: отзывы приложений и курсов
412,"justuseapp (Simply Sing, отзывы App Store)",нет даты,самоучка,приложения-курсы-AI,2,Нет обратной связи о фальши,"it doesn't actually help you with your singing, doesn't tell you if you're out of key",пересекается с App Store-отзывом «it doesn't teach you anything»,,,https://justuseapp.com/en/app/1592900217/simply-sing-by-joytunes/reviews,Вне Reddit: отзывы приложений и курсов
413,App Store (SingTrue),2019-08-22,самоучка,цена,2,"Поштучная оплата упражнений — дорого, прогресс обрывается","When I tried to do some others, the app said I had to buy them all, one buy one, which is awfully expensive",другой отзыв 2023: «how am I supposed to that if I'm not aloud to use the app!?» (система «жизней»),,негатив к поштучным покупкам,https://apps.apple.com/us/app/singtrue-learn-to-sing-in-tune-pitch-perfect/id914239183?see-all=reviews&platform=iphone,Вне Reddit: отзывы приложений и курсов
414,App Store (SingTrue),2018-10-01,самоучка,приложения-курсы-AI,2,Питч-детектор не распознаёт голос,There was one where I was to bullseye a note...the stupid thing would pick up and calculate that I was even singing,похожие жалобы на распознавание у Simply Sing и Yousician,,,https://apps.apple.com/us/app/singtrue-learn-to-sing-in-tune-pitch-perfect/id914239183?see-all=reviews&platform=iphone,Вне Reddit: отзывы приложений и курсов
415,App Store (SingTrue),2017-02-01,новичок,страх-стыд-старт,1,Страх осуждения со стороны живого человека — приложение как безопасная среда,Get real life feedback on your musical improvement without the intimidating judgements,Smule: «express myself in a safe place and not have to worry about judgment»,приложение вместо педагога,,https://apps.apple.com/us/app/singtrue-learn-to-sing-in-tune-pitch-perfect/id914239183?see-all=reviews&platform=iphone,Вне Reddit: отзывы приложений и курсов
416,App Store CA (Erol Singer's Studio),2023-05-28,самоучка,приложения-курсы-AI,2,Приложение не даёт качественной критики/разбора,"I can practice my singing, but I need criticism and this isn't the app for that",другой отзыв: «make SURE you also check in with ... voice teacher ... LIVE and IN PERSON» (2017),,,https://apps.apple.com/ca/app/erol-singers-studio/id502780186?see-all=reviews&platform=iphone,Вне Reddit: отзывы приложений и курсов
417,App Store CA (Erol Singer's Studio),2019-12-21,новичок,страх-стыд-старт,1,«Медведь на ухе» и стыд петь при людях,I was tone deaf and embarrassed to sing in public but now I enjoy karaoke,нет данных,визуальный питч-трекер: «without relying on someone else's ear»,платное приложение,https://apps.apple.com/ca/app/erol-singers-studio/id502780186?see-all=reviews&platform=iphone,Вне Reddit: отзывы приложений и курсов
418,App Store CA (Erol Singer's Studio),2025-07-02,неясно,приложения-курсы-AI,1,Приложение сложно для полного новичка,Great app for Singers who have singing knowledge already,перекликается с 30 Day Singer «assumption that I could already pitch match»,,,https://apps.apple.com/ca/app/erol-singers-studio/id502780186?see-all=reviews&platform=iphone,Вне Reddit: отзывы приложений и курсов
419,App Store (Vocal Pitch Monitor),2023-05-20,новичок,приложения-курсы-AI,1,"Питч-монитор без инструкции — непонятно, что делать",I don't see any instructions on how to use this.,рейтинг 2.6 (43 оценки),,,https://apps.apple.com/us/app/vocal-pitch-monitor/id842218231?see-all=reviews&platform=iphone,Вне Reddit: отзывы приложений и курсов
420,Trustpilot (Smule),2026-09-10,любитель с целью,цена,2,«Бесплатное» приложение оказывается подпиской ~$10/мес,MUST pay for a subscription! I hate when it says its free only to find out its almost $10/month!!!!,App Store: «if you want to do a duo you have to get V.I.P»,,~$10/мес — раздражает,https://www.trustpilot.com/review/www.smule.com,Вне Reddit: отзывы приложений и курсов
421,App Store (Smule),2026-07-18 (год выведен),любитель с целью,уверенность-сцена,1,Страх осуждения; ценность безопасного пространства,It's so fun being able to express myself in a safe place and not have to worry about judgment,"контраст: Trustpilot Smule — травля «organized harassment» (LUCY, 2025-10-01)",караоке-приложение,,https://apps.apple.com/us/app/smule-karaoke-singing-app/id509993510?see-all=reviews&platform=iphone,Вне Reddit: отзывы приложений и курсов
422,Trustpilot (Yousician),2026-03-11,неясно,цена,2,"Автопродление без предупреждения, нельзя отменить",Gives no notice of autorenewal until the day of and then wont take a cancellation,"массово: James 2026-08, Nancy 2026-02, Jacq 2025-11, Nick 2025-12",,годовая подписка $119–180 — негатив к автопродлению,https://www.trustpilot.com/review/yousician.com,Вне Reddit: отзывы приложений и курсов
423,Trustpilot (Lessonface),2026-01-10,студент с педагогом,онлайн-уроки,2,"Цена онлайн-уроков выросла без предупреждения, педагог не отвечает",Lesson fee increase without letting me know,"нет данных (11 отзывов, в основном позитив)",,платит за онлайн-уроки,https://www.trustpilot.com/review/lessonface.com,Вне Reddit: отзывы приложений и курсов
424,Substack (блог),2025-05-18,новичок,страх-стыд-старт,2,Ужас на первом групповом уроке; «I was sure that C. was laughing inside at how horrible my voice was»; бормотала гаммы и останавливалась посреди ноты,"Reader, I was terrified.",нет данных,пакет из 4 групповых занятий,"«forked over some cash, and enrolled in a four-class bundle»",https://scooped.substack.com/p/why-im-taking-singing-lessons,Вне Reddit: отзывы приложений и курсов
425,Substack (блог),2025-05-18,новичок,страх-стыд-старт,2,"Перфекционизм: не начинать то, что не получается сразу","if I can't be good at it, I'd prefer not to ever do it, thanks!",нет данных,,,https://scooped.substack.com/p/why-im-taking-singing-lessons,Вне Reddit: отзывы приложений и курсов
426,ABC News (Австралия),2017-03-01,новичок,талант-возраст,3,Детское унижение формирует убеждение «я не умею петь»; «I never realised singing was something you could learn»,I felt devastated and humiliated. This was the start of my belief that I could not sing.,"опрос ABC в Facebook: «There are actually laws against my singing», «Every time I sing in the shower, the neighbours shut their windows»","обучение во взрослом возрасте, хор",,https://www.abc.net.au/news/science/2017-03-01/so-you-think-you-cant-sing/8273516,Вне Reddit: отзывы приложений и курсов
427,ABC News (Австралия),2017-03-01,новичок,страх-стыд-старт,2,Годы избегания пения после ярлыка,I stopped singing around the house and I didn't bother joining school choirs.,нет данных,после тренировки: «at least I can hold a part in a choir»,,https://www.abc.net.au/news/science/2017-03-01/so-you-think-you-cant-sing/8273516,Вне Reddit: отзывы приложений и курсов
428,Исследование Numminen et al. (EJSBS),2015,неясно,талант-возраст,3,"Взрослые «непоющие» (n=10) — эмоциональные блоки, вера «либо умеешь, либо нет»",All the participants suffered from serious emotional blocks and misgivings about their ability to learn to sing,все 10 участников; у большинства не пели годами,"безопасная среда, «difficulties are a normal part of learning», индивидуальная обратная связь",,https://www.europeanpublisher.com/en/article/10.15405/ejsbs.149,Вне Reddit: отзывы приложений и курсов
429,"Исследование (Frontiers in Psychology, Словения)",2024-05-30,педагог о студентах,мотивация-бросают,3,Страх выступлений/экзаменов — причина ухода из музыкальной школы (дети),Some students have such a stage fright that they see they will not get through it and quit.,фокус-группы n=29; также «relationship between the individual teacher and her ... was to blame»,,,https://pmc.ncbi.nlm.nih.gov/articles/PMC11170109/,Вне Reddit: отзывы приложений и курсов
430,"Исследование (Frontiers in Psychology, Словения)",2024-05-30,родитель,мотивация-бросают,3,Уход с уроков из-за отношений с педагогом,"Looking at my daughter when she stopped piano lessons after the third grade, it was mainly the relationship between the individual teacher and her that was to blame.",другой родитель: «this relationship with the teacher is very important; to feel accepted»,,,https://pmc.ncbi.nlm.nih.gov/articles/PMC11170109/,Вне Reddit: отзывы приложений и курсов
