n,app,kind,stars,country,user_type,intensity,summary,quote,source,url,date,collector
0,Simply Sing,любят,5,us,певец-новичок,3,"Взрослая с проблемами связок поверила, что может петь; голос стал заметно сильнее, близкие услышали разницу","I never thought I would be able to really sing because I had some issues with my voice in the past. ... Since then, my singing has become dramatically more powerful. Prior to Thanksgiving when I was saying, and I will let my wife listen to it. She called it torture because my voice was just monoton",App Store US (asreviews),https://apps.apple.com/us/app/id1592900217,2024-12-09,App Store: 8 крупнейших приложений
1,Simply Sing,любят,4,us,певец-новичок,2,Любит транспонирование под голос и быстрый ощутимый прогресс; открытие своего типа голоса,"I find that the “training” for the song has already great improved my pitch and range throughout one hour of using it, and the ability to adjust the pitch of the song has helped me move from thinking I was Alto to realizing I was a Mezzo!",App Store US (asreviews),https://apps.apple.com/us/app/id1592900217,2025-02-24,App Store: 8 крупнейших приложений
2,Simply Sing,ненавидят,4,us,певец-новичок,3,Пейволл после записи голоса воспринимается как нечестный приём,"it appears to be free until after you’ve given it your voice. In my opinion, that’s a little shady, as it’s having people give their voice to an AI without telling them that the actual point of the app is paywalled.",App Store US (asreviews),https://apps.apple.com/us/app/id1592900217,2025-02-24,App Store: 8 крупнейших приложений
3,Simply Sing,уходят,3,us,продолжающий,3,"Отменила подписку: уроки кончились, новых не было","I got through the lessons available and it said there were more coming… but after two months of waiting, it didn’t seem as though there would be anymore lessons. I stopped paying because it wasn’t worth the price without new lessons.",App Store US (asreviews),https://apps.apple.com/us/app/id1592900217,2024-07-06,App Store: 8 крупнейших приложений
4,Simply Sing,уходят,2,us,певец-новичок,3,"Удалил через 2 недели годовой подписки: неточное распознавание нот, формирует плохие привычки",I bought a year subscription and I literally deleted the app after 2 weeks because the timing and the note identification made it impossible to have any accurate or consistent feedback. I was developing bad habits trying to get notes to register which really defeats the purpose.,App Store US (asreviews),https://apps.apple.com/us/app/id1592900217,2024-08-08,App Store: 8 крупнейших приложений
5,Simply Sing,ненавидят,3,us,неясно,3,"Бесплатен только тест голоса, всё остальное за подпиской — чувство обмана",I clicked on a song and it told me I had to upgrade the premium. I tried about five different songs and it also said the same thing ... I was never advertised that basically the entire app is what you paying for.,App Store US (asreviews),https://apps.apple.com/us/app/id1592900217,2025-10-26,App Store: 8 крупнейших приложений
6,Simply Sing,ненавидят,5,us,ребёнок-подросток,2,Путаница тарифов: для вокальных упражнений требуют семейный план,"I tried to do vocal exercises and it said I needed the family plan to connect all apps, which makes no sense in my opinion bc my family doesn’t want to do simply piano guitar or sing",App Store US (asreviews),https://apps.apple.com/us/app/id1592900217,2025-11-30,App Store: 8 крупнейших приложений
7,Simply Sing,ненавидят,1,us,неясно,3,$20/мес не оправданы; похвала «всем по трофею» и автоматические общие советы раздражают,The intro tutorial does not do much for the desire to want to purchase this. Especially in a $20 price range. Unless you’re one of those everybody gets a trophy person this app is not for you. ... It is not worth $20 a month,App Store US (asreviews),https://apps.apple.com/us/app/id1592900217,2023-11-09,App Store: 8 крупнейших приложений
8,Simply Sing,любят,5,us,ребёнок-подросток,1,"Ребёнок привязался к педагогу из видео в приложении, хочет знать её имя; просит больше песен","I do think that you guys should have some more songs and have more. ... I love you God guys and I’d love to learn and if you could tell me the name of the teacher, I love her I love her like",App Store US (asreviews),https://apps.apple.com/us/app/id1592900217,2023-05-29,App Store: 8 крупнейших приложений
9,Simply Sing,уходят,5,gb,продолжающий,3,Ученица с живым педагогом вернулась — всё стало платным; ушла,I went off of it for a while for my singing coaching and exams but when I came back it had COMPLETELY changed. ... now I have to pay for every single song. The prices not only being ridiculous but also unfair. You shouldn’t have to pay to love and work your voice.,App Store GB (asreviews),https://apps.apple.com/gb/app/id1592900217,2025-10-25,App Store: 8 крупнейших приложений
10,Simply Sing,ненавидят,2,gb,певец-новичок,2,Определение диапазона по незнакомой песне ошибочно занижает тональность,"it doesn’t take into account that people may have a range of over 1 type ... they don’t let you choose the song and ended up giving me one I didn’t know. Then it made it much lower because they thought I couldn’t sing the high notes, when actually I just had no clue what the song was",App Store GB (asreviews),https://apps.apple.com/gb/app/id1592900217,2025-01-19,App Store: 8 крупнейших приложений
11,Simply Sing,ненавидят,3,gb,продолжающий,3,"Не учит технике (микс, смыкание), только проверяет попадание; риск закрепить вредные привычки","IT WILL NOT TEACH YOU HOW TO SING. False advertising. It merely checks whether you’re in tune. It won’t give you tips on how to mix properly or improve chords closure and use proper technique. Actually, it may teach you how to lose your voice through reinforcement of bad habits.",App Store GB (asreviews),https://apps.apple.com/gb/app/id1592900217,2022-06-25,App Store: 8 крупнейших приложений
12,Simply Sing,любят,4,gb,певец-новичок,2,Ценят подстройку тональности песни под свой голос,it can set the songs to any vocal range so if you did not have a high voice but you wanted to sing something high pitch no problem you can customise it to make it fit your voice,App Store GB (asreviews),https://apps.apple.com/gb/app/id1592900217,2023-01-09,App Store: 8 крупнейших приложений
13,Simply Sing,ненавидят,4,gb,певец-новичок,2,"Хорошо для хобби, но уроки не учат пению — только контроль высоты",it's perfect for people who just wanna sing as a hobby but not for people who want to be a singer full time because it doesn’t really teach you to sing even the lessons don’t really help much all the lessons do is makes sure you’re singing low/high enough.,App Store GB (asreviews),https://apps.apple.com/gb/app/id1592900217,2023-01-09,App Store: 8 крупнейших приложений
14,Simply Sing,платят,2,gb,певец-новичок,3,"Заплатил £9.99/мес, трекинг голоса сбоит — жалеет о покупке",Immediately it’s a £9.99/month subscription to just sing with this app. I thought alright and I bought the subscription. ... it kept randomly ceasing to track my voice and kept saying I was singing too high/low. ... I regret buying it,App Store GB (asreviews),https://apps.apple.com/gb/app/id1592900217,2023-09-22,App Store: 8 крупнейших приложений
15,Simply Sing,хотят,2,gb,ребёнок-подросток,2,Хотят часть песен бесплатно; беспокойство о подписке для детей 4+,"I think at least SOME songs should be free for those who can’t/won’t pay for the subscription. It could also be a problem because, on the App Store, it says that this app is for children aged 4 and older, and I think having to pay for a subscription might be bad for them.",App Store GB (asreviews),https://apps.apple.com/gb/app/id1592900217,2024-07-14,App Store: 8 крупнейших приложений
16,Simply Sing,любят,5,gb,ребёнок-подросток,2,Нравится трекинг нот в реальном времени и комфортный диапазон,"It tracks your voice to check if you hitting the right notes, it makes sure your comfortable with the range of the song and if not you can personalise it.",App Store GB (asreviews),https://apps.apple.com/gb/app/id1592900217,2022-06-18,App Store: 8 крупнейших приложений
17,Simply Sing,страх,5,au,певец-новичок,1,"Бабушка — «заведомо плохая певица» — отменила триал: негде петь, чтобы никто не мешал/не слышал (с юмором)","My grandchildren use the app to learn how to sing and play the piano, and I figured that I could do the same (as I am a notoriously bad singer). Unfortunately, my cat Pali hated it (well, hated my singing) ... Sadly, I have had to cancel my 7 day free trial.",App Store AU (asreviews),https://apps.apple.com/au/app/id1592900217,2025-11-24,App Store: 8 крупнейших приложений
18,Simply Sing,уходят,3,au,певец-новичок,3,Оплатил месяц после вводных уроков — всего 2 модуля; $15/мес не стоят того,"I decided to give it a shot and subscribe for one month since I enjoyed the intro singing lessons, however once I did subscribe ... there wasn’t even that many lessons available yet. ... only two module: “Getting started” and “Discover your voice.” ... It’s not really worth paying $15 per month with no updates",App Store AU (asreviews),https://apps.apple.com/au/app/id1592900217,2023-12-07,App Store: 8 крупнейших приложений
19,Simply Sing,хотят,2,au,певец-новичок,2,"Предлагают ротацию бесплатных песен, чтобы попробовать до оплаты",A select few songs that you can sing for free and change them out every week/month. You may find more people paying for the premium if they get to actually sing before paying.,App Store AU (asreviews),https://apps.apple.com/au/app/id1592900217,28 June (год не указан),App Store: 8 крупнейших приложений
20,Simply Sing,ненавидят,4,au,ребёнок-подросток,2,"Детектор диапазона нестабилен, лаги","The range of notes that you can sing from doesn’t give many options, and the vocal range detector doesn’t always work very well, sometimes it sets me a range way to high, sometimes one way too low.",App Store AU (asreviews),https://apps.apple.com/au/app/id1592900217,22 Jan (год не указан),App Store: 8 крупнейших приложений
21,Simply Sing,ненавидят,4,au,ребёнок-подросток,2,Прерывания практики и повторные обязательные видео раздражают,during the practice it kept interrupting me and I had to restart the song but I had to watch the cringy videos again over and over like I hadn’t just seen them 2 minutes ago,App Store AU (asreviews),https://apps.apple.com/au/app/id1592900217,2023-01-16,App Store: 8 крупнейших приложений
22,Simply Sing,уходят,4,au,певец-новичок,2,Удаляет: нельзя петь без годовой подписки,I was quite confused to find I wasn’t able to sing anything unless I had the subscription. I feel the need to delete this app because I really can’t pay a yearly subscription at the moment.,App Store AU (asreviews),https://apps.apple.com/au/app/id1592900217,2024-12-07,App Store: 8 крупнейших приложений
23,Simply Sing,ненавидят,4,ca,неясно,2,Оценка не отражает качество пения; ошибка в типе голоса,"you can be a great singer and do bad or a terrible singer and do good just because it expects you to get every note bang on, its way of finding your range is bad. Said I was alto but Im mezzo.",App Store CA (asreviews),https://apps.apple.com/ca/app/id1592900217,2022-06-02,App Store: 8 крупнейших приложений
24,Simply Sing,ненавидят,1,ca,неясно,3,Реклама «бесплатно» не соответствует реальности,"You display the app as free but in order to use it you have to pay money, kind of interesting how that never showed up in the adds, it’s just says “for free” for all simply apps.",App Store CA (asreviews),https://apps.apple.com/ca/app/id1592900217,2024-07-03,App Store: 8 крупнейших приложений
25,Simply Sing,хотят,1,ca,неясно,2,Хочет попробовать больше до оплаты,"with very little trial/free material, I couldn’t successfully give it a try. To me, there is no incentive to pay for the subscription if I can’t try the app out a bit more.",App Store CA (asreviews),https://apps.apple.com/ca/app/id1592900217,2024-07-02,App Store: 8 крупнейших приложений
26,Simply Sing,хотят,3,ca,неясно,2,"Мало песен (54), нельзя добавить свои","Needs a better song selection, 54 songs in total and most are pop garbage. Too bad you can’t add your own songs.",App Store CA (asreviews),https://apps.apple.com/ca/app/id1592900217,2022-02-12,App Store: 8 крупнейших приложений
27,Smule,любят,5,us,караоке-соцсеть,3,Безопасная среда без насмешек — ключевая ценность; стал петь лучше,I have been singing with Smule and getting better at singing. If it wasn’t for Smule I would’nt have been able to sing myself out of a paper bag. No body here on Smule will say anything about the way you sing except praise you however it sounds. No fear of ridicule.,App Store US (asreviews),https://apps.apple.com/us/app/id509993510,2024-07-21,App Store: 8 крупнейших приложений
28,Smule,ненавидят,5,us,караоке-соцсеть,2,Соло только за VIP; старые записи исчезают,I couldn’t sing anything by myself without paying for a subscription (VIP). ... I was disappointed to see that a new update took place where older recordings expired after a certain period of time. I couldn’t find or search up any of my older recordings,App Store US (asreviews),https://apps.apple.com/us/app/id509993510,2025-02-11,App Store: 8 крупнейших приложений
29,Smule,уходят,4,us,караоке-соцсеть,2,"Без VIP чувствует себя невидимой, её не слушают — готова уйти",Some people can not afford VIP. ... either way i feel like i do not exist and is being takeit by only vips ... nowadays no one listen to me anymore and that is sad,App Store US (asreviews),https://apps.apple.com/us/app/id509993510,2024-01-04,App Store: 8 крупнейших приложений
30,Smule,платят,2,us,караоке-соцсеть,2,VIP ~$50/год считают завышенным; справедливой ценой называют $25/год,"the VIP pricing is outrageous. Half a $100 for only a year? I feel it should be around $25 for a year, and $10 dollars a month. ... there isn’t even that many benefits to VIP like you suggest!",App Store US (asreviews),https://apps.apple.com/us/app/id509993510,2024-07-15,App Store: 8 крупнейших приложений
31,Smule,ненавидят,2,us,караоке-соцсеть,2,Чат приносит мошенников и странные сообщения,ever since they added the chat I’ve been getting weird messages from weird people that are trying to get me to google chat or something and most of them are pretending to be celebrities,App Store US (asreviews),https://apps.apple.com/us/app/id509993510,2022-08-09,App Store: 8 крупнейших приложений
32,Smule,ненавидят,1,us,караоке-соцсеть,3,Неожиданное списание после «бесплатного» триала,Turns out it's been an app that is charging me $9.99 dollars for a literal seven day subscription.,App Store US (asreviews),https://apps.apple.com/us/app/id509993510,2025-06-08,App Store: 8 крупнейших приложений
33,Smule,любят,3,us,караоке-соцсеть,2,Сообщество и огромный каталог песен,"The community is pretty awesome as long as you are not a tool, and I’ve never seen a bigger collection of songs on any of the other apps.",App Store US (asreviews),https://apps.apple.com/us/app/id509993510,2022-06-15,App Store: 8 крупнейших приложений
34,Smule,любят,4,gb,караоке-соцсеть,2,Практика + дуэты по миру; но VIP дорог,it gives you an opportunity to practise and improve your singing and offers an opportunity to also duet with fellow singers from right across the globe. ... I still feel that the VIP pricing is way too expensive,App Store GB (asreviews),https://apps.apple.com/gb/app/id509993510,2018-09-25,App Store: 8 крупнейших приложений
35,Smule,любят,5,gb,караоке-соцсеть,2,Пение поднимает настроение; постоянная практика даёт ощущение роста,It gives me an opportunity to raise my spirits and be happy by singing many wonderful songs ... I am able to constantly practice and therefore I feel that my singing ability has greatly improved.,App Store GB (asreviews),https://apps.apple.com/gb/app/id509993510,2023-03-19,App Store: 8 крупнейших приложений
36,Smule,хотят,3,gb,караоке-соцсеть,2,"Хотят зарабатывать доступ активностью, а не только платить",there should be a way to ‘earn songs’ like join 10 people earn a solo song because this app forces you to join other people because you have to pay a VIP in order to solo sing.,App Store GB (asreviews),https://apps.apple.com/gb/app/id509993510,2022-10-16,App Store: 8 крупнейших приложений
37,Smule,ненавидят,3,gb,караоке-соцсеть,2,"Платные подарки не дают реального ощущения, что ты поёшь хорошо",Gifts feel pointless because they don’t really do anything. It’s just another way of liking but instead you’re paying to like something. ... I don’t think someone is going to be like “WOW this gift must mean I can SING”,App Store GB (asreviews),https://apps.apple.com/gb/app/id509993510,2022-10-16,App Store: 8 крупнейших приложений
38,Smule,ненавидят,4,gb,караоке-соцсеть,2,Навязанные голосовые эффекты вместо выбора — пропадает удовольствие от своего звучания,randomly getting “Magic” (A voice affect that doesn’t work well with my voice) ... the filters made it so people could pick which ones made them feel happy singing,App Store GB (asreviews),https://apps.apple.com/gb/app/id509993510,2020-10-17,App Store: 8 крупнейших приложений
39,Smule,ненавидят,2,gb,караоке-соцсеть,3,Функции постепенно уводят за пейволл,This app seems to be removing its best features one by one and replacing anything good with something worse behind a pay wall.,App Store GB (asreviews),https://apps.apple.com/gb/app/id509993510,2020-10-17,App Store: 8 крупнейших приложений
40,Smule,ненавидят,1,gb,ребёнок-подросток,2,£90/год за «игру» — неприемлемо,Who wants to be paying £90 every year for a GAME. A GAME. The point of a game is to have fun and you can’t have much fun if you have to worry about payment every time you open the app.,App Store GB (asreviews),https://apps.apple.com/gb/app/id509993510,2019-05-13,App Store: 8 крупнейших приложений
41,Smule,любят,4,au,караоке-соцсеть,3,"Можно петь приватно, не мешая семье; выросла уверенность в голосе","Now, I can just go into a room far away from everyone and at most they might be able to hear my voice. It’s been so helpful for me. Sing! has also made me more confident in my voice and recording myself singing!",App Store AU (asreviews),https://apps.apple.com/au/app/id509993510,2018-03-31,App Store: 8 крупнейших приложений
42,Smule,ненавидят,3,au,караоке-соцсеть,3,Архив своих записей заблокирован без VIP — воспринимается как жадность,"they lock you out from accessing the rest of your past songs unless you pay them for VIP… the way I see it is, I have already paid for the previous finished content, why should I pay for something I have already paid for???",App Store AU (asreviews),https://apps.apple.com/au/app/id509993510,2019-08-19,App Store: 8 крупнейших приложений
43,Smule,платят,3,au,продолжающий,2,Недельный тариф $15 завышен; «справедливо» $30–40/год,I think the full app is over priced $15/week is $60 / month . I think $20/month and $5/week is better ... The whole year cost should be $30-$40,App Store AU (asreviews),https://apps.apple.com/au/app/id509993510,2019-05-31,App Store: 8 крупнейших приложений
44,Smule,ненавидят,2,au,караоке-соцсеть,2,Пение как антистресс; навязанные фильтры отнимают контроль над звучанием,I usually use this app once or twice a week to de-stress after work and school but now this is stressing me out because I have no idea if I’m going to sound good with my natural voice or be a robot with a filter.,App Store AU (asreviews),https://apps.apple.com/au/app/id509993510,2020-10-18,App Store: 8 крупнейших приложений
45,Smule,уходят,5,au,ребёнок-подросток,2,"Ребёнок удалил из-за цены, скучает по друзьям в приложении",i had to delete it because too much money... my friends are really nice and I miss them so please!!!!!! ... make it cheaper because I have to delete it and my account,App Store AU (asreviews),https://apps.apple.com/au/app/id509993510,2020-08-16,App Store: 8 крупнейших приложений
46,Smule,ненавидят,1,ca,караоке-соцсеть,2,Автопродление после бесплатной недели,DO NOT fall for the “free week” suggestion. The auto renewal does not allow for users to cancel this subscription! It is a rip off!,App Store CA (asreviews),https://apps.apple.com/ca/app/id509993510,2018-12-17,App Store: 8 крупнейших приложений
47,StarMaker,страх,5,us,ребёнок-подросток,3,Страх собственного голоса ушёл через регулярную практику в приложении,"I was too scared of my own voice not knowing how good it actually is, so I went from horrible shower singing ( I know we’ve all done that) to practicing on this app not knowing how loud I was screaming a song in my room, to singing with no self consciousness",App Store US (asreviews),https://apps.apple.com/us/app/id342138881,Mar 27 (год не указан),App Store: 8 крупнейших приложений
48,StarMaker,ненавидят,4,us,караоке-соцсеть,2,Фейковые комментарии ботов,There are SO many bots. I posted a few covers on my profile and got lots of comments but they seem so fake and are all the same.,App Store US (asreviews),https://apps.apple.com/us/app/id342138881,2023-12-23,App Store: 8 крупнейших приложений
49,StarMaker,ненавидят,4,us,караоке-соцсеть,3,Ненастоящая похвала обесценивает радость и вызывает чувство обмана,I felt so good about the stuff that I was posting until i started to notice something. ... Just a bunch of overly positive comments that sound like they were written by a bot. Now i feel like ive been lied to because i cant tell if these comments im getting are real,App Store US (asreviews),https://apps.apple.com/us/app/id342138881,2023-08-15,App Store: 8 крупнейших приложений
50,StarMaker,страх,1,us,ребёнок-подросток,3,Груминг ребёнка через караоке-соцсеть — угроза безопасности детей,I’m a 12 year old girl who simply joined this app to sing. ... I realized he was grooming me. He asked me for inappropriate pictures,App Store US (asreviews),https://apps.apple.com/us/app/id342138881,2025-06-07,App Store: 8 крупнейших приложений
51,StarMaker,платят,1,us,караоке-соцсеть,2,Экономика подарков/вывода денег воспринимается как обман,You will spend loads of money on this app for them to only allow you to get back $600 tops and you can only basically get that once a month,App Store US (asreviews),https://apps.apple.com/us/app/id342138881,2020-10-29,App Store: 8 крупнейших приложений
52,StarMaker,платят,5,gb,караоке-соцсеть,2,Ежедневные задания вынуждают покупать монеты для подарков,Giving gift is tricky because you cannot give gift to family member if you don’t have any coins. By getting coins you have to recharge / spend money. Imagine doing this DAILY!,App Store GB (asreviews),https://apps.apple.com/gb/app/id342138881,2020-05-22,App Store: 8 крупнейших приложений
53,StarMaker,ненавидят,3,gb,продолжающий,2,Непрозрачный рейтинг не связан с качеством пения,the people who aren’t “good” at singing are getting really high ranks and those with the better voices are placed way lower than they should be. I don’t know how the ranking goes,App Store GB (asreviews),https://apps.apple.com/gb/app/id342138881,2023-08-01,App Store: 8 крупнейших приложений
54,StarMaker,ненавидят,1,gb,караоке-соцсеть,3,Навязчивая монетизация и фейковые AI-профили,"It’s always pushing you to spend money on silly games, gifts and enhancements. ... You also get bombarded with fake silly messages from fake AI profiles!",App Store GB (asreviews),https://apps.apple.com/gb/app/id342138881,2024-08-10,App Store: 8 крупнейших приложений
55,StarMaker,любят,3,gb,ребёнок-подросток,2,Бесплатная музыка и текст на экране,One thing I love about this app is that the music is free. ... The words of the song with come up in the background and you can read the words so you don’t have to sing off by heart.,App Store GB (asreviews),https://apps.apple.com/gb/app/id342138881,2024-02-24,App Store: 8 крупнейших приложений
56,StarMaker,платят,3,au,караоке-соцсеть,2,Платит полгода; держит «стрик» — боится его потерять из-за сбоя,after the free 7 day trial i paid for a subscription for a further 6 months. ... so now i have to sing either the same song or a different song so that I don’t risk losing my streak of,App Store AU (asreviews),https://apps.apple.com/au/app/id342138881,2019-09-13,App Store: 8 крупнейших приложений
57,StarMaker,хотят,4,au,караоке-соцсеть,1,Хочет перезаписывать отдельные фрагменты,"I'm a perfectionist, so having tools which help me go back to parts I may have done badly is a huge help, but if the part is at the beginning of the song, I just can't do it",App Store AU (asreviews),https://apps.apple.com/au/app/id342138881,2020-10-28,App Store: 8 крупнейших приложений
58,StarMaker,ненавидят,3,au,караоке-соцсеть,2,Токсичная конкуренция и хищники в сообществе,Bad for predators and very high competitors who go out of their way to saboatge you. No one is very helpful until you get to the top and then when u at the top they hate you more.,App Store AU (asreviews),https://apps.apple.com/au/app/id342138881,5 Jan (год не указан),App Store: 8 крупнейших приложений
59,StarMaker,любят,5,au,караоке-соцсеть,2,"Больше поёт, голос улучшился, позвали в группу; бесплатно","This app isAmazing, got me singing so much more and helped me with my voice a lot. Because of this I’ve been invited to be in the band ... you don’t need to pay money to use it.",App Store AU (asreviews),https://apps.apple.com/au/app/id342138881,2025-11-02,App Store: 8 крупнейших приложений
60,Yousician,любят,3,us,неясно,3,Геймификация мотивирует сильнее книг (гитара),The gamification provides motivation beyond what using books and manuals can.,App Store US (asreviews),https://apps.apple.com/us/app/id959883039,2019-05-19,App Store: 8 крупнейших приложений
61,Yousician,любят,5,us,неясно,3,Раньше бросал из-за отсутствия видимых результатов и плана; приложение дало структуру (гитара),"I have tried learning guitar on my own multiple different times and always ended up giving up on it, mostly because I wasn't seeing the results I wanted and also because I just didn't know what to do. This system makes it fun and easy to learn",App Store US (asreviews),https://apps.apple.com/us/app/id959883039,2021-01-19,App Store: 8 крупнейших приложений
62,Yousician,любят,5,us,неясно,2,Ценят трекинг прогресса и ободряющие письма,From video and lessons to songs and challenges (against other users) to charts and emails that encourage you and track your progress.,App Store US (asreviews),https://apps.apple.com/us/app/id959883039,2018-03-21,App Store: 8 крупнейших приложений
63,Yousician,платят,4,us,неясно,2,"Готов платить за действительно хороший продукт; хочет, чтобы практика шла в дневную цель","Don’t expect everything to be free. If someone creates something great, I will gladly hand my money over to use what they created.",App Store US (asreviews),https://apps.apple.com/us/app/id959883039,2018-01-06,App Store: 8 крупнейших приложений
64,Yousician,уходят,2,us,неясно,2,Резкие скачки сложности после нескольких недель,while I’m trying to learn how to do a 3 string power chord I can’t focus on learning it when the next song is 4 levels above where I was last time. Basically my complaint is that it doesn’t smo,App Store US (asreviews),https://apps.apple.com/us/app/id959883039,2021-04-30,App Store: 8 крупнейших приложений
65,Yousician,ненавидят,3,us,неясно,2,"Хорош для инструментов, но не для пения; скачки сложности демотивируют","App is great for starting out on instruments (not singing), although as you work more up in the learning, quick jumps are take place often leaning the learner to hesitate to continue as it becomes very frustrating.",App Store US (asreviews),https://apps.apple.com/us/app/id959883039,2020-04-18,App Store: 8 крупнейших приложений
66,Yousician,хотят,3,us,ребёнок-подросток,2,"Основы должны быть бесплатными, платными — песни и продвинутое","on the 3rd lesson or so I had to buy a subscription to learn like half of the basics. ... maybe keep it as an option for unlocking more songs, or more advanced lessons instead of forcing me to buy it just so I can learn all the basics",App Store US (asreviews),https://apps.apple.com/us/app/id959883039,2023-10-17,App Store: 8 крупнейших приложений
67,Yousician,любят,5,gb,ребёнок-подросток,3,"Родитель: с педагогами не сложилось, дорога долгая; приложение ребёнок открывает сам","My son had tried a few different guitar teachers, but unfortunately none of them he clicked with. Travelling upto an hour for an hour lesson took some time out of the day and with little results. Now my son comes home, jumps on his guitar for a half hour class on Yousician",App Store GB (asreviews),https://apps.apple.com/gb/app/id959883039,2019-08-24,App Store: 8 крупнейших приложений
68,Yousician,ненавидят,3,gb,неясно,2,Неизвестные песни-упражнения не мотивируют,There are a load of completely unknown original songs which come across as being rather meaningless. Who wants to learn a song that no one has heard of? Is this going to impress your mates?,App Store GB (asreviews),https://apps.apple.com/gb/app/id959883039,2021-01-05,App Store: 8 крупнейших приложений
69,Yousician,платят,5,gb,неясно,2,Платит за структуру и удовольствие от знакомых песен,"Honestly, if I continue to get this level of enjoyment then I really don’t mind the subscription fee. I have dabbled in the past but this is giving me some structure and it’s fun to play along with songs I know.",App Store GB (asreviews),https://apps.apple.com/gb/app/id959883039,2024-04-07,App Store: 8 крупнейших приложений
70,Yousician,платят,5,au,неясно,2,Семейная покупка (дочь — голос) после бесплатной версии; ценят обратную связь в реальном времени,"I used the free version of Yousician for a while then decided to buy the full package. My daughter uses piano and voice, I use guitar. ... I love this app’s ability to listen to me playing and provide real time feedback",App Store AU (asreviews),https://apps.apple.com/au/app/id959883039,2021-08-28,App Store: 8 крупнейших приложений
71,Yousician,хотят,2,au,неясно,2,Хотят гибкую оплату (пакеты часов) для малообеспеченных,The app now limits free users to 10 minutes a day and that comes with four strident ads about upgrading. ... How about some plans where you can buy hours on the app like a phone plan?,App Store AU (asreviews),https://apps.apple.com/au/app/id959883039,2019-12-05,App Store: 8 крупнейших приложений
72,Yousician,любят,5,au,неясно,3,"Видео + мгновенная обратная связь + геймификация = система, возвращается к ней снова","It has video lessons like many other apps, but also it listens to your play and tempo to provide instant feedback, and the gamification makes it fun. It’s not a gimmick. It’s a learning system that gets to the heart of how people enjoy improving their skills.",App Store AU (asreviews),https://apps.apple.com/au/app/id959883039,2019-06-10,App Store: 8 крупнейших приложений
73,Yousician,хотят,4,au,неясно,3,"Хочет объяснения ошибки, а не просто красный цвет; прослушать, что услышало приложение","Sometimes it will show as red as if I did something wrong, but there’s no way to analyse why the app says it’s wrong. Did I hit it too late? Did I mess up the chord? ... if we could get a way to listen back to what the app heard",App Store AU (asreviews),https://apps.apple.com/au/app/id959883039,2 Sept (год не указан),App Store: 8 крупнейших приложений
74,Yousician,ненавидят,2,au,неясно,2,"Отличная технология распознавания, слабая методика","The engine used to identify the tones generated is absolutely brilliant ... In contrast to the brilliance of the technology behind it, the learning part of the app is absolute garbage from my experience of 6 months using this app.",App Store AU (asreviews),https://apps.apple.com/au/app/id959883039,2022-09-20,App Store: 8 крупнейших приложений
75,Yousician,уходят,3,au,неясно,3,"Отписался: однообразие, застрял между уровнями","I was finding I was playing the same tunes over and over with not a lot of new songs being added, so of course boredom set in, my family were sick of hearing the same stuff so I unsubscribed.",App Store AU (asreviews),https://apps.apple.com/au/app/id959883039,2019-12-31,App Store: 8 крупнейших приложений
76,Yousician,уходят,1,ca,неясно,2,Стало хуже; советует живого педагога,I got worse than i was. It’s way to much money for an app that didn’t seem to be working nor helping me. ... Your better off with a real music teacher,App Store CA (asreviews),https://apps.apple.com/ca/app/id959883039,2019-08-23,App Store: 8 крупнейших приложений
77,Yousician,платят,1,ca,неясно,2,Платил $150 CAD/год и занимался ежедневно ради окупаемости; UGC убрали в дороже тариф,"The yearly sub for one instrument was pricey ($150 CAD), but I committed to using it daily to get the value. However, once the company realized the most popular feature was the user created content, they removed all of it",App Store CA (asreviews),https://apps.apple.com/ca/app/id959883039,2018-11-09,App Store: 8 крупнейших приложений
78,Learn to Sing - Perfect Pitch,платят,4,us,продолжающий,2,"Премиум не оправдывает цену: мало песен, купленные исчезли",It’s been a couple of years and there still aren’t too many song choices. ... I am a premium member and I don’t feel like I’m getting what I paid out of it.,App Store US (asreviews),https://apps.apple.com/us/app/id1409450884,2020-11-14,App Store: 8 крупнейших приложений
79,Learn to Sing - Perfect Pitch,любят,4,us,певец-новичок,2,"Распевки помогают понять, где какая нота в своём голосе",the warm ups are great and just helping me with my scales and learning where each note is in my voice!,App Store US (asreviews),https://apps.apple.com/us/app/id1409450884,2019-08-28,App Store: 8 крупнейших приложений
80,Learn to Sing - Perfect Pitch,платят,4,us,продолжающий,3,Годовая подписка + доплата за распевки; нет инструкций и педагога,I thought I would have access to everything when I paid for the annual subscription. You have to buy the additional warm ups. ... These lessons don’t have any examples or instructions with them. The lessons are better on Yousician where there are instructors,App Store US (asreviews),https://apps.apple.com/us/app/id1409450884,2023-02-13,App Store: 8 крупнейших приложений
81,Learn to Sing - Perfect Pitch,ненавидят,1,us,певец-новичок,2,"Новичку непонятно, какую ноту петь",it’s so confusing because it’s like a piece they are trying to put together with different notes all together and I had no idea what note to sing.,App Store US (asreviews),https://apps.apple.com/us/app/id1409450884,2020-12-31,App Store: 8 крупнейших приложений
82,Learn to Sing - Perfect Pitch,уходят,1,us,неясно,3,"Годовая подписка без ожидаемого контента, поддержка молчит",I paid for the year subscription thinking I would have access to more songs. ... I sent this app an email complaining and asking for a refund a month ago; still no response.,App Store US (asreviews),https://apps.apple.com/us/app/id1409450884,2021-04-23,App Store: 8 крупнейших приложений
83,Learn to Sing - Perfect Pitch,хотят,3,us,певец-новичок,2,"Хотят обучающие видео и советы, а не только упражнения","maybe you can add some videos which help improve your singing in the app, or a list of tips.",App Store US (asreviews),https://apps.apple.com/us/app/id1409450884,2019-07-16,App Store: 8 крупнейших приложений
84,Learn to Sing - Perfect Pitch,хотят,4,gb,продолжающий,2,Хочет тренировку под свой диапазон; заплатил £43 за Erol Singer's Studio и жалеет,"Wish this had a thing to listen to your range before hand, and then customised the training accordingly. I just paid £43 for Erol and slightly regret it as this is cheaper and more what I want.",App Store GB (asreviews),https://apps.apple.com/gb/app/id1409450884,2018-12-19,App Store: 8 крупнейших приложений
85,Learn to Sing - Perfect Pitch,хотят,5,gb,продолжающий,2,Нужна смена тональности под пол/диапазон,"If you are male, (me) and want to practice a song originally sung by a female, you cannot adjust it to your range. Thus, it is either too high or too low.",App Store GB (asreviews),https://apps.apple.com/gb/app/id1409450884,2020-03-21,App Store: 8 крупнейших приложений
86,Learn to Sing - Perfect Pitch,любят,5,gb,певец-новичок,3,Восторг от превращения «из кошачьего хора» в пение,I sang like a a bag of screaming cats and then slowly I practiced my do re me and then did the warm ups in this all and then tried some songs and .... I just cannot believe I’m singing!!!,App Store GB (asreviews),https://apps.apple.com/gb/app/id1409450884,2019-04-03,App Store: 8 крупнейших приложений
87,Learn to Sing - Perfect Pitch,любят,5,gb,певец-новичок,2,Подтверждение прогресса от близкого человека важнее баллов,I’m using it now and if my wife says it’s improved by singing then I know it has!,App Store GB (asreviews),https://apps.apple.com/gb/app/id1409450884,2019-07-28,App Store: 8 крупнейших приложений
88,Learn to Sing - Perfect Pitch,платят,5,ca,неясно,2,Хорошее соотношение цены; ценят запись и переслушивание,I have purchased other training apps for more money that were not as good. Appreciate the vocal warmups and that everything can be recorded and reviewed.,App Store CA (asreviews),https://apps.apple.com/ca/app/id1409450884,2024-01-29,App Store: 8 крупнейших приложений
89,Learn to Sing - Perfect Pitch,ненавидят,3,ca,неясно,2,Неточная оценка высоты тона,The pitch it gave me was wrong because at the same time I had something that was actually true to read my pitch and it gave me 100% and this app gave me 48%.,App Store CA (asreviews),https://apps.apple.com/ca/app/id1409450884,2022-02-15,App Store: 8 крупнейших приложений
90,Learn to Sing - Perfect Pitch,ненавидят,2,au,неясно,2,Обязательная подписка Apple Music сверху — стоп-фактор,"It’s the recurring Apple Music monthly fee that breaks the deal for me and how scungee The choice of free songs, well lost interest.",App Store AU (asreviews),https://apps.apple.com/au/app/id1409450884,2021-02-21,App Store: 8 крупнейших приложений
91,Sing Sharp,платят,4,us,певец-новичок,3,Приложение как замена недоступным урокам за $50; помогает переслушивание записи,"being a novice with little money, this is a gem. I can't afford $50 singing lessons, so I'm left to videos and apps. This has been the best app so far, I'm already improving in tone and breath. It really helps to sing to a song ... and listen back to the recording",App Store US (asreviews),https://apps.apple.com/us/app/id772052329,2017-08-30,App Store: 8 крупнейших приложений
92,Sing Sharp,платят,5,us,певец-новичок,3,Платит за чёткий план: видео-объяснение → упражнение с фидбеком; живой педагог всё равно идеал,"It has a clear set lesson plan, starting with very well made videos that teach, before there are exercises that give you feedback with AI, which is what makes this worth the price. Though I think a real vocal trainer is ideal.",App Store US (asreviews),https://apps.apple.com/us/app/id772052329,2025-07-31,App Store: 8 крупнейших приложений
93,Sing Sharp,любят,5,us,певец-новичок,2,Бесплатная версия с рекламой приемлема; дневной план ~30 мин,The membership is expensive in my opinion but they have a free version where you watch ads in between the exercises and it doesn’t bother me at all ... Each day’s exercises are around 30 minutes but you don’t have to do them all.,App Store US (asreviews),https://apps.apple.com/us/app/id772052329,2024-10-01,App Store: 8 крупнейших приложений
94,Sing Sharp,уходят,2,us,певец-новичок,2,Застряла на упражнении; нет месячного тарифа — не может себе позволить,I cannot seem to master the goo goo lesson I’m at 4 of my best. ... I don’t like that they give you a 3 month or a yearly offer of subscription I can’t afford that right now. I only get paid once per month,App Store US (asreviews),https://apps.apple.com/us/app/id772052329,2023-09-15,App Store: 8 крупнейших приложений
95,Sing Sharp,ненавидят,1,us,неясно,3,Скрытые доплаты за песни после членства,"All the cool songs say Member next to them, implying you pay your $10 and get access. NOT THE CASE! You have spend another $1 per song to buy them from iTunes.",App Store US (asreviews),https://apps.apple.com/us/app/id772052329,2016-11-04,App Store: 8 крупнейших приложений
96,Sing Sharp,ненавидят,3,us,ребёнок-подросток,2,Только 3 настройки диапазона — ребёнку не подходит,"You can adjust the range, but only between three settings ... The first song my kid tried was Joy to the World, and it was either too high or too low and he has a decent vocal range.",App Store US (asreviews),https://apps.apple.com/us/app/id772052329,2017-12-24,App Store: 8 крупнейших приложений
97,Sing Sharp,хотят,4,gb,певец-новичок,3,"Хочет руководство «правильно ли я делаю», а не самостоятельность","As its a tutoring app tho, I think would be better if more tutoring on what I should be doing, not left to do it yourself. I've never recorded or listened to my vocal range nor um'd & ah'd for exercises & would of liked a guide telling me if I'm doing correctly.",App Store GB (asreviews),https://apps.apple.com/gb/app/id772052329,2016-02-20,App Store: 8 крупнейших приложений
98,Sing Sharp,уходят,1,gb,продолжающий,3,Сбой приложения разрушает сложившуюся привычку петь,I have not been able to use the app for about 3 weeks which means my singing habit is disappearing.,App Store GB (asreviews),https://apps.apple.com/gb/app/id772052329,2018-03-05,App Store: 8 крупнейших приложений
99,Sing Sharp,любят,5,gb,продолжающий,2,Визуальная шкала тона помогает контролировать голос,"Voice Trainer has been my go to app for the last 5 years it turned me from a non-singer into a proper singer. This app takes it one stage further, because with the tuning bar, you can learn to control your voice.",App Store GB (asreviews),https://apps.apple.com/gb/app/id772052329,2018-02-14,App Store: 8 крупнейших приложений
100,Sing Sharp,ненавидят,3,gb,неясно,2,Реклама сбивает концентрацию на ноте,"a random annoying voice pops up EVERY time I switch between features! Not only this, but you can't even get rid of it for 5 seconds, by which time you've completely lost where you were singing yourself.",App Store GB (asreviews),https://apps.apple.com/gb/app/id772052329,2017-03-22,App Store: 8 крупнейших приложений
101,Sing Sharp,платят,5,gb,неясно,2,£10/год за точный тюнер-фидбек — «лучшие £10»,Doesn't teach you how to sing but there are loads of free vids on the net. It does tell you if you are singing in tune though. I bought the app for just £10 for a year and no ads. Best £10 I have spent.,App Store GB (asreviews),https://apps.apple.com/gb/app/id772052329,2017-09-14,App Store: 8 крупнейших приложений
102,Sing Sharp,любят,4,au,продолжающий,2,"Ценят методичность, а не «трюки»",This program appears to be a well rounded method of learning rather than many other “gimmicky” styles that I’ve tried.,App Store AU (asreviews),https://apps.apple.com/au/app/id772052329,2025-12-30,App Store: 8 крупнейших приложений
103,Sing Sharp,любят,5,au,певец-новичок,2,"Ощущение игры, но с реальным достижением","It’ easy, fun and the exercises make it feel like you’re playing a game, but you’re actually achieving something.",App Store AU (asreviews),https://apps.apple.com/au/app/id772052329,2023-12-05,App Store: 8 крупнейших приложений
104,Sing Sharp,уходят,1,au,неясно,3,"Готов был платить, но ушёл из-за нечестности про цену","Just once cant you be upfront about cost and don't lie and say it's free, because it isn't, if it wasn't for this entrapping deception I woukd have just joined up ... Dodgy, just be honest, people just get angry and leave like me.",App Store AU (asreviews),https://apps.apple.com/au/app/id772052329,2018-12-12,App Store: 8 крупнейших приложений
105,Sing Sharp,хотят,4,au,певец-новичок,2,Взрослая новичок ожидала пошагового ведения педагогом,Not clear on how to use as l am a novice at both singing and technology ... l thought it was step by step with a teacher guidance.,App Store AU (asreviews),https://apps.apple.com/au/app/id772052329,2020-05-05,App Store: 8 крупнейших приложений
106,Sing Sharp,любят,5,ca,певец-новичок,2,Воспринимает как почти замену вокального коуча,I think I would almost get the same thing out of hiring a vocal coach on this app. ... This app figures everything out for you like if your a mezzo saprano.,App Store CA (asreviews),https://apps.apple.com/ca/app/id772052329,2023-05-27,App Store: 8 крупнейших приложений
107,Sing Sharp,ненавидят,1,ca,неясно,2,Песни недоступны в стране; проверка пианино показала неточность,"most songs aren’t available in Canada- you discover this after buying the app and paying for an Apple Music account. Second, I had a hunch the pitch feedback wasn’t accurate so it tried it with a piano ... it rarely recognized a note correctly.",App Store CA (asreviews),https://apps.apple.com/ca/app/id772052329,2020-12-01,App Store: 8 крупнейших приложений
108,Sing Sharp,любят,5,ca,певец-новичок,2,Надежда на прогресс для неуверенного в себе,"Singing has always been challenging for me, but this app gives me hope that, with practice, I can improve. Vocal Coach makes learning accessible and motivating—even for someone like me who’s never been confident in their singing skills.",App Store CA (asreviews),https://apps.apple.com/ca/app/id772052329,2024-11-03,App Store: 8 крупнейших приложений
109,Vocalista,платят,5,us,продолжающий,3,Подписка окупается при регулярности; решает только интонацию,"You will need to pay for the subscription to use this app to its fullest. However, I feel that it’s worth the price if you use it regularly. While I don’t feel this is a comprehensive solution to learning all of the complex aspects of singing, I do feel it’s exceptionally useful in improving your pitch",App Store US (asreviews),https://apps.apple.com/us/app/id6444087548,2024-07-15,App Store: 8 крупнейших приложений
110,Vocalista,хотят,5,us,продолжающий,3,Хотят делиться результатами для взаимной ответственности,"I’ve got two other guys in my band using it and they love it. We would like to see if there would be a way to share results with each other, for accountability purposes.",App Store US (asreviews),https://apps.apple.com/us/app/id6444087548,2025-06-09,App Store: 8 крупнейших приложений
111,Vocalista,ненавидят,1,us,продолжающий,2,"Приложение видит только высоту, не тембр; живой коуч советует технику","at most it can tell your pitch but it can’t detect your tone or other aspects of your singing voice. ... According to my vocal coach, pitch and all will most of the time improve on its own as your technique does",App Store US (asreviews),https://apps.apple.com/us/app/id6444087548,Feb 21 (год не указан),App Store: 8 крупнейших приложений
112,Vocalista,ненавидят,2,us,певец-новичок,3,"Слишком быстрые упражнения, нет «пути обучения»","most of the exercises are very fast paced. If it was slower and allowed me to really take in the exercise and practice I could make progress. Right now, its like going to a cooking class with a professional chef to learn how to make a dish, but the chef is speed talking",App Store US (asreviews),https://apps.apple.com/us/app/id6444087548,2024-05-28,App Store: 8 крупнейших приложений
113,Vocalista,любят,5,us,певец-новичок,3,Мгновенный фидбек и цели помогли выстроить ежедневную рутину,the immediate feedback while singing as well as the score given after each exercise is very motivating. I feel like I have direction and clear goals. Been using it every day ... as I have always struggled to build consistent practice routines.,App Store US (asreviews),https://apps.apple.com/us/app/id6444087548,2024-03-09,App Store: 8 крупнейших приложений
114,Vocalista,любят,5,us,певец-новичок,2,"Сначала «злое», но ежедневная практика даёт прогресс",Although the app can seem mean at first once you do it every day you get a lot better. I have been doing this for a week and my highest accuracy was 78.,App Store US (asreviews),https://apps.apple.com/us/app/id6444087548,Jun 3 (год не указан),App Store: 8 крупнейших приложений
115,Vocalista,хотят,4,gb,продолжающий,2,Хочет задавать диапазон под свои цели,"I don't particularly care that my natural range is ""bass"", I would like to extend my range and focus on higher areas... I should be able to manually change the range so I can focus on my goals.",App Store GB (asreviews),https://apps.apple.com/gb/app/id6444087548,2023-03-12,App Store: 8 крупнейших приложений
116,Vocalista,ненавидят,1,gb,неясно,3,Вводящий в заблуждение поток оформления годовой подписки,What appears to be access to features or a simple test of functionality can quickly turn into an annual subscription charge without clear emphasis that you are committing to a full-year payment.,App Store GB (asreviews),https://apps.apple.com/gb/app/id6444087548,25 Feb (год не указан),App Store: 8 крупнейших приложений
117,Vocalista,ненавидят,2,gb,неясно,3,Приложение даёт 69% собственной эталонной записи — недоверие к баллам,"I was so frustrated that I was getting 60 percents on higher speeds. So I tested it, and let the app listen to its own recording. Guess what, it scored a 69%, and we’re talking perfect pitch piano.",App Store GB (asreviews),https://apps.apple.com/gb/app/id6444087548,2025-05-02,App Store: 8 крупнейших приложений
118,Vocalista,страх,2,au,продолжающий,3,"Опасение: нет бережных распевок, риск перенапряжения у новичков",multiple concerns about it for beginners or people with vocal strain issues/throat tension. ... There are minimal warms ups here tailored with consideration of how to warm up to prevent vocal strain.,App Store AU (asreviews),https://apps.apple.com/au/app/id6444087548,20 Apr (год не указан),App Store: 8 крупнейших приложений
119,Vocalista,уходят,2,au,педагог,3,Педагог отказался рекомендовать ученикам из-за неточности,Started the free trial to test whether it could be useful for my voice students. It doesn’t detect pitches accurately at all. ... it needs to be at least 90% on for me to continue,App Store AU (asreviews),https://apps.apple.com/au/app/id6444087548,2025-08-03,App Store: 8 крупнейших приложений
120,Vocalista,любят,5,ca,продолжающий,3,Ежедневные распевки дома как дополнение к недоступным ежедневным урокам,found it helped strengthen my voice and improve my range and technique! I love using this app- especially since getting to a vocal lesson in person everyday is a)impossible and b) too expensive.,App Store CA (asreviews),https://apps.apple.com/ca/app/id6444087548,2025-10-08,App Store: 8 крупнейших приложений
121,Vocalista,хотят,2,ca,певец-новичок,3,Хочет поведение «как педагог на уроке»: остановить и повторить фрагмент,"There should be the option to rewind in the exercise so you can repeat the segment before going to the next, instead of just pausing. Just like in a singing lesson if you mess up, the teacher will stop you so you can redo it and get it right before moving on",App Store CA (asreviews),https://apps.apple.com/ca/app/id6444087548,Feb 16 (год не указан),App Store: 8 крупнейших приложений
122,Vocalista,ненавидят,1,ca,певец-новичок,3,"Вердикт «фальшивишь» без обучения обижает; ожидают, что уже умеешь",They were also saying that I was very off pitch in a way that I really didn’t like like I thought we were supposed to learn and they just expect you to be good though,App Store CA (asreviews),https://apps.apple.com/ca/app/id6444087548,Aug 9 (год не указан),App Store: 8 крупнейших приложений
123,Vocalista,ненавидят,1,ca,ребёнок-подросток,2,Оценки воспринимаются как «злые»,It was mean to me and you should never install this app!😡,App Store CA (asreviews),https://apps.apple.com/ca/app/id6444087548,Jul 25 (год не указан),App Store: 8 крупнейших приложений
124,Vocalista,любят,4,ca,певец-новичок,2,Занятие — яркий момент дня,I’ve been enjoying this app greatly and is one of the highlights of my day when I can spend time with it.,App Store CA (asreviews),https://apps.apple.com/ca/app/id6444087548,Sep 4 (год не указан),App Store: 8 крупнейших приложений
125,Vocalista,ненавидят,1,ca,неясно,2,«Всё неправильно» + неверный диапазон,It said I was doing everything incorrectly and wasn’t even following my actual vocal range when I asked for it to be detected,App Store CA (asreviews),https://apps.apple.com/ca/app/id6444087548,Apr 3 (год не указан),App Store: 8 крупнейших приложений
126,Vocal Range Finder - Sing Whiz,любят,4,us,ребёнок-подросток,2,Подготовка к прослушиванию в мюзикл; узнала диапазон,i just started using this app because i want to audition for my schools musical and i have never actually sang professionally. This helped me figure out what my range is.,App Store US (asreviews),https://apps.apple.com/us/app/id1623180736,2025-05-08,App Store: 8 крупнейших приложений
127,Vocal Range Finder - Sing Whiz,ненавидят,2,us,продолжающий,2,Распевки не соответствуют измеренному диапазону,"My lowest note in the app’s vocal range data is D#3, but every warm up it gives me starts on G2. That’s the lowest note I can actually produce, and a minor sixth lower than I can comfortably sing cold.",App Store US (asreviews),https://apps.apple.com/us/app/id1623180736,2023-12-09,App Store: 8 крупнейших приложений
128,Vocal Range Finder - Sing Whiz,ненавидят,2,us,певец-новичок,3,"Балл без объяснения, что улучшать","I can’t seem to score above 70%, and the app never explains why or what needs improvement. The pitch tracking during warm-ups is also inconsistent",App Store US (asreviews),https://apps.apple.com/us/app/id1623180736,Jan 13 (год не указан),App Store: 8 крупнейших приложений
129,Vocal Range Finder - Sing Whiz,ненавидят,3,us,неясно,2,Бесплатно только тест диапазона и одна распевка,"They let you take the vocal range test and do one warm up, how ever many times you want, and that’s it. ... closing it off like how you do only, only serves to decrease the number of users that will want keep your app",App Store US (asreviews),https://apps.apple.com/us/app/id1623180736,2024-02-27,App Store: 8 крупнейших приложений
130,Vocal Range Finder - Sing Whiz,платят,5,us,неясно,2,$50 за полный доступ считают безумием,I found out my vocal range. That’s pretty much all you can do and if you want to do more things you have to pat 50 dollars which is crazy!!,App Store US (asreviews),https://apps.apple.com/us/app/id1623180736,2025-07-12,App Store: 8 крупнейших приложений
131,Vocal Range Finder - Sing Whiz,ненавидят,3,gb,неясно,2,"Приходится «врать» приложению, чтобы распевка подходила",The one warm up you can do that wasn’t behind a paywall wasn’t accurate for the voice range. It said I was an alto but the warm up was so deep I only got it 17% right. I had to change it to mezzo soprano by lying about how deep my voice can actually go,App Store GB (asreviews),https://apps.apple.com/gb/app/id1623180736,2024-03-09,App Store: 8 крупнейших приложений
132,Vocal Range Finder - Sing Whiz,любят,5,gb,продолжающий,1,Проф. вокалист использует для распевок и гамм,This won’t of course turn a bathroom crooner into Sinatra but it is full of handy pointers and vocal exercises.,App Store GB (asreviews),https://apps.apple.com/gb/app/id1623180736,2023-09-26,App Store: 8 крупнейших приложений
133,Vocal Range Finder - Sing Whiz,уходят,1,au,ребёнок-подросток,2,10-летний ребёнок: без премиума нет песен,I was gonna help me with my concerts and practice for singing ... try to find the part when I actually sang songs but you couldn’t unless you had the premium plan,App Store AU (asreviews),https://apps.apple.com/au/app/id1623180736,7 June (год не указан),App Store: 8 крупнейших приложений
134,Vocal Range Finder - Sing Whiz,ненавидят,1,au,неясно,2,Случайная покупка подписки,The subscription was purchased on accident because it’s so easy to ok make purchases these days and I need a refund,App Store AU (asreviews),https://apps.apple.com/au/app/id1623180736,2024-04-20,App Store: 8 крупнейших приложений
135,Vocal Range Finder - Sing Whiz,любят,5,ca,продолжающий,2,Возвращение к пению после перерыва: узнал свою партию,It has been years since I have sang in choirs and my voice was so rusty. I had no idea of the range or what section I should sing. This app helped me discover my range and the exercises are very helpful on voice development.,App Store CA (asreviews),https://apps.apple.com/ca/app/id1623180736,2025-02-28,App Store: 8 крупнейших приложений
136,Vocal Range Finder - Sing Whiz,ненавидят,1,ca,ребёнок-подросток,2,"Родитель: ребёнку дали 30 секунд практики, дальше — оплата",My kid got one practice and than we had to pay for everything else and her practice was 30 seconds it was terrible.,App Store CA (asreviews),https://apps.apple.com/ca/app/id1623180736,2025-05-21,App Store: 8 крупнейших приложений
137,Vocalista,уходят,1,us,продолжающий,3,"Приложения видят только высоту, не тембр и технику; советует YouTube, SOVT-трубочку и хорошего живого педагога онлайн.","These kind of apps are always off on pitch and are very inaccurate, at most it can tell your pitch but it can’t detect your tone or other aspects of your singing voice. … According to my vocal coach, pitch and all will most of the time improve on its own as your technique does … if you can research and find a GOOD vocal coach. I do online lessons, highly recommend.",App Store,https://apps.apple.com/us/app/id6444087548?see-all=reviews,2026-02-21 (год не указан),App Store: нишевые и AI-приложения
138,Vocalista,хотят,5,us,продолжающий,2,"Хочет регулировать темп упражнения и повторять одну тональность, а не сдвигаться после каждого повтора.","the speed should be adjustable for each exercise. Overall, it is a great trainer and great for warmup and exercise. I use it regularly!Also, would love to be able to choose the key to focus on and be able to repeat it over and over rather than a key change after each rep.",App Store,https://apps.apple.com/us/app/id6444087548?see-all=reviews,2026-08-09 (год не указан),App Store: нишевые и AI-приложения
139,Vocalista,ненавидят,2,us,певец-новичок,3,"Ждал ведения по пути обучения, а получил слишком быстрые упражнения без объяснений — ощущение, что ничему не научился.","I expected the app to help me train my voice, and walk me through a vocal training journey. … But most of the exercises are very fast paced. … its like going to a cooking class with a professional chef to learn how to make a dish, but the chef is speed talking while they explain and making the dish while they talk. And I’m copying everything but leave without feeling like I didn’t learn",App Store,https://apps.apple.com/us/app/id6444087548?see-all=reviews,2024-05-28,App Store: нишевые и AI-приложения
140,Vocalista,любят,5,us,певец-новичок,3,Мгновенная обратная связь и баллы мотивируют; есть направление и цели; помогает выстроить регулярную практику.,"This app is super fun and the immediate feedback while singing as well as the score given after each exercise is very motivating. I feel like I have direction and clear goals. Been using it every day and tracking my progress … Apps like these are immensely helpful for me, as I have always struggled to build consistent practice routines.",App Store,https://apps.apple.com/us/app/id6444087548?see-all=reviews,2024-03-09,App Store: нишевые и AI-приложения
141,Vocalista,ненавидят,3,us,неясно,2,"Трекинг голоса глючит — не покупает Plus, пока не починят.",After using the app for 10 mins I had to kill the app 20+ times so the Ai could accurately track my voice and give me an accurate review. The app works for one or two practices but stops giving you accurate feedback. I would like to get the plus version but won’t bother until the bugs are fixed.,App Store,https://apps.apple.com/us/app/id6444087548?see-all=reviews,2025-08-08,App Store: нишевые и AI-приложения
142,Vocalista,любят,5,gb,продолжающий,2,Теория + практика; месяц регулярности даёт заметный результат на выступлениях.,It covers all the techniques in both theory and practicality.Just stay committed for a month and you’ll see improvement in live performances.,App Store,https://apps.apple.com/gb/app/id6444087548?see-all=reviews,2026-09-07 (год не указан),App Store: нишевые и AI-приложения
143,Vocalista,уходят,1,gb,неясно,3,Вводящий в заблуждение пейволл: годовая подписка списана при «просто посмотреть».,The subscription flow is highly misleading. What appears to be access to features or a simple test of functionality can quickly turn into an annual subscription charge without clear emphasis that you are committing to a full-year payment.I did not intend to purchase a yearly plan. I only opened the app to check its features and deleted it the same day.,App Store,https://apps.apple.com/gb/app/id6444087548?see-all=reviews,2026-02-25 (год не указан),App Store: нишевые и AI-приложения
144,Vocalista,хотят,3,gb,продолжающий,1,"Нужно больше разнообразия упражнений (темпы, слоги, лады, арпеджио, ритмы).",First impressions are great but the library needs expanding !! If you add more excercises. Just any variety of speed/Word/syllables/scales/modes/arpeggios/rhythms etc. it could be a SUPER app !!!,App Store,https://apps.apple.com/gb/app/id6444087548?see-all=reviews,2025-12-17,App Store: нишевые и AI-приложения
145,Vocalista,ненавидят,1,gb,неясно,2,Бесплатный триал фактически не дали — сразу требовали оплату.,I opted for the 7 day free trial but guess what! As soon as I accepted the free trial the app glitched and seconds after I can only have full access if I buy the yearly or monthly plan. What is the point in offering a free trial if you’re not actually gonna give it?,App Store,https://apps.apple.com/gb/app/id6444087548?see-all=reviews,2024-08-21,App Store: нишевые и AI-приложения
146,Vocalista,страх,2,au,продолжающий,3,Опасение за здоровье голоса: мало щадящих распевок против перенапряжения; неверно определён тип голоса.,I tried this and had multiple concerns about it for beginners or people with vocal strain issues/throat tension . I’ve had my vocal range professionally assessed as mezzo soprano. The app detected me as way off this. There are minimal warms ups here tailored with consideration of how to warm up to prevent vocal strain.,App Store,https://apps.apple.com/au/app/id6444087548?see-all=reviews,2026-04-20 (год не указан),App Store: нишевые и AI-приложения
147,Vocalista,ненавидят,1,au,продолжающий,2,Автоопределение голоса ошибочно (сопрано → баритон); микрофон ловит тиканье часов.,"The autodetect placed me as a baritone and then as a Rennie. Meanwhile I can hit higher than the soprano scale it has because I sing soprano regularly … The ""on pitch"" guide would be ok if it wasn't also throwing in things like the pitch of the clock in my room ticking.",App Store,https://apps.apple.com/au/app/id6444087548?see-all=reviews,2025-07-27,App Store: нишевые и AI-приложения
148,Vocal Range Finder - Sing Whiz,ненавидят,1,au,ребёнок-подросток,2,10-летний ребёнок: после одного упражнения всё за подпиской.,"i’m only very young 10 years old … I did a quick vocal check I’m a soprano, but then I did one singing warmup and then like a breathing exercise and try to find the part when I actually sang songs but you couldn’t unless you had the premium plan that you have to pay for monthly or yearly",App Store,https://apps.apple.com/au/app/id1623180736?see-all=reviews,2026-06-07 (год не указан),App Store: нишевые и AI-приложения
149,Vocal Range Finder - Sing Whiz,ненавидят,1,au,неясно,3,Бесплатно — одно вокальное и одно дыхательное упражнение; без премиума бесполезно.,There is only one singing practise and one breathing exercise available. I think the app is not very usable without the premium features which is very frustrating. I will not be paying and want to see more free-friendly options.,App Store,https://apps.apple.com/au/app/id1623180736?see-all=reviews,2024-05-13,App Store: нишевые и AI-приложения
150,Vocal Range Finder - Sing Whiz,хотят,2,au,продолжающий,1,Низкие басы не распознаются ниже C2.,"My range is from a Bb1 to a F5, but whenever I sing a B or a Bb below C2 it registers as a C2. Would be nice to update the vocal range for bassists",App Store,https://apps.apple.com/au/app/id1623180736?see-all=reviews,2024-09-07,App Store: нишевые и AI-приложения
151,Vocal Range Finder - Sing Whiz,ненавидят,3,gb,неясно,2,"Неверный тип голоса; пришлось «врать» о диапазоне, чтобы распевка подошла.",I don’t think this app accurately tells you your vocal range. The one warm up you can do that wasn’t behind a paywall wasn’t accurate for the voice range. It said I was an alto but the warm up was so deep I only got it 17% right. I had to change it to mezzo soprano by lying about how deep my voice can actually go,App Store,https://apps.apple.com/gb/app/id1623180736?see-all=reviews,2024-03-09,App Store: нишевые и AI-приложения
152,Vocal Range Finder - Sing Whiz,любят,5,gb,продолжающий,2,Профи использует как инструмент для гамм и распевок; реалистичные ожидания — это не превратит любителя в Синатру.,"even for a pro cabaret vocalist like me, I use this app to practice scales and vocal warm ups and it’s handy for gauging your range … This won’t of course turn a bathroom crooner into Sinatra but it is full of handy pointers and vocal exercises.",App Store,https://apps.apple.com/gb/app/id1623180736?see-all=reviews,2023-09-26,App Store: нишевые и AI-приложения
153,Vocal Range Finder - Sing Whiz,платят,3,gb,ребёнок-подросток,1,Ценность премиума — песни и певцы под свой диапазон плюс упражнения; но хочется дешевле.,If you are a real singer who loves singing definitely worth paying because it tell you songs in you’re vocal range and singers. It also tells you excercisea to do for you’re voice wish was cheaper or free tho,App Store,https://apps.apple.com/gb/app/id1623180736?see-all=reviews,2024-04-30,App Store: нишевые и AI-приложения
154,Vocal Range Finder - Sing Whiz,ненавидят,2,gb,ребёнок-подросток,2,Кроме определения диапазона всё платно и дорого.,The app is fine to fine your range but everything else you have to pay for and it’s pretty expensive ngl … there is one breathing a vocal exercise that is free but that’s it and the exercises aren’t even that good,App Store,https://apps.apple.com/gb/app/id1623180736?see-all=reviews,2024-09-08,App Store: нишевые и AI-приложения
155,Vocal Range Finder - Sing Whiz,ненавидят,3,us,ребёнок-подросток,2,"Подросток поёт в группе, практиковаться одному трудно; оба приложения «обманули» — почти ничего бесплатно.","I sing for my youth group and for a praise band at my school, and it can be hard trying to practice on my own for singing. I got two singing apps hoping it would help me, but both tricked me where I can do very little for free. … being as a teenage and not being able to pay for a app is very hard.",App Store,https://apps.apple.com/us/app/id1623180736?see-all=reviews,2024-12-16,App Store: нишевые и AI-приложения
156,Vocal Range Finder - Sing Whiz,ненавидят,2,us,продолжающий,3,Балл без объяснения «почему и что улучшить»; скачущий трекинг портит оценки.,"the breath work is frustrating. I can’t seem to score above 70%, and the app never explains why or what needs improvement. The pitch tracking during warm-ups is also inconsistent — the tracking ball will suddenly jump very high or very low even when I’m not singing those notes, which leads to poor scores and repeated practice.",App Store,https://apps.apple.com/us/app/id1623180736?see-all=reviews,2026-01-13 (год не указан),App Store: нишевые и AI-приложения
157,Vocal Range Finder - Sing Whiz,хотят,1,us,ребёнок-подросток,2,"Ребёнок хочет бесплатные ежедневные задания, популярные песни, ежедневный вход (геймификация).",I want a free singing app not a money infested singing app so please fix this at least make a few like popular songs like money or something. We have to get premium or make like daily things free at least and also make a daily login,App Store,https://apps.apple.com/us/app/id1623180736?see-all=reviews,2026-06-26 (год не указан),App Store: нишевые и AI-приложения
158,Vocal Range Finder - Sing Whiz,любят,5,us,певец-новичок,2,"Перед прослушиванием: сразу диапазон, ежедневный набор упражнений, пример перед исполнением.","I have auditions coming up and I wanted to get my voice in shape, and prepared. … It told my my vocal range right away, and gives me daily exercises, including warmups, pitch accuracy, breath work and a few more. It tracks your voice and gives points for hitting the correct notes, and also has examples before you sing so you know what to expect.",App Store,https://apps.apple.com/us/app/id1623180736?see-all=reviews,2024-04-09,App Store: нишевые и AI-приложения
159,Vocal Range Finder - Sing Whiz,любят,5,us,продолжающий,1,"Пение как снятие стресса, семейная традиция; радуется, что голос вырос до сопрано.","I will continue singing because singing is my stress relief and since I was a kid I have been singing and I guess it runs in my family, we just love to sing.",App Store,https://apps.apple.com/us/app/id1623180736?see-all=reviews,2023-09-14,App Store: нишевые и AI-приложения
160,SingTrue,ненавидят,4,au,певец-новичок,2,Механика «жизней» обрывает практику в момент вовлечённости.,"i was a bit put off by the lives feature. … I click try again and suddenly it says: No lives left. No one really even has the money for those in-app purchases, yet no one wants to wait like a whole other hour to use it. People just want to sing.",App Store,https://apps.apple.com/au/app/id914239183?see-all=reviews,2019-07-28,App Store: нишевые и AI-приложения
161,SingTrue,уходят,4,au,певец-новичок,2,Контент закончился — делать нечего; хотят песни для практики.,Really enjoyed this app until I finished the modules. There’s nothing I can really do now except wait. I think a few practice songs would make this app really great,App Store,https://apps.apple.com/au/app/id914239183?see-all=reviews,2020-12-31,App Store: нишевые и AI-приложения
162,SingTrue,уходят,3,au,певец-новичок,3,Бросил: приложение наказывает за плохое пение — это противоречит цели поддержать и научить.,stopped using because of lives feature … the app punishes you for not singing well. which seems neurologically counterproductive seeing its whole existence is trying to help and encourage you to be better at singing.,App Store,https://apps.apple.com/au/app/id914239183?see-all=reviews,2022-08-01,App Store: нишевые и AI-приложения
163,SingTrue,ненавидят,3,au,певец-новичок,3,«Это не игра» — отторжение игровых ограничений в учебном продукте.,"needing to refill ‘lives’ to use this app constantly is ridiculous. ‘Lives’? This isn’t a game. I want to train my voice and this app doesn’t allow me to do that for as long as I want,",App Store,https://apps.apple.com/au/app/id914239183?see-all=reviews,2018-12-27,App Store: нишевые и AI-приложения
164,SingTrue,любят,5,au,продолжающий,2,"Опытная хористка обнаружила, что часто поёт ниже ноты, — полезное открытие.","I'm a relatively experienced choral singer - horrified to find out how frequently I'm under (not a lot under, but still under). Very useful training opportunity.",App Store,https://apps.apple.com/au/app/id914239183?see-all=reviews,2017-08-11,App Store: нишевые и AI-приложения
165,SingTrue,страх,5,gb,певец-новичок,3,"Пенсионерку педагог назвал «без слуха»; тест показал обратное, в приложении пошёл прогресс. Страх «нет слуха» и травма от учителя.","I have always wanted to learn to sing, but was written off at a young age. After taking early retirement, I decided to take lessons. However, the teacher I went to told me she couldn’t help me because I was tone deaf. I was devastated!I found an app that tested if you were tone deaf. I took the test, and got 91% - definitely not tone deaf. This app then pointed me on to Sing True.",App Store,https://apps.apple.com/gb/app/id914239183?see-all=reviews,2019-10-03,App Store: нишевые и AI-приложения
166,SingTrue,любят,5,gb,певец-новичок,2,Формат коротких задач легко встраивается в повседневную жизнь.,"This is a fun way to practice the basics. I don't expect it to make me a pro, but I've noticed an improvement in my casual singing. The format of an app with tasks makes it easy to slot practice into everyday life.",App Store,https://apps.apple.com/gb/app/id914239183?see-all=reviews,2017-02-12,App Store: нишевые и AI-приложения
167,SingTrue,ненавидят,1,gb,педагог,2,"Педагог: задания не соответствуют обещанию рекламы, для учеников не подошло.",I’m a professional singer and tried this App in relation to my teaching. I thought it would help students achieve feedback on whether they can sing back a pitch played to them. The tasks were not related to that- but the advertising suggests that it does.,App Store,https://apps.apple.com/gb/app/id914239183?see-all=reviews,2019-09-28,App Store: нишевые и AI-приложения
168,SingTrue,платят,5,gb,ребёнок-подросток,2,Платит £2.99 разово за бесконечные жизни; ценит ободряющие сообщения даже при провале.,you only have 3 lives and once you've used them up you just have to wait for a while. It is worth buying infinite lives for £2.99 so you can carry on practicing. … It also gives encouraging messages even if you do terribly!,App Store,https://apps.apple.com/gb/app/id914239183?see-all=reviews,2019-12-12,App Store: нишевые и AI-приложения
169,SingTrue,любят,5,gb,продолжающий,3,3 минуты в день 18 месяцев — сильный прогресс в интонации; педагоги обычно не «дрессируют» чистоту — приложение закрывает этот пробел.,"I use this app daily for 3 minutes to help correct my intonation (pitch accuracy). This was because I had never played an instrument before and vocal coaches do not generally drill pitch. … I have improved a lot having used this for approx 18 months, just stick to a daily routine and the results will come",App Store,https://apps.apple.com/gb/app/id914239183?see-all=reviews,2020-04-26,App Store: нишевые и AI-приложения
170,SingTrue,любят,5,gb,певец-новичок,2,"Первый чисто спетый звук — «никогда не думала, что смогу»; очень вдохновляет.",Just a few days of playing with the app a bit now and then I’ve actually been able to produce a note with the right pitch. Never thought I could and I can’t do it consistently yet but it’s mega encouraging to find I can do it at all.,App Store,https://apps.apple.com/gb/app/id914239183?see-all=reviews,2018-04-08,App Store: нишевые и AI-приложения
171,SingTrue,страх,3,gb,певец-новичок,2,"Не хочет, чтобы все слышали её пение; вынужденный шеринг блокирует прогресс.","you cannot achieve more levels unless you share your notes, but I also do not want everyone to hear me singing, so then now, I cannot get more levels or level up.",App Store,https://apps.apple.com/gb/app/id914239183?see-all=reviews,2019-02-24,App Store: нишевые и AI-приложения
172,SingTrue,любят,5,us,певец-новичок,3,Практика наедине без страха чужого осуждения; строит уверенность для пения при людях.,"This app is a great way to get real life feedback on your musical improvement without the intimidating judgements, or perception of negative judgments from others on your abilities. It's great to be able to practice completely alone and still get relevant feedback on your progress. This is a tool to also build the confidence you need to sing in front of others.",App Store,https://apps.apple.com/us/app/id914239183?see-all=reviews,2017-02-01,App Store: нишевые и AI-приложения
173,SingTrue,любят,5,us,певец-новичок,2,Для серьёзных новичков — основы слуха и интонации; развлечения тут меньше.,I highly recommend this app to absolute beginners for developing your ear and training your voice to accurately produce musical notes. There ARE apps that are a little more fun to “play” so if you’re you’re more interested in entertaining yourself than training then this app might not satisfy you.,App Store,https://apps.apple.com/us/app/id914239183?see-all=reviews,2021-12-28,App Store: нишевые и AI-приложения
174,SingTrue,любят,5,us,караоке-соцсеть,3,"Пользователь Smule пришёл учиться; маленькие шаги дали и прогресс, и уверенность.","My family has been singing on Smule, working on getting better, I felt I needed help to get there … I’m already able to notice a difference, not just with song, but with some confidence too. I always said “I can’t carry a tune in a bucket” but I can! All the little steps are for a reason.",App Store,https://apps.apple.com/us/app/id914239183?see-all=reviews,2019-10-09,App Store: нишевые и AI-приложения
175,SingTrue,ненавидят,3,us,певец-новичок,2,Покупка модулей поштучно при обещании «бесплатно» — воспринимается как нечестность.,"when I tried to do some others, the app said I had to buy them all, one buy one, which is awfully expensive and simply dishonest because in the description of the app they claim that everything is for free. Just when you get started",App Store,https://apps.apple.com/us/app/id914239183?see-all=reviews,2019-08-22,App Store: нишевые и AI-приложения
176,SingTrue,уходят,2,us,певец-новичок,3,"Уже заплатил за модули, но «жизни» всё равно обрывают практику — ощущение развода.","Been using this app for a little while and have gotten something out of it, even bought the extra modules. But I’ve just about had enough of it telling me I’m out of lives and need to ‘take a break’, unless I want to pay some more, of course. I’ll be ready to practice and get started and ten minutes later I’m cut off.",App Store,https://apps.apple.com/us/app/id914239183?see-all=reviews,2022-03-07,App Store: нишевые и AI-приложения
177,SingTrue,страх,4,us,ребёнок-подросток,2,Давление оценки («звезда») мешает петь — теряет высоту от напряжения.,I was doing the long note though and felt pressured to do it right for a star because of this though I lost my pitch and went off … I feel it should be less pressured and thee shouldn’t be lives,App Store,https://apps.apple.com/us/app/id914239183?see-all=reviews,2020-05-28,App Store: нишевые и AI-приложения
178,Riyaz,уходят,1,us,продолжающий,2,"Проблемы с биллингом: деньги списываются, подписка не активируется.","Do not subscribe this app, rather buy every year if you have to. I have been using this aap for past three years. Every year they take money (auto deduct) and then subscription does not auto renew. And then I have to chase them for weeks to get it sorted.",App Store,https://apps.apple.com/us/app/id1341595277?see-all=reviews,2024-01-07,App Store: нишевые и AI-приложения
179,Riyaz,уходят,1,us,неясно,2,"Оригинальные песни заменены каверами — чувство обмана, отмена годовой подписки.","After purchasing yearly subscription i see that original songs are substituted by recorded version from other people. Don’t like this at all!!! Cancelled the subscription but cant get my money back, hardly used it for a month, feel cheated.",App Store,https://apps.apple.com/us/app/id1341595277?see-all=reviews,2022-05-24,App Store: нишевые и AI-приложения
180,Riyaz,любят,5,us,продолжающий,2,Возвращение к пению после перерыва — легко учить раги и дыхание.,"I used to sing when younger but I stopped practicing. The app makes it so easy to learn raagas and practice breath capacity, I’m excited to get back into it after all these years.",App Store,https://apps.apple.com/us/app/id1341595277?see-all=reviews,2020-06-30,App Store: нишевые и AI-приложения
181,Riyaz,хотят,4,us,певец-новичок,2,Не хватает комментариев эксперта (живого человека).,"Still on basic, no expert comments",App Store,https://apps.apple.com/us/app/id1341595277?see-all=reviews,2021-04-21,App Store: нишевые и AI-приложения
182,Riyaz,ненавидят,2,us,продолжающий,2,Обновление стёрло прогресс — начинает с урока 1.,Before the recent update the app was great and my previous progress is gone in Yaman and now after the update it just keeps starting me over at lesson 1 alankar over and over again,App Store,https://apps.apple.com/us/app/id1341595277?see-all=reviews,2020-12-19,App Store: нишевые и AI-приложения
183,Riyaz,любят,5,gb,продолжающий,2,Ежедневная часовая практика индийского классического вокала.,I am learning Indian Classical and this app help me so much everyday. I practice daily for 1hour and so good.,App Store,https://apps.apple.com/gb/app/id1341595277?see-all=reviews,2020-10-10,App Store: нишевые и AI-приложения
184,Riyaz,уходят,2,gb,певец-новичок,2,Нет ощущения прогресса — фрустрация.,When I downloaded this app I thought it would help me and teach me how to sing but this is so frustrating for me no matter how I try I have no progress with this.,App Store,https://apps.apple.com/gb/app/id1341595277?see-all=reviews,2023-01-06,App Store: нишевые и AI-приложения
185,Riyaz,хотят,3,gb,ребёнок-подросток,1,"Хочет западные жанры: поп, мюзикл, рэп.",It’s ok but there’s no other options Im what you want to sing like I’m not a country fan nor I speak another language not being rude but pls can you add more options like pop musical theatre rap,App Store,https://apps.apple.com/gb/app/id1341595277?see-all=reviews,2024-07-23,App Store: нишевые и AI-приложения
186,Riyaz,ненавидят,1,au,певец-новичок,2,Не учитывает тип голоса — гамма слишком низкая; рассинхрон записи.,"it doesn't ask what type of singer you are, then makes you do a scale that's too low for your voice. The audio recording is out of time, and says you need to try when you did, the app was out of time.",App Store,https://apps.apple.com/au/app/id1341595277?see-all=reviews,2018-06-27,App Store: нишевые и AI-приложения
187,SWIFTSCALES Vocal Trainer,платят,5,us,продолжающий,3,$4 разово без рекламы — окупилось за день; диапазон вырос почти на октаву.,"At four dollars for add free use, don’t waste your time trying to deal with the add one like I did. After just a day I felt like I got my money’s worth. … With a few months use my range has expanded by almost a whole octave.",App Store,https://apps.apple.com/us/app/id1079277628?see-all=reviews,2025-03-03,App Store: нишевые и AI-приложения
188,SWIFTSCALES Vocal Trainer,платят,5,us,продолжающий,3,5 лет практики в машине по дороге на работу; ценит разовую оплату $3.99 без подписки.,I’ve been using this app for five years and is largely responsible for my progression with singing as I’m driving to and from work. … it’s also amazing that I can pay 399 and make all the ads go away forever with no subscription.,App Store,https://apps.apple.com/us/app/id1079277628?see-all=reviews,2023-11-01,App Store: нишевые и AI-приложения
189,SWIFTSCALES Vocal Trainer,любят,5,us,продолжающий,2,"Ежедневная рутина всегда с собой; честная модель — бесплатно всё, $4 за отключение рекламы.","This app should be in every would-be singer (and experienced singer’s) toolbox. The free version has it all, but for four bucks you can get rid of the ads and you’ve got your daily practice routine available to you everywhere your phone goes.",App Store,https://apps.apple.com/us/app/id1079277628?see-all=reviews,2024-10-18,App Store: нишевые и AI-приложения
190,SWIFTSCALES Vocal Trainer,любят,5,us,продолжающий,3,"Ученик педагога: приложение — недорогое дополнение к урокам, улучшает упражнения на занятиях. Уроки нужны «для безопасности».","Voice lessons can be costly at times, but most definitely a necessity for safety and improvements. I'm someone who's been doing lessons for years and needed something extra that wouldn't burn a hole in my pocket and I am loving this! … I practice my scales and it helps improve my exercises in class.",App Store,https://apps.apple.com/us/app/id1079277628?see-all=reviews,2018-01-15,App Store: нишевые и AI-приложения
191,SWIFTSCALES Vocal Trainer,ненавидят,2,us,неясно,2,Запутанный интерфейс: практика и справка перемешаны.,"You guys need some user testing. UI/UX work. … Group all exercises together “practice” and static info in another spot like under “reference“. Right now it’s all mixed. And the fact that u need this many demo vids proves you need to work more on “SHOW, not tell”.",App Store,https://apps.apple.com/us/app/id1079277628?see-all=reviews,2019-06-04,App Store: нишевые и AI-приложения
192,SWIFTSCALES Vocal Trainer,ненавидят,2,gb,неясно,1,"Не объясняет, как пользоваться; отсылает на сайт.",Doesn’t explain how it works properly and keeps sending you to the web page to read more.,App Store,https://apps.apple.com/gb/app/id1079277628?see-all=reviews,2019-10-03,App Store: нишевые и AI-приложения
193,SWIFTSCALES Vocal Trainer,любят,5,au,продолжающий,1,Ценят возможность создавать свои гаммы.,You can create your own scales. It's awesome,App Store,https://apps.apple.com/au/app/id1079277628?see-all=reviews,2018-03-11,App Store: нишевые и AI-приложения
194,Sing Harmonies,любят,5,us,продолжающий,3,"Держать свою партию в многоголосии: выключаешь остальные голоса, потом постепенно добавляешь.","As someone who *can* sing harmony but struggles to hold my part, this is an amazing app. I start by turning off all the other parts and just learn mine. Then I turn on the lead at lower volume while keeping my part at full.",App Store,https://apps.apple.com/us/app/id378913608?see-all=reviews,2020-10-24,App Store: нишевые и AI-приложения
195,Sing Harmonies,любят,5,us,продолжающий,2,Гитарист готовится петь бэки в группе — нужна самостоятельная практика до выхода к людям.,"I’m a guitarist, and really want to work on my harmony vocals. I looked around A LOT, trying to find good ways to practice on my own, because I need to build my chops before I’ll feel comfortable singing with the others in my band.",App Store,https://apps.apple.com/us/app/id378913608?see-all=reviews,2020-11-26,App Store: нишевые и AI-приложения
196,Sing Harmonies,любят,5,us,педагог,2,"Учитель без нотной грамоты учит партии, чтобы вести класс.","I use this wonderful app to learn harmony parts to teach my class. I cannot read music so this is super helpful, and easy to use. Nice selection of kid friendly songs.",App Store,https://apps.apple.com/us/app/id378913608?see-all=reviews,2018-03-12,App Store: нишевые и AI-приложения
197,Sing Harmonies,любят,5,us,певец-новичок,2,"Замена хору для тех, кто не пел в школьном/церковном хоре.","If you never got the chance to join a school/church choir and learn to harmonize, this is your saving grace!",App Store,https://apps.apple.com/us/app/id378913608?see-all=reviews,2025-04-15,App Store: нишевые и AI-приложения
198,Sing Harmonies,ненавидят,1,us,неясно,2,"Маленький каталог, песни поштучно; репертуар не тот.","You need to purchase songs individually, but the problem is there are very few songs that can be purchased. Two thirds of the songs are public domain Christian songs/carols. This is not a viable app until the user can purchase more songs.",App Store,https://apps.apple.com/us/app/id378913608?see-all=reviews,2021-01-17,App Store: нишевые и AI-приложения
199,Sing Harmonies,хотят,3,gb,неясно,2,"Хотят текст синхронно, обратную связь по высоте и запись себя.","- Need to provide the lyrics and synch them with the song, karaoke style.- There are only 3 songs provided, which is is very meagre.- Need to provide feedback on accuracy of the singer's pitch.- Need to be able to record one's efforts.",App Store,https://apps.apple.com/gb/app/id378913608?see-all=reviews,2011-08-15,App Store: нишевые и AI-приложения
200,Sing Harmonies,платят,4,gb,педагог,2,Хормейстер: полезно для обучения партиям; раздражает оплата каждого трека.,I am a professional musician (vocalist) and teach choirs within my work and this app is great for teaching harmonies and allows you to isolate different harmonies.The down side is you just get 4 songs with the app and have to pay for each track after that.,App Store,https://apps.apple.com/gb/app/id378913608?see-all=reviews,2017-07-24,App Store: нишевые и AI-приложения
201,Singing Coach AI,ненавидят,2,us,неясно,3,Платный AI-балл не отличает пение от «козьего» голоса — оценке не верит.,I paid the subscription for this but the scoring is unreliable. I tested it by making genuine singing attempts then trying the same songs again in a raspy talking voice or in a goat voice and it gave me the same ratings or 1-2 points off. One real attempt scored 75% vs 73% for my fake attempt. Can’t distinguish a genuine attempt and a goat singing.,App Store,https://apps.apple.com/us/app/id6752552523?see-all=reviews,2026-09-06 (год не указан),App Store: нишевые и AI-приложения
202,Singing Coach AI,уходят,1,us,певец-новичок,3,Новичку AI-бот не может упростить объяснения; цена не оправдана.,"If you’re a beginner, don’t waste your money. You’ll need intermediate musics knowledge. The ai bot can not breakdown or simplify instructions in order to understand the assignment. … For an AI powered app it’s not with the current price.",App Store,https://apps.apple.com/us/app/id6752552523?see-all=reviews,2026-05-26 (год не указан),App Store: нишевые и AI-приложения
203,Singing Coach AI,ненавидят,3,us,ребёнок-подросток,2,"AI-коуч забывает контекст, путает песню — обратная связь ложная; раздражает лимит без оплаты.",the ai singing coach is super glitchy and always forgets things you sent and answers previous questions multiple times also when I record a song they always assume some random song instead of the song I was singing so a lot of the time the feedback is false,App Store,https://apps.apple.com/us/app/id6752552523?see-all=reviews,2026-02-12 (год не указан),App Store: нишевые и AI-приложения
204,Singing Coach AI,любят,4,us,неясно,2,Нравится разбор конкретных мест песни и советы с видео.,gave really accurate feedback and really cool if you want help figuring out specific parts of the song you need improvement on and will give you advice with videos you can watch to improve your voice.,App Store,https://apps.apple.com/us/app/id6752552523?see-all=reviews,2026-02-15 (год не указан),App Store: нишевые и AI-приложения
205,Singing Coach AI,ненавидят,1,us,неясно,2,AI хвалит «голос» даже на записи обычной речи — пустая лесть.,just for fun uploaded just me talking and it kept commenting on how music artists were great songs and how my voice was great when I was texting it through the thing,App Store,https://apps.apple.com/us/app/id6752552523?see-all=reviews,2025-12-05,App Store: нишевые и AI-приложения
206,Singing Coach AI,уходят,1,us,неясно,2,"Приложение перестало работать после оплаты года, поддержки нет.",The app is no longer working. And I paid for a years subscription. Can’t get ahold of anyone to refund my money,App Store,https://apps.apple.com/us/app/id6752552523?see-all=reviews,2026-08-15 (год не указан),App Store: нишевые и AI-приложения
207,Singing Coach AI,хотят,5,gb,продолжающий,1,Нет классификации альт/контральто — песни не совпадают с голосом.,"it only provides soprano or mezzo-soprano classifications for women. Many female singers identify as alto or contralto, so the current options don’t reflect the diversity of female voice types.",App Store,https://apps.apple.com/gb/app/id6752552523?see-all=reviews,2026-07-11 (год не указан),App Store: нишевые и AI-приложения
208,Singing Coach AI,уходят,1,gb,ребёнок-подросток,3,Эйфория первого дня → лимит 3 в день + неточный коучинг → демотивация при каждом открытии.,"isnt good for long term use. Only a day or 2, frustrating and sometimes inaccurate. … When I first got this app I felt like I was improving so much and I was but then you only got like 3 a day or whatever it was then you had to pay. Whenever I did the coaching it never listened to my requests or got lyrics wrong, every time I opened the app I felt unmotivated.",App Store,https://apps.apple.com/gb/app/id6752552523?see-all=reviews,2026-05-14 (год не указан),App Store: нишевые и AI-приложения
209,Singing Coach AI,ненавидят,3,au,ребёнок-подросток,2,"«Хочу учиться петь, а не платить за пение» — лимиты везде.","Bruh, I wanna learn to sing, not pay to sing. Stop adding limits to EVERYTHING",App Store,https://apps.apple.com/au/app/id6752552523?see-all=reviews,2026-07-31 (год не указан),App Store: нишевые и AI-приложения
210,BeVocal: Singing tutor,ненавидят,3,us,ребёнок-подросток,2,"Показывает попадание в ноты, но не учит петь; мало песен.","it is great telling u if u are not on the right note which is awesome, but if u are wanting to learn singing this is not the place. This app is for people who want to sing specific songs on the correct notes, not for people who want to LEARN singing. It really does not have that many songs either.",App Store,https://apps.apple.com/us/app/id6744920031?see-all=reviews,2026-08-07 (год не указан),App Store: нишевые и AI-приложения
211,BeVocal: Singing tutor,уходят,3,us,певец-новичок,2,Новичку не помогло — «так и не умею петь».,I never knew how to sing and still dont. This app does not help for beginners like me.,App Store,https://apps.apple.com/us/app/id6744920031?see-all=reviews,2025-07-05,App Store: нишевые и AI-приложения
212,BeVocal: Singing tutor,ненавидят,3,au,ребёнок-подросток,2,Разные приложения дают разный тип голоса; песни выше удобного; из Simply Sing ушла из-за оплаты.,the vocal range finder is not accurate because I got Mezzo and all songs are slightly higher then my vocal range and the app SimplySings vocal range finder gave me Alto and that I was comfortable with but I didn’t stick with that app because I had to pay,App Store,https://apps.apple.com/au/app/id6744920031?see-all=reviews,~2026-09-20 («6 days ago»),App Store: нишевые и AI-приложения
213,BeVocal: Singing tutor,любят,5,gb,неясно,2,Стало комфортнее петь при людях.,Best app I’ve ever got loving it it made me sooooo much more comfortable singing with people,App Store,https://apps.apple.com/gb/app/id6744920031?see-all=reviews,2026-06-20 (год не указан),App Store: нишевые и AI-приложения
214,Learn to Sing - Perfect Pitch (ex-Sing Sharp/Singing Bot),уходят,1,us,неясно,2,Оплатил год ради песен — песен нет; «развод».,"Whatever you do, DO NOT PAY FOR THIS APP! It is a total rip off. I paid for the year subscription thinking I would have access to more songs. … I also thought I would access to the “More Songs” section, NOPE! NOTHING AVAILABLE.",App Store,https://apps.apple.com/us/app/id1409450884?see-all=reviews,2021-04-23,App Store: нишевые и AI-приложения
215,Learn to Sing - Perfect Pitch (ex-Sing Sharp/Singing Bot),ненавидят,1,gb,неясно,2,Бесплатная версия с рекламой не убеждает подписаться; нельзя работать со своей музыкой.,"The free play of this app does nothing to induce a person to subscribe — the pop up ads are a killer. Not being able to work with your own music collection effectively, is something of a waste",App Store,https://apps.apple.com/gb/app/id1409450884?see-all=reviews,2020-08-30,App Store: нишевые и AI-приложения
216,Sing bot — learn to sing,платят,4,us,продолжающий,3,Оправдывает подписку сравнением с частными уроками $60–130/час.,"The subscription is less than lunch, and let’s be honest, your headphone microphone probably isnt a top quality input. For private lessons, youd have to pay anywhere from $60-$130 just for the hour. Here an hour of lesson is ~<$0.10.",App Store,https://apps.apple.com/us/app/id1295721027?see-all=reviews,2018-08-07,App Store: нишевые и AI-приложения
217,Sing bot — learn to sing,ненавидят,4,us,неясно,2,Звук «ошибки» (скретч пластинки) раздражает и сбивает.,"there's this record scratch noise that plays whenever you mess up and for an app teaching you how to sing, they sure love to distract you with this feature. I wish we could silent it somehow",App Store,https://apps.apple.com/us/app/id1295721027?see-all=reviews,2019-08-02,App Store: нишевые и AI-приложения
218,Sing bot — learn to sing,уходят,2,gb,певец-новичок,3,"Обещают «научим петь», но пройти дальше можно только идеально попадая; звук ошибки демотивирует.",This is advertised as “learn how to sing” but really it’s for people who already know how to sing. Because you need to hit the notes perfectly otherwise you can’t carry on with the next lessons.Also that sound it makes when you make a mistake is really annoying and demotivating.,App Store,https://apps.apple.com/gb/app/id1295721027?see-all=reviews,2019-01-15,App Store: нишевые и AI-приложения
219,Sing bot — learn to sing,любят,5,gb,певец-новичок,3,"Единственное, что помогло петь регулярно после многих попыток; но дорого.",It’s fairly pricey and the best songs are a much bigger investment. Over all it was the only thing that got me singing consistently after too many failed attempts over the years.,App Store,https://apps.apple.com/gb/app/id1295721027?see-all=reviews,2018-12-27,App Store: нишевые и AI-приложения
220,Sing bot — learn to sing,ненавидят,2,us,ребёнок-подросток,2,Нестандартный голос подростка не вписывается в «женские/мужские» уроки.,"I’m a 14 yr old female and I’m trying to get better at sing so I can join drama club … my voice is pretty low for a female … I tried sing for both the women’s lessons and the men’s, and I can’t sing either. My voice is either to low or too high for them.",App Store,https://apps.apple.com/us/app/id1295721027?see-all=reviews,2020-04-14,App Store: нишевые и AI-приложения
221,Sing bot — learn to sing,уходят,1,au,неясно,2,"Приложение не работает, но берёт подписку до того, как это заметишь.",This app is dead by still taking subscriptions. Each screen reports a connection issue. Forces you to subscribe before you even notice this. Scammy app.,App Store,https://apps.apple.com/au/app/id1295721027?see-all=reviews,2026-09-12 (год не указан),App Store: нишевые и AI-приложения
222,Sing bot — learn to sing,уходят,2,au,ребёнок-подросток,2,Не чувствует обучения; советует живого профессионала вместо приложения.,"Do I really have to pay for the rest of the lessons and I feel like im not really Learning anything. I suggest to the people who want to buy your app or any other vocal training app. Just don’t buy it, maybe do some training on your vocal in real life and maybe pay for a professional to fix your singing! Not an app.",App Store,https://apps.apple.com/au/app/id1295721027?see-all=reviews,2019-11-06,App Store: нишевые и AI-приложения
223,Musora (Singeo),любят,5,us,продолжающий,2,"Вокалист ценит структурированный Method, рутины практики и живые классы.","This is a great tool for singers and musicians at the beginner, and intermediate level … There’s a method series for beginners and intermediate students that is fantastic, and there’s a ton of other content for any level like practice routines, special topics covered in detail and live classes… I’ve used it for vocal practice and it’s been an incredible resource",App Store,https://apps.apple.com/us/app/id1460388277?see-all=reviews,2024-10-29,App Store: нишевые и AI-приложения
224,Musora (Singeo),платят,1,gb,неясно,2,"~£30/мес, цена не показана заранее (отзыв не про вокал конкретно).","Nearly £30 a month? Why isn’t that explained before you go through the process of downloading and signing up. I know there’s a free 7 days but if you don’t have the funds from the start, signing up would be pointless.",App Store,https://apps.apple.com/gb/app/id1460388277?see-all=reviews,2020-07-30,App Store: нишевые и AI-приложения
225,Musora (Singeo),уходят,1,us,неясно,2,"Пожизненная подписка $1,200 — и всё равно просят апгрейд (отзыв барабанщика/пианиста).","I paid for a lifetime membership in 2024 and it cost me $1,200 which is a lot for me … When I went to practice a song on the piano (pianote, which is included in my Musora lifetime membership), it asked me to upgrade my membership.",App Store,https://apps.apple.com/us/app/id1460388277?see-all=reviews,2025-02-25,App Store: нишевые и AI-приложения
226,Simply Sing,ненавидят,1,us,певец-новичок,3,"Пейволл сразу после теста диапазона: ни одной бесплатной песни, в отличие от конкурентов",Installed this after seeing an ad about it and was curious what my range was. After the tutorial/test and receiving the results......well that's pretty much it. They make you pay for EVERYTHING. There's not a single free song. I'm sure there are other singing apps that give you at least a couple of free songs...,Google Play,https://play.google.com/store/apps/details?id=com.hellosimply.simplysingdroid,2024-08-29,Google Play: приложения для пения
227,Simply Sing,уходят,2,us,продолжающий,3,"Реклама обещала больше обучения; диапазон определён неверно; дорого, отменила подписку в тот же день","With the way this app is advertised I expected it to teach way more, and for it to be better at picking up accurate vocal ranges. It kept putting me in Alto or mezzo, when I've been a contralto for a very long time. I also expected it to have way more songs, and to coach you when you're singing other songs. It's not worth...",Google Play,https://play.google.com/store/apps/details?id=com.hellosimply.simplysingdroid,2025-04-04,Google Play: приложения для пения
228,Simply Sing,хотят,1,us,певец-новичок,3,"Хочет хотя бы одну пробную песню или разблокировку за рекламу — тогда, возможно, купил бы","It feels like it could be a fun app. Went through the setup, learning my range and so on. Unlocked the songs list only to find I have to pay a subscription before I can sing anything. Seriously?! Not a single sample song? No list of free songs to see if we'd even like the app enough to purchase? Give us an option to watch a...",Google Play,https://play.google.com/store/apps/details?id=com.hellosimply.simplysingdroid,2024-06-10,Google Play: приложения для пения
229,Simply Sing,ненавидят,1,us,певец-новичок,3,"«Нечестно»: просят оценку до того, как станет ясно, что всё платное","Feels dishonest. I did have fun in the initial setup process for this app. Going through the steps to ""identify"" my voice and having me practice in a comfy range was cool. It seemed accurate for me, at least. After a long setup (before you get to sing), the app asks for a rating. I gave positive feedback, only to be granted...",Google Play,https://play.google.com/store/apps/details?id=com.hellosimply.simplysingdroid,2024-05-30,Google Play: приложения для пения
230,Simply Sing,ненавидят,2,us,продолжающий,3,Студентка музыкальной школы: после интро нельзя спеть ни одной песни — «денежный трюк»,"As a student of a music school, I was so excited to try this app! But after the first few intro lessons, I was extremely disappointed to learn that you can't sing ANY songs without paying. I've tried apps like this before, and most of them do require you to pay to unlock all songs, but most still have a selection of free...",Google Play,https://play.google.com/store/apps/details?id=com.hellosimply.simplysingdroid,2024-12-20,Google Play: приложения для пения
231,Simply Sing,любят,1,us,певец-новичок,2,Туториал и подстройка всех песен под свой диапазон вдохновляют — но дальше 100% платно,"My whole rating is because this is a paid app. It gives you an awesome tutorial and gets you hype for the app. During the tutorial, you discover and set your vocal range and it adjusts all the songs to your vocal range! So I finish the tutorial, excited to sing a song set for my vocal range. And it's 100% paid songs.",Google Play,https://play.google.com/store/apps/details?id=com.hellosimply.simplysingdroid,2024-06-09,Google Play: приложения для пения
232,Simply Sing,платят,1,us,певец-новичок,3,"Цены $60/год или $15/мес, без возможности увидеть продукт — покупка «неоправданна»","The app concept is awesome and I wish I could rate it higher, but it tricks you by making you think it's free, when in reality every single song is locked behind a paywall. You either have the option of paying $60 upfront for a whole year (~$5/month) or $15/month, which is a ridiculous jump, and both without truly seeing...",Google Play,https://play.google.com/store/apps/details?id=com.hellosimply.simplysingdroid,2024-08-16,Google Play: приложения для пения
233,Simply Sing,ненавидят,1,us,певец-новичок,3,"«Bait and switch»: бесплатная загрузка и весёлая настройка, затем подписка на всё","Bait and switch. Draws you in with a free download, guides you through a pretty fun setup. ""Unlocks"" the song list and surprise! You have to pay a subscription to do anything else. Advertise as a paid app or let us try out one or two songs at the very least. I'm not plopping down $15 a month on a mobile app without getting...",Google Play,https://play.google.com/store/apps/details?id=com.hellosimply.simplysingdroid,2024-06-20,Google Play: приложения для пения
234,Simply Sing,ненавидят,1,us,певец-новичок,2,Распознавание голоса часто «не слышит»; уроки и песни за пейволлом,The initial tutorial is decent and easy enough to figure out. However the sound detection isn't great and it often doesn't even hear you. Unfortunately once you get out of the tutorial there is legitimately nothing you can do without upgrading. They have an entire song library but no free songs to practice on.,Google Play,https://play.google.com/store/apps/details?id=com.hellosimply.simplysingdroid,2024-05-20,Google Play: приложения для пения
235,Simply Sing,уходят,2,us,продолжающий,3,"Трекинг тона плохо работает даже с хорошей гарнитурой; уроки качественные, но контента ~на 10 минут за $60/год","Really has the potential to be a cool app but it let me down. The tone tracking feature really doesn't work well, even if I use a headset with a good mic. And what you get for the $60/year subscription is super underwhelming. The lessons they had were high quality, but it's genuinely like 10 minutes of content and you're...",Google Play,https://play.google.com/store/apps/details?id=com.hellosimply.simplysingdroid,2024-12-17,Google Play: приложения для пения
236,Simply Sing,ненавидят,1,us,продолжающий,2,Низкий голос не помещается даже на минимальной настройке; дорого за маленькую библиотеку,"The UI is nice, easy to navigate, and I want to like this app, but there is too much wrong with it. 1) this is pretty expensive monthly rate for how limited the song library and training modules there are 2) even on the LOWEST setting, my voice is too deep. It's definitely geared toward women and men with higher voices.",Google Play,https://play.google.com/store/apps/details?id=com.hellosimply.simplysingdroid,2024-05-22,Google Play: приложения для пения
237,Simply Sing,страх,1,us,неясно,2,"Покупка до пробы, автопродление; пришлось добиваться возврата","I was hopeful about this application but you had to purchase before you could do anything. After I went through the vocal ranges, I noticed their catalog of songs weren't great. Also, the sing-alongs went fast than the original song. I reached out to Google for a refund but they referred me back to the developer.",Google Play,https://play.google.com/store/apps/details?id=com.hellosimply.simplysingdroid,2024-12-04,Google Play: приложения для пения
238,Simply Sing,уходят,2,us,неясно,2,"Задержка микрофона без калибровки, поддержка не открывается — отписался","The concept of this app is appealing. Unfortunately, you have to pay the monthly sub fee just to try it out even on a basic level. The song choices are nice, but the way notes go by on the screen doesn't quite match the latency with my microphone. I tried to find a way to adjust these settings (like in Guitar Hero etc) but...",Google Play,https://play.google.com/store/apps/details?id=com.hellosimply.simplysingdroid,2026-08-31,Google Play: приложения для пения
239,Simply Sing,любят,3,us,ребёнок-подросток,1,"Родитель: нравятся популярные песни и обратная связь, профили для детей, но голос ребёнка распознаётся нестабильно","I like the assess popular songs like I to sing. I also like the information and feedback. however, it's a bit glitchy I can make profiles for my kids but it gave me a hard time after I logged my daughter in her tablet. my other daughters pitch test keeps changing and even when shouting doesn't always pick up her voice.",Google Play,https://play.google.com/store/apps/details?id=com.hellosimply.simplysingdroid,2026-08-22,Google Play: приложения для пения
240,Simply Sing,ненавидят,2,us,продолжающий,2,"Заплатил: приложение «ведёт за ручку», но мало учит петь; песни урезаны, точность ~85%","I'll give them points for somehow accurately judging my voice range. That's about where it ends. I paid to get in because I was super curious, but the app is very hand-holdy and also at the same time doesn't help you much with singing. There are steps you must go through before you can get to the ""full"" version of every...",Google Play,https://play.google.com/store/apps/details?id=com.hellosimply.simplysingdroid,2026-06-28,Google Play: приложения для пения
241,Simply Sing,ненавидят,2,us,певец-новичок,2,Один 5-минутный урок в день — то же бесплатно на YouTube; не стоит $14.99/мес,"I wouldn't recommend this app. Firstly, the app itself was glitchy. Secondly, after the tutorial, there's only one five-minute lesson per day, which are things you could definitely find similar for free on YouTube. The song selection is okay and I like that you can adjust the pitch for the songs. However it's just not worth...",Google Play,https://play.google.com/store/apps/details?id=com.hellosimply.simplysingdroid,2026-07-29,Google Play: приложения для пения
242,Simply Sing,уходят,1,us,продолжающий,2,"Раньше была библиотека уроков, теперь один короткий урок в день с минимумом обратной связи — жалеет о покупке","When I first paid for this app, it included a library of lessons. Now I get one brief lesson each day, and sometimes the ""lesson"" is just singing a song with minimal guidance or feedback. I definitely wish I hadn't paid for this.",Google Play,https://play.google.com/store/apps/details?id=com.hellosimply.simplysingdroid,2026-09-16,Google Play: приложения для пения
243,Simply Sing,страх,1,us,певец-новичок,2,Цена скрыта до конца долгой настройки; боится платить за год без демо,"It's between $15 to $60 USD subscription to start using the app, which they don't tell you until after a long set up and watching commercials for the app. Unfortunately you can't sample it first at all, can't play a single song without paying, not even any demo or example songs like happy birthday or public domain songs.",Google Play,https://play.google.com/store/apps/details?id=com.hellosimply.simplysingdroid,2026-09-04,Google Play: приложения для пения
244,Simply Sing,страх,1,us,неясно,2,Подозревает накрутку оценок и сбор голосовых данных,"After going through the tutorial, it immediately asks for a review (which is why I assume it got any positive reviews), and then opens up a subscription page. I thought you'd get at least one free song to figure out what it was like at all, but nope, nothing. Probably just collecting your voice data and hoping people will...",Google Play,https://play.google.com/store/apps/details?id=com.hellosimply.simplysingdroid,2026-07-05,Google Play: приложения для пения
245,Sing Sharp,хотят,5,us,певец-новичок,2,"Хочет сохранять записи своего голоса, слышать себя поверх музыки, не трогать громкость","It's pretty good! I think I might use this app a lot. Only complaints/ suggestions I have are: 1. Stop pushing the volume up when the song starts, I have to turn it back down every time I open a different song and it's bothersome. Just leave the volume alone. 2. Let us save the recorded audio, not by default of course, but...",Google Play,https://play.google.com/store/apps/details?id=com.harmonynetwork.singsharp,2018-09-13,Google Play: приложения для пения
246,Sing Sharp,любят,5,us,певец-новичок,3,Годы практики без прогресса — прямая визуальная обратная связь дала «замечательный прогресс»,I have not found any other app that gives such a good feedback of your singing for free. For years I was practicing notes. But without any improvements. Now with the direct feedback I am making wonderful progress. Thanks a lot. I love this app.,Google Play,https://play.google.com/store/apps/details?id=com.harmonynetwork.singsharp,2020-04-11,Google Play: приложения для пения
247,Sing Sharp,любят,5,us,певец-новичок,3,"«Как видеоигра, где голос — контроллер»; ощущение, что научится за несколько месяцев","Honestly, It's like I'm playing a video game with my voice as the controller. I've only been messing with this for a few minutes and I can already tell I'm gonna get the hang of singing really well if I stick at this a few months. I also noticed if I close my eyes and try to sync my voice it trains my ears to sync to the tones.",Google Play,https://play.google.com/store/apps/details?id=com.harmonynetwork.singsharp,2021-05-08,Google Play: приложения для пения
248,Sing Sharp,ненавидят,4,us,певец-новичок,1,"Задержка на воспроизведении записи — кажется, что промахивается мимо нот","Only had a few sessions so far but I like it so far. Only issue is when I do an exercise, and then play back the recording, there is a delay. So it looks like I'm missing the notes on the playback, but I had the timing right during the exercise.",Google Play,https://play.google.com/store/apps/details?id=com.harmonynetwork.singsharp,2025-02-07,Google Play: приложения для пения
249,Sing Sharp,уходят,2,us,продолжающий,2,"$7/год, но «полная версия ощущается как демо»: только подбор высоты, баги","I really wanted to like this app. I felt like $7 was very reasonable for a year subscription, but once everything was unlocked, I realized why it was so cheap. The 'full' version still feels like a demo. This app hasn't been updated in nearly 3 years and it is very buggy.",Google Play,https://play.google.com/store/apps/details?id=com.harmonynetwork.singsharp,2018-12-11,Google Play: приложения для пения
250,Sing Sharp,любят,5,us,певец-новичок,2,"3 месяца: геймифицированная ежедневная практика, бесплатно, голос развился","I have been using the app for about 3 months now. it keeps daily practice gamified and satisfying, hasn't cost me a cent, and has really helped me develop my voice. Very happy with it, reinstalling...and lokingforwad to new exercises!",Google Play,https://play.google.com/store/apps/details?id=com.harmonynetwork.singsharp,2021-09-08,Google Play: приложения для пения
251,Sing Sharp,ненавидят,1,us,неясно,2,"Заплатил $30, но баги и реклама делают приложение непригодным","The songs that you are supposed to sing along with time out due to network errors. The instructional video lags. Some excercises, like the ear training one do not respond and cannot be completed. The bugs make the application completely unusable at present. Also, why are there adds? I paid thirty bucks for this.",Google Play,https://play.google.com/store/apps/details?id=com.harmonynetwork.singsharp,2022-12-05,Google Play: приложения для пения
252,Sing Sharp,страх,2,us,неясно,3,Реклама в разы громче упражнений — в обязательных наушниках «бьёт по ушам»,"This app seems great, but it has one major (and dangerous) flaw. Alternating between exercises, videos and Ads there is a huge volume change. You need to raise your volume to the max for the exercises. As soon as it's done, an Ad pops up at 20x the volume. Since this app requires headphones, it blasts your ear drums.",Google Play,https://play.google.com/store/apps/details?id=com.harmonynetwork.singsharp,2025-05-12,Google Play: приложения для пения
253,Sing Sharp,страх,1,us,продолжающий,3,Сразу высокие ноты без обучения миксту — риск перенапрячь голос; диапазон калибруется один раз; нельзя замедлить,"1) the presenter can't sing 2) the app jumps into high note drills w/o teaching the basics of mixing first & if you do it you will strain your voice, 3) the range calibration shouldn't be a 1 & done, it should change w/you as you develop 4) The drills can't be slowed down.",Google Play,https://play.google.com/store/apps/details?id=com.harmonynetwork.singsharp,2026-04-12,Google Play: приложения для пения
254,Sing Sharp,уходят,1,us,продолжающий,2,Стартовые тренировки слишком быстрые и сложные; ставит в пример бесплатные уроки Singeo на YouTube,Difficult. I use to sing decade ago for a few different choirs and the starter trainings are waaay too difficult for a beginner. That arpeggio training is brutal and all the trainings are too damn fast for a beginner to start to develop form. Please try looking at a few YouTube videos such as the starter lessons from Singeo.,Google Play,https://play.google.com/store/apps/details?id=com.harmonynetwork.singsharp,2025-07-13,Google Play: приложения для пения
255,Sing Sharp,ненавидят,2,us,продолжающий,2,Приложение «отчитывает» за узкий диапазон; задержка гарнитуры ломает ритм и оценки,"My range is just short of two octaves. On every single exercise I get told off by the app for having a range that's too narrow. The app insists on using a headset, which makes hearing my own voice difficult, but it also breaks the timing because there's a delay between when the app thinks the audio is and when it's audible...",Google Play,https://play.google.com/store/apps/details?id=com.harmonynetwork.singsharp,2026-03-04,Google Play: приложения для пения
256,Sing Sharp,уходят,1,us,певец-новичок,2,"Упражнения слишком быстрые, реклама рвёт фокус, 3-дневный триал слишком короткий","SingSharp is not beginner-friendly. The pitch-matching exercises are too fast, making it hard to keep up as a new singer. Constant ads disrupt practice and break focus. The 3-day trial to remove ads is too short to properly test the app, especially for beginners needing more time.",Google Play,https://play.google.com/store/apps/details?id=com.harmonynetwork.singsharp,2025-05-21,Google Play: приложения для пения
257,Sing Sharp,платят,1,us,неясно,3,"Заплатил $99 за год; голос распознаётся плохо, оценки демотивирующе низкие; в возврате отказали","Buyer beware. This app doesn't pick up your voice well enough to give any useful feedback. The timing is off, so the scores are consistently and discouragingly low. I tried using it for four days then requested a refund. Denied. They don't care about customer satisfaction. Don't get scammed out of a full year $99 payment like I did.",Google Play,https://play.google.com/store/apps/details?id=com.harmonynetwork.singsharp,2025-04-11,Google Play: приложения для пения
258,Sing Sharp,платят,5,us,неясно,1,"Списали год после отмены триала, но поддержка быстро вернула — 5 звёзд за сервис","I downloaded the app to give it a try, but decided to cancel the subscription during the trial period (it was good, but not what I was looking for). I was still charged for a one year subscription despite the cancellation and was pretty upset about it. I contacted Sing Sharp and I have to say their support service was excellent",Google Play,https://play.google.com/store/apps/details?id=com.harmonynetwork.singsharp,2025-06-04,Google Play: приложения для пения
259,Sing Sharp,хотят,5,us,певец-новичок,1,"Дёшево и хорошие распевки; хочет петь свою музыку, подписи нот и нотный стан","Great warm ups, great training program (cheap too). Not many songs with words from them at the moment, but it accesses music on your phone and you can sing along to that if you know the words which is amazing. Would prefer that the keyboard was labelled with notes, and hopefully the singing will be presented on staves so you...",Google Play,https://play.google.com/store/apps/details?id=com.harmonynetwork.singsharp,2018-12-12,Google Play: приложения для пения
260,Riyaz,хотят,5,us,певец-новичок,2,"Нужно повторять конкретный фрагмент песни, чтобы отрабатывать слабые места","Hi, my experience of learning from this app is really good. This app has everything a beginner needs. I would mention one improvement which is needed that is helping us to play a particular part of the song repeatedly by forwarding the rest instead of listening from the beginning.",Google Play,https://play.google.com/store/apps/details?id=com.musicmuni.riyaz,2020-06-23,Google Play: приложения для пения
261,Riyaz,ненавидят,1,us,продолжающий,2,Зависания посреди урока; путает правильное и неправильное пение — демотивирует,It's a very good app. But unfortunately there are so many bugs. It's very discouraging when the app gets hanged in the middle of a song or chapter I'm practicing. Sometimes when I sing correctly it shows I'm wrong and vice-versa.,Google Play,https://play.google.com/store/apps/details?id=com.musicmuni.riyaz,2022-01-01,Google Play: приложения для пения
262,Riyaz,любят,5,us,певец-новичок,3,Не было времени учиться — приложение решило; через 3 недели виден прогресс,"A wonderful app for anyone who wants to learn to sing. I love singing and always wanted to learn but I could never make time for it. This app solved that problem, I have only used it for 3 weeks only but I can already see improvement in my singing!",Google Play,https://play.google.com/store/apps/details?id=com.musicmuni.riyaz,2019-12-03,Google Play: приложения для пения
263,Riyaz,любят,5,us,певец-новичок,3,«Лучший инструмент после живого частного педагога»: от Vocals 101 до продвинутого,"Honestly the absolute best voice training, singing etc tool next to having an actual private teacher, that you will find! (Trust me I looked) The app is extremely well made, literally starts with Vocals 101 to advanced, you can start using this regardless of your level.",Google Play,https://play.google.com/store/apps/details?id=com.musicmuni.riyaz,2024-02-08,Google Play: приложения для пения
264,Riyaz,уходят,1,us,продолжающий,2,Смена концепции убрала отдельные треки хиндустани/карнатика/западного — разочарование,"This app used to my favourite before. There used to be three separate sections for Hindustani, Carnatic and Western. A learner could begin learning with any one of these three. The interface was so clean and traditional. Gone is that app.",Google Play,https://play.google.com/store/apps/details?id=com.musicmuni.riyaz,2022-08-03,Google Play: приложения для пения
265,Riyaz,ненавидят,1,us,продолжающий,3,После обновления нельзя переделывать пройденные уроки — а повторение основа вокала,"Earlier version of app was better, allowed user to redo the lessons. Now new update is beyond pathetic, released without testing the basic features. Most important thing in music is to redo your lessons so that you can build your voice.",Google Play,https://play.google.com/store/apps/details?id=com.musicmuni.riyaz,2020-07-08,Google Play: приложения для пения
266,Riyaz,ненавидят,2,us,певец-новичок,2,"Резкий переход к продвинутым уровням, нельзя замедлить — «деморализует»","The app is good for learning basics, but the transition to advanced levels is not smooth, it takes place all of a sudden. We cannot pace the notes as per our convenience, and it creates undue demoralization.",Google Play,https://play.google.com/store/apps/details?id=com.musicmuni.riyaz,2019-06-13,Google Play: приложения для пения
267,Riyaz,хотят,4,us,продолжающий,2,"Хочет объяснение, где ошибка, а не только балл; баллы непоследовательны; проще цены для новичков","Really love the concept of the app and it's execution. 1. Some more feedback needed than just a score when singing, like what parts are wrong. Some times minor changes (as visible on pitch graph) leads to major decrease in score and sometimes major changes not penalized as much. 2. Make pricing slightly more easier for newcomers",Google Play,https://play.google.com/store/apps/details?id=com.musicmuni.riyaz,2023-11-15,Google Play: приложения для пения
268,Riyaz,любят,5,us,певец-новичок,2,"Всё бесплатно, но с лимитом времени — нет «пейволл-разочарования»; 10 минут в день дают прогресс","I've tried several ""Learn Singing"" apps and this is the best one. You don't have get paywall discouraged as everything featured is free, just time limited. However, in just 10 minutes a day you will start seeing improvements.",Google Play,https://play.google.com/store/apps/details?id=com.musicmuni.riyaz,2020-02-20,Google Play: приложения для пения
269,Riyaz,уходят,1,us,продолжающий,2,"Купил год — там в основном распевки, ничего сложного","I am honestly disappointed in this app. I bought a year subscription, expecting that once I finished the basic warm up lessons there would be a lot more the app had to offer. I was wrong. It's mostly just warm ups, and there is nothing intricate or challenging to practice on.",Google Play,https://play.google.com/store/apps/details?id=com.musicmuni.riyaz,2018-11-26,Google Play: приложения для пения
270,Riyaz,любят,4,us,певец-новичок,1,Лимит времени на бесплатные уроки не мешает; уроки по минуте,"The time limit on free lessons doesn't bother me much as a beginner because I still feel like I get a good vocal workout in that time. Lessons are only about a minute each, so far, so I also get a good range of lessons completed.",Google Play,https://play.google.com/store/apps/details?id=com.musicmuni.riyaz,2024-06-13,Google Play: приложения для пения
271,Riyaz,ненавидят,4,us,продолжающий,2,Не учитывает задержку Bluetooth — низкие оценки при точных нотах,"First, if you use a Bluetooth headset when practicing, the app does not realize it and does not take into account the 100ms latency of Bluetooth headset, so you will get low marks on the practices even when your notes are accurate. Second, when practicing songs, the original vocal voice is in the audio and cannot be turned off.",Google Play,https://play.google.com/store/apps/details?id=com.musicmuni.riyaz,2023-08-24,Google Play: приложения для пения
272,Riyaz,любят,5,us,певец-новичок,2,Видеть свою точную высоту — «недооценённая» и очень полезная функция,"Great app for learning pitch perfect. The practices have a good piano tone that helps you match it, showing your exact pitch is very underestimated by a lot of new singers. It's AMAZINGLY helpful.",Google Play,https://play.google.com/store/apps/details?id=com.musicmuni.riyaz,2019-11-08,Google Play: приложения для пения
273,Riyaz,уходят,1,us,певец-новичок,2,Бесплатно работает только тест диапазона; дорогие предзаписанные курсы без пробы,"Tried it out, but most of the free features didn't work. All I could do was find out my vocal range. No other practice features would work. Alternatively I could pay high prices for pre-recorded courses without knowing if they're any good.",Google Play,https://play.google.com/store/apps/details?id=com.musicmuni.riyaz,2026-04-10,Google Play: приложения для пения
274,Riyaz,платят,1,us,продолжающий,2,"Годовая подписка, но нет и 30% базового карнатического контента",Worst Incomplete App I purchased the one year subscription as I liked the interface. But later I came to know it doesn't have even 30% of the basic content.,Google Play,https://play.google.com/store/apps/details?id=com.musicmuni.riyaz,2025-11-06,Google Play: приложения для пения
275,Riyaz,ненавидят,1,us,неясно,2,"Перегруженный интерфейс: непонятно, какой урок выбрать; лишний контент","Borderline unusable and a negative example of UI design. The UI is cluttered and overloaded with unrelated content, which is odd for an app that calls itself ""vocal warm up exercises"". It's hard to navigate. How do I get to the lessons? Which lesson should I pick? And why does a vocal trainer app have guitar lessons in it?",Google Play,https://play.google.com/store/apps/details?id=com.musicmuni.riyaz,2026-09-14,Google Play: приложения для пения
276,Riyaz,страх,1,us,неясно,2,Нельзя удалить аккаунт; поддержка не отвечает,There's no option to delete the account. I've contacted customer support over the last two weeks and no help has been given. Don't download.,Google Play,https://play.google.com/store/apps/details?id=com.musicmuni.riyaz,2026-01-23,Google Play: приложения для пения
277,VocalUp,ненавидят,3,us,певец-новичок,2,Аудиопример упражнения часто не играет — для аудиовизуала это провал,really great app for vocal exercises and practicing songs in your range BUT a lot of the time for me at least whenever I click an exercise the audio example just doesn't play... I am an audio visual learner so this just turns me off entirely.,Google Play,https://play.google.com/store/apps/details?id=com.dodotdo.vocalup,2025-08-20,Google Play: приложения для пения
278,VocalUp,страх,3,us,певец-новичок,2,"Хочет проверить перед $60/год, но игры на дыхание и высоту не регистрируют голос",I'm wanting to test the app out before spending $60 a year. So far I've found that the games don't work for me. I tried out 2 different ones (breathing and pitch) neither registered and I would immediately lose.,Google Play,https://play.google.com/store/apps/details?id=com.dodotdo.vocalup,2025-12-29,Google Play: приложения для пения
279,VocalUp,хотят,4,us,певец-новичок,2,"Показывает, где ошибка (от других болело горло); хочет советов по защите голоса",I ABSOLUTELY LOVED IT. This is the best app i ve used so far to sing. it actually tells me where am i wrong and help me fix it unlike other apps(which caused pain on my throat). but i wish it would help us on what to do before and after to soothe or protect our vocal cords and throat so no damage would happen.,Google Play,https://play.google.com/store/apps/details?id=com.dodotdo.vocalup,2026-05-23,Google Play: приложения для пения
280,VocalUp,любят,5,us,певец-новичок,2,Отслеживание прогресса мотивирует; улучшение за несколько дней,"I've been using VocalUP for a while now, and it's honestly one of the best apps out there for improving vocal skills. The interface is clean and easy to use, and the exercises are super effective — I noticed real improvement in just a few days. Whether you're a beginner or someone with experience, this app has something for...",Google Play,https://play.google.com/store/apps/details?id=com.dodotdo.vocalup,2025-04-12,Google Play: приложения для пения
281,VocalUp,ненавидят,1,us,певец-новичок,2,Нельзя поставить урок на паузу; упражнения намного выше измеренного диапазона,The videos/text are sometimes way too fast to read before they disappear (and there's no way to pause it or rewind a small part of a lesson. sometimes i can't scroll down to see the informational text in the lessons.,Google Play,https://play.google.com/store/apps/details?id=com.dodotdo.vocalup,2026-07-22,Google Play: приложения для пения
282,VocalUp,ненавидят,3,us,певец-новичок,2,Молчала — а приложение сказало «тон идеальный»: ложная надежда,"Help with breathing exercises but when It came to me actually doing vocal exercises like the scales, I wouldn't say a word and even turn down my volume and it would still say my tone was perfect which gave me false hope",Google Play,https://play.google.com/store/apps/details?id=com.dodotdo.vocalup,2026-06-28,Google Play: приложения для пения
283,VocalUp,хотят,3,us,ребёнок-подросток,1,Ребёнок не может платить — просит меньше премиум-ограничений,"I like the app but,like alot of things needs to be paid for and I'm just a child who can't afford it, so please,can u like reduce the amount of things than needs premium?",Google Play,https://play.google.com/store/apps/details?id=com.dodotdo.vocalup,2026-03-17,Google Play: приложения для пения
284,VocalUp,платят,1,us,неясно,3,"Ничего не воспроизводится, нет контакта для возврата — «бесполезная годовая подписка»",So disappointed! Couldn't get anything to play. Also couldn't find a way to contact the company to get my money back. I now have a useless year subscription. Stay cautious!,Google Play,https://play.google.com/store/apps/details?id=com.dodotdo.vocalup,2026-03-08,Google Play: приложения для пения
285,VocalUp,страх,1,us,неясно,3,Статус триала непонятен; нажатие на иконку Pro списало деньги — пришлось блокировать карту,I signed up for the 7-Day trial the app made it to where it appeared I wasn't even experiencing the 7-Day free trial when I went to go confirmed to see if it was still being acknowledged in the 7-Day free trial it still had the flashing green crown icon saying GoPro,Google Play,https://play.google.com/store/apps/details?id=com.dodotdo.vocalup,2026-07-08,Google Play: приложения для пения
286,VocalUp,хотят,3,us,певец-новичок,1,"Песни незнакомые — нужен поиск по песням, которые знаешь",there is a lot of songs yes but still quite limited and I found I knew almost none of them and that made it harder because how are meant to sing a song you don't know the lyrics to so I think there should be a search bar,Google Play,https://play.google.com/store/apps/details?id=com.dodotdo.vocalup,2026-08-11,Google Play: приложения для пения
287,Vocalista,ненавидят,1,us,неясно,2,"Распознавание высоты неточное, хотя упражнения полезные",the app doesn't read pitch very well. and give very inaccurate results. I think this app has great potential but it currently needs some work. the exercises themselves are very useful and insightful but the accuracy definitely needs some work.,Google Play,https://play.google.com/store/apps/details?id=app.vocalista.vocalista,2025-06-03,Google Play: приложения для пения
288,Vocalista,ненавидят,2,us,продолжающий,2,"Измерил диапазон, но упражнения выходят за его пределы — не стоит оплаты","App seems to have promise. Checks vocal range... then gives exercises that don't match with that vocal range. If I'm working on articulation then it should be within my measured range, not starting mid to high and blowing through the top of it.",Google Play,https://play.google.com/store/apps/details?id=app.vocalista.vocalista,2025-06-12,Google Play: приложения для пения
289,Vocalista,хотят,5,us,продолжающий,2,"Визуальные ноты полезны, но тенор/баритон слишком грубо — дайте задать свой диапазон","it's a great app and seeing the visual notes are extremely helpful. I just don't like the limit on range based on if you are a tenor or baritone, which are to generic to catch the different unique vocal ranges out there. should just let you set the range and do the exercises as much as you want to that range.",Google Play,https://play.google.com/store/apps/details?id=app.vocalista.vocalista,2026-05-17,Google Play: приложения для пения
290,Vocalista,ненавидят,1,us,продолжающий,2,"Годы подготовки, а приложение говорит «сильно мимо» — не доверяет",exercises would be helpful if pitch recognition worked better. says I'm off in spots ok I'm not. I have years of vocal training and ok what I'm doing but it's saying that I am off pitch by a lot.,Google Play,https://play.google.com/store/apps/details?id=app.vocalista.vocalista,2025-06-21,Google Play: приложения для пения
291,Vocalista,любят,5,us,певец-новичок,2,"Поёт в церковной группе; «никогда не покупаю приложения, но в это вложусь»",ok so I just downloaded this and I normally would never ever by an app but this on i will invest in! I need help with my voice for the praise team at church and with just using this for a few minutes i believe it will help!! im so excited 😊,Google Play,https://play.google.com/store/apps/details?id=app.vocalista.vocalista,2025-12-28,Google Play: приложения для пения
292,Vocalista,платят,3,us,продолжающий,2,"Забыла отменить триал — списали год; занимается ежедневно, поёт чище; но баги в упражнениях",i accidentally forgot to cancel the free week so i got charged for the year. no big deal. it means i will be sure to use it. i use it everyday and i am happy with how it has helped me trained my vocals. my singing is much more on pitch with higher quality and control.,Google Play,https://play.google.com/store/apps/details?id=app.vocalista.vocalista,2026-02-01,Google Play: приложения для пения
293,Vocalista,хотят,4,us,певец-новичок,1,Хочет бесплатную версию с рекламой — не может себе позволить,"it would be really cool if they had a free version that probably just has adds or something, because even though is amazing and helpful I and others like me can't afford it.",Google Play,https://play.google.com/store/apps/details?id=app.vocalista.vocalista,2026-02-18,Google Play: приложения для пения
294,Vocalista,уходят,1,us,продолжающий,3,"Подписка до пробы; контральто назвали тенором; плохой звук, упражнения слишком быстрые — отменила за часы","Not sure how this app has such high reviews. Before you can even try it, you have to subscribe for a week. I cancelled within a couple HOURS it's so bad. I am a contralto with an extended lower range. It told me I was a tenor 🙄 The audio is terrible, wired headphones or no.",Google Play,https://play.google.com/store/apps/details?id=app.vocalista.vocalista,2026-06-06,Google Play: приложения для пения
295,Vocalista,ненавидят,1,us,продолжающий,2,"Опытная певица: микрофон слишком чувствительный, постоянно «мимо»",im not tone deaf in fact Id like to think im a pretty good singer. ive sang live before but wanted to improve my agility and the mic is just too sensitive because it says im off pitch constantly and makes it seem like im hitting multiple notes even when im just singing Do.,Google Play,https://play.google.com/store/apps/details?id=app.vocalista.vocalista,2026-05-07,Google Play: приложения для пения
296,Vocalista,хотят,4,us,продолжающий,2,"Визуальные подсказки не совпадают со звуком; можно только ускорять, а не замедлять","Very useful, but can be substantially improved: in quite a few exercises the progression of visual prompts does not match the sound you hear, but your pitch is checked according to the visuals, so if you try to sing to the sound, your pitch will be mostly wrong. The app might also benefit from including the possibility to make the exercises go slower",Google Play,https://play.google.com/store/apps/details?id=app.vocalista.vocalista,2026-04-15,Google Play: приложения для пения
297,Vocalista,ненавидят,1,us,неясно,2,"Пример упражнения звучит в другой высоте, чем само упражнение",i can't describe just how much i hate this app. the example of an exercise is way off pitch from what you're really gonna do on the exercise ¿how am i supossed to do it great when the example you're giving me is totally different-pitched from the original exercise?,Google Play,https://play.google.com/store/apps/details?id=app.vocalista.vocalista,2026-01-27,Google Play: приложения для пения
298,Vocal Image,страх,1,us,неясно,3,"Женственный голос оценён как «flighty», «unconvincing» — вердикты ранят","So once you complete the tutorial, you have to buy the experience. The different charts make no sense, and there is still ""no data"" to analyze after 4 day. Does not instill confidence in the rest of the app. I wanted so much to like this, but it's definitely proven it's not worth it. Darn. PS. Characterizing a more feminine voice as ""flighty"" and ""uninspired"" and ""unconvincing"" is incredibly disheartening.",Google Play,https://play.google.com/store/apps/details?id=app.vocalimage.bessia,2022-11-01,Google Play: приложения для пения
299,Vocal Image,платят,5,us,неясно,2,"Дорого даже со скидкой ($40), мало пробы; балл без объяснений",The app is quite expensive even with a discount of 50% off. at $40 with very little opportunities to try the app out before purchasing it seems difficult to make up my mind. So far I like the app... my only complaint is the high price and the quantitative analysis is hard to understand when it gives just a score and little else,Google Play,https://play.google.com/store/apps/details?id=app.vocalimage.bessia,2025-05-04,Google Play: приложения для пения
300,Vocal Image,ненавидят,2,us,неясно,2,Застревает на экране подписки; данные записи непонятны,It is stuck on the subscription page and won't let you go back to the home page without a fight. The recording results is inconsistent and didn't record half of the words. The data doesn't make sense to me.,Google Play,https://play.google.com/store/apps/details?id=app.vocalimage.bessia,2023-01-11,Google Play: приложения для пения
301,Vocal Image,ненавидят,2,us,неясно,2,После триала и оплаты всё ещё «бесплатный аккаунт» и навязывание триала,"The idea of the app is great, but even after agreeing to the 7-Day trial where they will definitely charge you for full-year afterwards, you still constantly get prompted to do the free trial even after agreeing to it. There was a promotion for 60% off for the year so I went ahead and signed up and paid, and it still says I have a free account",Google Play,https://play.google.com/store/apps/details?id=app.vocalimage.bessia,2023-10-31,Google Play: приложения для пения
302,Vocal Image,платят,4,us,неясно,2,$79.99/год не по карману и нужны перерывы в учёбе — хочет гибкие планы,"While I would love to try using premium to change how my voice sounds, $79.99 a year is not a good option for me who A: Cannot afford such a price; and B: needs to take breaks in between learning. It would be nice to have multiple subscription",Google Play,https://play.google.com/store/apps/details?id=app.vocalimage.bessia,2023-05-07,Google Play: приложения для пения
303,Vocal Image,ненавидят,1,us,неясно,2,Нельзя управлять подпиской; только годовой план при 30-дневном курсе,"USABILITY: Biggest issue is that there's no way to manage your subscription in the app. The only way to purchase a subscription is to happen across a ""free trial"" page. SUBSCRIPTION MODEL: There's only a yearly subscription model for an app that has a 30 day course.",Google Play,https://play.google.com/store/apps/details?id=app.vocalimage.bessia,2023-10-04,Google Play: приложения для пения
304,Vocal Image,уходят,2,us,неясно,2,Недельная цена удвоилась с $4.99 до $9.99; упражнения без ценности — уходит,"The ad was great and what I wanted, But the actual exercises are not of any value so far. they. at 4.99 it were ok, but they not only charge weekly instead of monthly, they double it to 9.99 a week.",Google Play,https://play.google.com/store/apps/details?id=app.vocalimage.bessia,2025-06-20,Google Play: приложения для пения
305,Vocal Image,платят,4,us,неясно,2,"$79/год стоят того (уроки отличные), но заплатить столько не может","I am a previous user of Vocal Image, and I do admit it is well-worth the annual fee of $79, I cannot shell out that much. However, there is an option for 3 months (but it wasn't available to me, I suppose because I used the app before.) The instructions are fantastic, and the lessons are great.",Google Play,https://play.google.com/store/apps/details?id=app.vocalimage.bessia,2024-10-30,Google Play: приложения для пения
306,Vocal Image,ненавидят,1,us,неясно,3,Обратная связь случайная; AI-коуч вместо живого человека «не помогает вообще»,"The exercises are fun and might be useful, but the feedback is random and useless. Also, their algorithm is getting worse. The same exercises repeatedly show up in daily practice. The achievement section never made any sense. Voice Arena doesn't work anymore. AI coach and the use of AI in exercises ( It used to be a real person ) doesn't help at all.",Google Play,https://play.google.com/store/apps/details?id=app.vocalimage.bessia,2026-08-02,Google Play: приложения для пения
307,Vocal Image,ненавидят,2,us,неясно,2,AI-сгенерированные видео-коучи странные и некачественные,"This app could be great but the AI generated coaching videos are weird, low quality, and impossible to follow. Same with roleplaying quizzes where the questions and answers are clearly AI-generated (and in many cases unrealistic).",Google Play,https://play.google.com/store/apps/details?id=app.vocalimage.bessia,2026-07-23,Google Play: приложения для пения
308,Vocal Image,страх,1,us,неясно,3,Не может отменить подписку — кнопка ведёт на другую подписку; «украли деньги»,"be careful of this app guys. this app will steal your money and you can't get out of that bastard practical. you can't cancel subscription through the app nor you emailed the app support. and this happened to me! I tried to cancel the subscription through the app. When I pressed the cancel button, it got nothing. I was instead directed to subscribe to another membership.",Google Play,https://play.google.com/store/apps/details?id=app.vocalimage.bessia,2026-07-31,Google Play: приложения для пения
309,Vocal Image,ненавидят,3,us,неясно,2,"Не ясно, что премиум; нужная функция оказалась платной","there are a limited number of free to try features, However, the app does not clearly indicate which features are premium, and I was disappointed to find that the feature I specifically installed the app to try was only available in the premium",Google Play,https://play.google.com/store/apps/details?id=app.vocalimage.bessia,2024-03-20,Google Play: приложения для пения
310,Smule,любят,5,us,караоке-соцсеть,2,Пользуется ~10 лет; претензии только к качеству звука и громкости минуса,"I love it. I've been using it about probably at least ten years now, something like that. Only complaints that I have are 2 . Number one, when you put a clip of your song into an Instagram reel, it becomes extremely tinny.",Google Play,https://play.google.com/store/apps/details?id=com.smule.singandroid,2025-08-03,Google Play: приложения для пения
311,Smule,любят,5,us,караоке-соцсеть,2,"Платформа каверов: можно набрать аудиторию, есть группы как в соцсети","This app is limited to doing covers...after all this is a karaoke platform. Though it doesn't give an artist room to showcase an entire range of musical ability (those using instruments, there's not even an option), a person can generate a following by doing songs that reflect one's gift. There's also groups, in the fashion social media has them",Google Play,https://play.google.com/store/apps/details?id=com.smule.singandroid,2024-12-03,Google Play: приложения для пения
312,Smule,платят,5,us,караоке-соцсеть,2,"Платный подписчик 3 года; бесплатно — только дуэты, соло по подписке","Really fun app. I use the Android version, have been a paid subscriber for about 3 years now. The app is also available for free, so if you're not sure you want a subscription try it free first. Just be aware that with the free app, you can only sing duets with other people; you can't sing solos.",Google Play,https://play.google.com/store/apps/details?id=com.smule.singandroid,2023-10-18,Google Play: приложения для пения
313,Smule,ненавидят,2,us,караоке-соцсеть,2,"На Android не слышно себя в реальном времени, рассинхрон вокала","Good, but sucks on Android. I used it on an iPhone years back and it worked perfectly. I switched to Android, but it's not the same. My biggest issue is my mic feedback won't sync with the music in real time, so I can't hear myself when I sing.",Google Play,https://play.google.com/store/apps/details?id=com.smule.singandroid,2020-03-09,Google Play: приложения для пения
314,Smule,ненавидят,2,us,караоке-соцсеть,2,За такие деньги должно работать лучше: звук хрипит и обрывается,"For how much it costs, it should work better. I've tried on 3 different devices now, and if I do it with the video function, the audio is garbage. I've tried it on WiFi, mobile network, directly plugged into an internet connection and it's still crackly and choppy, freezes up.",Google Play,https://play.google.com/store/apps/details?id=com.smule.singandroid,2020-03-23,Google Play: приложения для пения
315,Smule,любят,4,us,караоке-соцсеть,2,"Два года: петь с другими, группы, друзья","I have used this app for two years now, and I have to say this is easily one of my favorite apps. You can sing with other people, join groups, and make friends. However, this app isn't perfect.",Google Play,https://play.google.com/store/apps/details?id=com.smule.singandroid,2022-02-17,Google Play: приложения для пения
316,Smule,уходят,1,us,караоке-соцсеть,2,Обновление убрало эффекты; хочет слышать себя в наушниках — собирается отменить,"The latest update is horrible! No effects, except default effects? This app was just about perfect, all it needed was to allow the user to hear their own voice through the headphones while singing, like other karaoke apps do. But no, they went a different route",Google Play,https://play.google.com/store/apps/details?id=com.smule.singandroid,2020-10-21,Google Play: приложения для пения
317,Smule,платят,4,us,караоке-соцсеть,2,"Безработный: VIP не по карману, а соло без VIP нельзя","Amazing, yet limiting. The biggest flaw is that there are songs I would like to sing, but there are no recordings, for duets that you need to join. I am currently unemployed. And these prices would really bite a hole in my wallet, which I can't let happen. I'd gladly sing solo, but unfortunately that's not an option without VIP.",Google Play,https://play.google.com/store/apps/details?id=com.smule.singandroid,2020-08-30,Google Play: приложения для пения
318,Smule,хотят,2,us,караоке-соцсеть,2,Хочет черновики и перепевание отдельных фрагментов,"I love the app, but it would be so much better if we were able to save songs as drafts to finish later, and be able to redo a certain part (even after posting too). Shouldn't be hard to do if starmaker can do it. Once you mess up, you can't go back and have to start all over.",Google Play,https://play.google.com/store/apps/details?id=com.smule.singandroid,2019-10-02,Google Play: приложения для пения
319,Smule,уходят,3,us,караоке-соцсеть,2,Убрали перепевание фрагментов и пение без эффектов — стало хуже,"I used to love this app, I'd have given it 5 stars, but they've changed it so much, it just isn't as good as it used to be. You used to be able to edit your songs after singing them, actually getting to re-sing specific parts if you messed up without having to erase the whole song or start over",Google Play,https://play.google.com/store/apps/details?id=com.smule.singandroid,2022-03-31,Google Play: приложения для пения
320,Smule,страх,1,us,ребёнок-подросток,3,Бесплатно — только дуэты с незнакомцами; опасность для детей,Very pay to play. You can't even sing solo without needing to pay. The only free option is to duet with USUALLY A STRANGER. There could be kids on the app! What if they sing with a Thirty year old? Very paid access. Disgusting. Good song variety tho.,Google Play,https://play.google.com/store/apps/details?id=com.smule.singandroid,2026-08-08,Google Play: приложения для пения
321,Smule,страх,1,us,караоке-соцсеть,2,Домогательства и мошенники; после жалобы заморозили аккаунт жертвы,"I reported someone for harassing me to use zangi and Whatsapp. then after that , my account was frozen and that never happened before ..I've used this for a couple years . in the past then they kicked frauds and scammers off the app . it's not a good app if they don't kick scammers off the app anymore",Google Play,https://play.google.com/store/apps/details?id=com.smule.singandroid,2026-08-18,Google Play: приложения для пения
322,Smule,платят,1,us,караоке-соцсеть,2,"Оплатил VIP на год — аккаунт заморожен, поддержка отговаривается","After subscribing to the VIP for a whole year, they froze my account. When I asked them to reactivate it, they kept giving me all kinds of excuses. Until now, I still can’t access my account..bad service 👎🏻like a scammer!!",Google Play,https://play.google.com/store/apps/details?id=com.smule.singandroid,2026-08-26,Google Play: приложения для пения
323,Smule,ненавидят,2,us,караоке-соцсеть,2,"После загрузки звук хуже, чем при прослушивании; каждое обновление хуже","effect apply is diffrent from what we heard before upload..before upload sound good HD,..after upload sound low bitrate n ugly diffrent from what i setting before..stress what to adjust.please fix asap. each update will bring more worse issue..!!!!!!",Google Play,https://play.google.com/store/apps/details?id=com.smule.singandroid,2026-08-10,Google Play: приложения для пения
324,StarMaker,любят,5,us,караоке-соцсеть,3,Огромная библиотека всех жанров и десятилетий; удобный шеринг; пенсионер,Starmsker is the best Karaoke App by far. The song selection is vast. It covers All genre's and decades of songs long since past. I grew up in the 80's and every song I chose was available. The sharing of your recorded music is amazing and the quality is impressive.,Google Play,https://play.google.com/store/apps/details?id=com.starmakerinteractive.starmaker,2022-04-01,Google Play: приложения для пения
325,StarMaker,ненавидят,3,us,караоке-соцсеть,2,"Любит сообщество и позитив, но баги: рассинхрон, не ловит голос, ошибки соединения","It was at 5 bars because I like the community and the positivity, but the app has bugs, lots of them, sometimes the audio doesn't sync correctly, the audio doesn't pick up my voice, the sound is horrible at times whit music quality and equilizer, and it likes to say there is a connection error, quite frequently.",Google Play,https://play.google.com/store/apps/details?id=com.starmakerinteractive.starmaker,2022-10-31,Google Play: приложения для пения
326,StarMaker,любят,5,us,караоке-соцсеть,2,"Учит новые песни, слушая других; бесплатной версии хватает","I've had this app for a few years now, and still use it pretty often. If you love to sing, or hear others sing, it's fantastic! I've learned many new songs from seeing others perform it and then trying it myself. I've never had a technical issue that wasn't solved by just restarting the app. I prefer the benefits of VIP, but I think the free version is great, too.",Google Play,https://play.google.com/store/apps/details?id=com.starmakerinteractive.starmaker,2022-02-22,Google Play: приложения для пения
327,StarMaker,платят,3,us,караоке-соцсеть,2,Соло бесплатно; VIP не стоил денег,"I like singing with Starmaker bc they have so many songs available. It's great that I can sing SOLO, I don't have to join/duet with others just to sing a song. U pay to upgrade to VIP and get more features, but I didn't find it worth my money.",Google Play,https://play.google.com/store/apps/details?id=com.starmakerinteractive.starmaker,2022-04-20,Google Play: приложения для пения
328,StarMaker,уходят,1,us,караоке-соцсеть,2,"На записи музыка отстаёт от голоса — «это не я, я отличный певец» — удалил","UPDATE UNINSTALLED! My voice isn't matching up, tired of it. No good! I just downloaded several minutes ago, sang about 5 songs but when listening back to the recording, the music is slower than my voice, it isn't matching up and it isn't me, im a great singer!",Google Play,https://play.google.com/store/apps/details?id=com.starmakerinteractive.starmaker,2023-05-05,Google Play: приложения для пения
329,StarMaker,любят,5,us,караоке-соцсеть,2,"Даже если поёшь не очень, все комментируют позитивно","Love this app. Great song selection, feedback from others, you never have to worry, your vocals will not matching the music like it did during recording when you play back the song, as I've found to big a big issue on other apps. It really is a lot of fun, even if you're not a great singer everyone is very positive in their comments.",Google Play,https://play.google.com/store/apps/details?id=com.starmakerinteractive.starmaker,2021-01-01,Google Play: приложения для пения
330,StarMaker,ненавидят,2,us,караоке-соцсеть,2,"Больше соцсеть, чем музыка; плохие минусовки; оценка страдает от тайминга текста","More social media than music, and music quality ranges from acceptable to terrible. I've wasted a lot of time trying multiple versions of songs to find one where the music doesn't suck. Sometimes the lyric timing is way off, so I get messed up and the score suffers as a result.",Google Play,https://play.google.com/store/apps/details?id=com.starmakerinteractive.starmaker,2023-06-13,Google Play: приложения для пения
331,StarMaker,хотят,5,us,караоке-соцсеть,2,"Просит вокальную подсказку (guide vocal) для песен, которые не знаешь как петь",I love it. But there are so far a few songs that are either not syncing with the tunes properly or they have a bug. The one other thing is please add the vocal help on the songs because it really helps expecelly with songs alot of us singers want to try but don't know how to sing them.,Google Play,https://play.google.com/store/apps/details?id=com.starmakerinteractive.starmaker,2022-08-02,Google Play: приложения для пения
332,StarMaker,любят,4,us,караоке-соцсеть,1,"Можно не платить: опыт и уровни открывают то же, что за деньги","I mean it's a good fun app, but my only issue is when singing a duet with another person in a party you can't hear them, it sucks. But otherwise it's really good, you can pay for stuff but you don't have to at all, as long as your in the app you gain ""XP"" and lvl up and get the stuff you would pay for",Google Play,https://play.google.com/store/apps/details?id=com.starmakerinteractive.starmaker,2020-08-13,Google Play: приложения для пения
333,StarMaker,любят,5,us,караоке-соцсеть,2,Услышать свой голос на песне; оценки и чарты; дети тоже развлекаются,"My favorite app, I love to sing along with the radio, this gives me a chance to hear my own voice on it! Plus the kids love it and it keeps them entertained lol. Try it; you'll like it. Not only can you sing it grades you if you do well enough, & you can make the charts.",Google Play,https://play.google.com/store/apps/details?id=com.starmakerinteractive.starmaker,2020-08-20,Google Play: приложения для пения
334,StarMaker,уходят,1,us,караоке-соцсеть,2,"Слишком много отвлечений: игры, боты, фейковые уведомления, награды, попапы","Too many distractions. Focus should be karaoke. It's more like all spam in one dustbin, games, bots, fake accounts, fake notification and messeges, unnecessary rewards systems, coupons, bonuses, reachrges, unwanted irritating popups, too much clutter and noise. just keep it simple and limited to karaoke tracks.",Google Play,https://play.google.com/store/apps/details?id=com.starmakerinteractive.starmaker,2026-09-16,Google Play: приложения для пения
335,StarMaker,ненавидят,1,us,караоке-соцсеть,2,"Токсичность, боты-комплименты, всё за деньги",* Full of toxic people and those with attitude * Bots cheat me to think many people send nice comments * Elite?? something like Gods so why their rooms are publicly mentioned while I am not allowed to view? * Bad filters /mixers * Bad UX * Everything needs payment,Google Play,https://play.google.com/store/apps/details?id=com.starmakerinteractive.starmaker,2026-09-25,Google Play: приложения для пения
336,StarMaker,ненавидят,1,us,ребёнок-подросток,2,"Много рекламы по 30 сек, боты, рассинхрон «портит настроение»","this app is not that helpful..trust me, but like it has too many ads, and there's like bots in this app, but everything I open something..it always lead me to an ad, to be honest every one of them is almost 30 seconds, to be honest...There's like bugs, like when I sing and my voice is slower than the song, the song sped up",Google Play,https://play.google.com/store/apps/details?id=com.starmakerinteractive.starmaker,2026-09-24,Google Play: приложения для пения
337,Vocal Pitch Monitor,любят,5,us,педагог,3,"«Зеркало для уха»: видно высоту, ровность дыхания, соединение тонов","BEST. PRACTICE. TOOL. EVER!!!! This is a mirror for your ear. There are many tuning apps out there, but this one allows you to see the waveform you are creating. Not only in terms of pitch, but how steady your breath flow is and how your tones are connecting or not.",Google Play,https://play.google.com/store/apps/details?id=com.tadaoyamaoka.vocalpitchmonitor,2020-07-01,Google Play: приложения для пения
338,Vocal Pitch Monitor,хотят,4,us,продолжающий,1,"Певец open mic 10 лет: полезно, но нужно знать опору дыхания; прыгает по октавам",I've been using this for a long time and I'm updating my review. two things that would make this better it jumps around. go to the octave of the notes that would be perfect but it jumps from e2 to E4 E5 E3. make the half steps darker and easier to see 2017 It is good app to use as tool for improving your pitch. I am doing Open Mics and singing for 10 years. But you need to understand and know proper breath support,Google Play,https://play.google.com/store/apps/details?id=com.tadaoyamaoka.vocalpitchmonitor,2025-06-10,Google Play: приложения для пения
339,Vocal Pitch Monitor,любят,5,us,певец-новичок,3,"Увидел ошибки, которых не слышал, — и научился их слышать","For someone learning how to sing this app is great. Get to see visually what you sound like and which note you are hitting. It helps me learn to tune my singing, and also practice singing the intervals. With this I have been able to see my mistakes, which I have not been able to hear before, and now have learnt how to hear the mistakes with this app.",Google Play,https://play.google.com/store/apps/details?id=com.tadaoyamaoka.vocalpitchmonitor,2020-04-30,Google Play: приложения для пения
340,Vocal Pitch Monitor,любят,5,us,продолжающий,3,Годы проблем с сольфеджио — три недели практики дали контроль высоты,Really helped me so much after years of struggling with singing for aural skills. Helped me gain so much control of my pitch with three weeks of dedicated practice and my aural skills are the best they have ever been.,Google Play,https://play.google.com/store/apps/details?id=com.tadaoyamaoka.vocalpitchmonitor,2018-11-29,Google Play: приложения для пения
341,Vocal Pitch Monitor,страх,5,us,продолжающий,3,"3 года пел, глядя на экран, — без приложения не может спеть ни строки","Don't use this app for Riyaz, you will regret later. I have used this app for 3 years, the app is very good but while practicing with this app, I have used to sing only by seeing in this app, I sing very good and accurate when I see in the app, but without this app, I can't sing even a one line melody, though I have practiced for years.",Google Play,https://play.google.com/store/apps/details?id=com.tadaoyamaoka.vocalpitchmonitor,2020-10-05,Google Play: приложения для пения
342,Vocal Pitch Monitor,любят,5,us,певец-новичок,2,Самоучка: с виртуальным пианино тренирует слух и точность,I'm self-teaching myself to sing and I had problem keeping track of my pitch when I'm singing so I was looking for a good pitch detector app. This app won my heart! I use it along with a virtual piano app to train both my ears and my pitch and they work great in helping me hitting the right notes.,Google Play,https://play.google.com/store/apps/details?id=com.tadaoyamaoka.vocalpitchmonitor,2019-04-19,Google Play: приложения для пения
343,Vocal Pitch Monitor,ненавидят,1,us,неясно,2,«Удалить» рядом с «Загрузить» без подтверждения — потерял записи,"WHY IS THE DELETE BUTTON NEXT TO THE LOAD BUTTON. My god that is a poor design choice. Not only that, there is NO CONFIRMATION BOX, to ask you whether you are sure you want to delete your work. This has caused me to lose significant amounts of work",Google Play,https://play.google.com/store/apps/details?id=com.tadaoyamaoka.vocalpitchmonitor,2019-08-20,Google Play: приложения для пения
344,Vocal Pitch Monitor,платят,5,us,педагог,1,Профессионально использует в вокальной подготовке; рекомендует платную версию,Pro app with real little ad interference (only small banner sometimes). Recommend the paid version if you are using this app professionally or simply love clean looks. I am using this app with vocal training professionally and I can't complain.,Google Play,https://play.google.com/store/apps/details?id=com.tadaoyamaoka.vocalpitchmonitor,2019-08-11,Google Play: приложения для пения
345,Vocal Pitch Monitor,ненавидят,1,us,продолжающий,2,Вылетает через минуту записи; разработчик не обновляет,"Unique app, nothing else like it. But ... -Saved files are inaccessible except by the app. -Lucky if you can complete more than 1 minute of recording without the app closing on you, no errors message or anything. -Paid version has 3 minute time limit, unpaid doesn't! -Dev won't update or fix anything.",Google Play,https://play.google.com/store/apps/details?id=com.tadaoyamaoka.vocalpitchmonitor,2025-01-16,Google Play: приложения для пения
346,Nail the Pitch,уходят,1,us,неясно,2,"Купил Pro, но запись стартует сама, нельзя перемотать — требует возврат","I bought the pro version thinking it would have better abilities but not so much. First off it starts recording right when you open the app, it should alow the user to start the recording. This makes absolutely no sense. Second there is a rewind button but even if I pause the already automatically started recording you can't rewind it or even start over. I'll be requesting my money back.",Google Play,https://play.google.com/store/apps/details?id=com.autumnrockdev.nailthepitch,2021-11-05,Google Play: приложения для пения
347,Nail the Pitch,платят,5,us,певец-новичок,2,За 6 минут купил Pro; хочет задать тональность и подсветку попадания,"Just what I wanted… Almost! Within just 6 minutes, I was sold and upgraded to the Pro version. I love how I can listen to Spotify or YouTube on my Bluetooth headphones in the background while using the app, and it doesn’t mess with them or pickup their audio.",Google Play,https://play.google.com/store/apps/details?id=com.autumnrockdev.nailthepitch,2024-10-10,Google Play: приложения для пения
348,Nail the Pitch,хотят,5,us,певец-новичок,2,Хочет игровой режим «сыграй ноту — повтори» как стимул к практике,Incredible app! The best I've seen for practicing singing in tune. Simplicity at its very best. Feature request: Learn/Game Mode. The app plays a note and you have to match it. This would be a great incentive to practice.,Google Play,https://play.google.com/store/apps/details?id=com.autumnrockdev.nailthepitch,2019-10-26,Google Play: приложения для пения
349,Nail the Pitch,платят,5,us,педагог,3,Педагог годами использует на уроках; Pro стоит того ради записи прогресса учеников,I have used this app for years to track the pitch of my students when they are doing vocal exercises. It's useful for those with poor intonation and it's a great visual representation when students keep getting the same note or phrase wrong. I recommend this 100% (and more % if there were such a thing). The pro version is definitely worth the extra few ££ as the ability to record progress is hugely beneficial,Google Play,https://play.google.com/store/apps/details?id=com.autumnrockdev.nailthepitch,2023-04-04,Google Play: приложения для пения
350,Nail the Pitch,любят,5,us,продолжающий,2,Видны улучшения в удержании ноты; стоит меньше обеда,"It is a game changer to see your improvements with sustaining a note when working on expanding vocal range and pitch accuracy. It is a very well made tool and I'm glad I bought it. It cost less than one sandwich, drink, and fries. Worth it.",Google Play,https://play.google.com/store/apps/details?id=com.autumnrockdev.nailthepitch,2020-08-08,Google Play: приложения для пения
351,Nail the Pitch,хотят,5,us,продолжающий,2,Хочет петь поверх своей записи и видеть совпадение в реальном времени,"Great and simple application. I bought a PRO version. It would be great to add a simple feature which would make this application much me powerful. After a recording is made, I would like to be able to play the recording in a special mode: I would like to sing along with the recording and see how my voice matches the recording in real time.",Google Play,https://play.google.com/store/apps/details?id=com.autumnrockdev.nailthepitch,2020-08-05,Google Play: приложения для пения
352,Nail the Pitch,ненавидят,5,us,продолжающий,1,Ниже C2 скачет на две октавы (ограничение микрофона),"Doesn't work well at the low end. I can hold C2 to B1. But if I drop lower, then it jumps up two octives. Perhaps it is the limitation of my phone mic.",Google Play,https://play.google.com/store/apps/details?id=com.autumnrockdev.nailthepitch,2025-01-22,Google Play: приложения для пения
353,Pitchy,любят,5,us,певец-новичок,2,Загрузить свою песню и видеть свой график высоты рядом с оригиналом,This app is great. You can upload the song you'd like to practice and sing along seeing your pitch graph alongside the original. I was looking for this kind of app. I used just a free version. There were no intrusive ads or interruptions.,Google Play,https://play.google.com/store/apps/details?id=com.pitchy.app,2025-12-07,Google Play: приложения для пения
354,Pitchy,хотят,4,us,певец-новичок,2,"Хочет, чтобы приложение по тональности говорило «эти ноты тебе не петь»; транспонирование","Pretty great app for a specific purpose. New singes should DEFINITELY get it! Now, as a dev, here is the 5th start: - Would be cool to add a pitch adjustment feature for the youtube songs. - Allow me to upload my own separated audio tracks (voice & instrumental) - USE SONG KEY, it's so low hanging fruit, you could use the song to get it's key and essentially tell the user YOU SHOULDN'T SING THESE NOTES",Google Play,https://play.google.com/store/apps/details?id=com.pitchy.app,2026-03-04,Google Play: приложения для пения
355,Pitchy,ненавидят,2,us,неясно,2,Подписка не объявлена заранее; график без пояснений мало полезен,"Vaguely useful, but mostly vague. Can you use it locally? No, but you have to find that out on your own. Is it a subscription? Yes, but you are not told that upfront. Is a dot plot of your pitch production laid over that from the original vocal actually very useful? Not without something more than a messy graph to compare the two.",Google Play,https://play.google.com/store/apps/details?id=com.pitchy.app,2026-07-08,Google Play: приложения для пения
356,Singing Lessons: Learn to Sing,уходят,2,us,певец-новичок,2,"Собрали видео с YouTube, доступные бесплатно — не за подписку",It's okay. All you did was conveniently bunch together videos from YouTube that I can watch without paying you a subscription fee. Most of the instructors I already follow on YouTube. It's not really what I was expecting.,Google Play,https://play.google.com/store/apps/details?id=sing.songs.learn.singing,2024-10-25,Google Play: приложения для пения
357,Singing Lessons: Learn to Sing,хотят,5,us,певец-новичок,2,"Хочет практику после урока с оценкой, чтобы применить теорию",This App Is Actually Very Good 😮‍💨🫡👌. The Only Thing I Would Recommend Is To Add A Practice Game To After Learning A Lesson. This Will Help Apply The Theory The Videos Teach And Our Performance Can Be Rated And Improved Constantly.,Google Play,https://play.google.com/store/apps/details?id=sing.songs.learn.singing,2025-03-18,Google Play: приложения для пения
358,Singing Lessons: Learn to Sing,хотят,1,us,ребёнок-подросток,1,"Ожидал, что будет петь, а приложение станет поправлять — вместо этого видео",I hate it because I thought that I will just sing a song and when I don't get the Role right it will just correct me and please add what said right this second.,Google Play,https://play.google.com/store/apps/details?id=sing.songs.learn.singing,2025-10-06,Google Play: приложения для пения
359,Singing Lessons: Learn to Sing,ненавидят,1,us,ребёнок-подросток,1,"Просто видео для подпевания, без обратной связи",all it does is you pick a Christmas song or something and then it's just a video you watch and sing along to it and when you finish it it says good job now you know Rudolph the Red-Nosed reindeer song so that's why I am writing this one star do not download this!,Google Play,https://play.google.com/store/apps/details?id=sing.songs.learn.singing,2026-01-13,Google Play: приложения для пения
360,Simply Sing,ненавидят,-,—,неясно,3,"Сразу после онбординга — пейволл, ни одной бесплатной песни для пробы.","I thought this was a cool app however once you get through the opening tutorial you are immediately hit by ""pay us"" without even one free song to test things out.",Reddit r/singing,https://www.reddit.com/r/singing/comments/15g26o5/simply_sing_app_worth_it/ky3hakd/,2023-08-02 (тред),Reddit: обсуждения приложений
361,Simply Sing,уходят,-,—,певец-новичок,3,"Интерес был, но без бесплатных песен удалил приложение сразу.","Yeah I was thinking, wow this is kinda cool - I could see myself using this. Then boom, no songs at all. Deleted app immediately.",Reddit r/singing,https://www.reddit.com/r/singing/comments/15g26o5/simply_sing_app_worth_it/l0ua1jr/,2023-08-02 (тред),Reddit: обсуждения приложений
362,Simply Sing,ненавидят,-,—,неясно,2,Раздражает даже процедура удаления аккаунта — ощущение тёмных паттернов.,I even got super annoyed trying to delete my account when it told me I had to type in delete and then I did but it had to be capitalized and I'm like you mother fucker.,Reddit r/singing,https://www.reddit.com/r/singing/comments/15g26o5/simply_sing_app_worth_it/lisiagn/,2023-08-02 (тред),Reddit: обсуждения приложений
363,Simply Sing,ненавидят,-,—,продолжающий,2,Тест диапазона по разговорному голосу ошибается — занижает тип голоса.,It told me I'm a damn baritone when I can go way higher than that comfortably. Who thought using your talking voice to find your range was a good idea???,Reddit r/singing,https://www.reddit.com/r/singing/comments/15g26o5/simply_sing_app_worth_it/la8xro8/,2023-08-02 (тред),Reddit: обсуждения приложений
364,Simply Sing,ненавидят,-,—,неясно,1,"Результат теста зависит от выбранного пола, а не от голоса — не доверяет.","Also frustrating is that they separate by gender and limit to a specific range. If I select male voice, it says I'm a tenor, but if I select female, it says I'm an alto.",Reddit r/singing,https://www.reddit.com/r/singing/comments/15g26o5/simply_sing_app_worth_it/lc9kkb8/,2023-08-02 (тред),Reddit: обсуждения приложений
365,Simply Sing,ненавидят,-,—,неясно,2,"Маленький каталог песен (~50, включая рождественские).","I agree, the catalog is surprisingly small like 50 songs! And that includes Christmas stuff.",Reddit r/singing,https://www.reddit.com/r/singing/comments/15g26o5/simply_sing_app_worth_it/l7twxgz/,2023-08-02 (тред),Reddit: обсуждения приложений
366,Simply Sing,ненавидят,-,—,караоке-соцсеть,3,Оценка недостоверна: даже тишина получает ~25% баллов — доверие к баллам рушится.,"I loved the app until I realized that even if you don't, sing or make any noise at all, it still gives you quite a lot of points when it should give you none. ... it gives absolute silence still about a 25% score in both timing and accuracy of notes.",Reddit r/singing,https://www.reddit.com/r/singing/comments/15g26o5/simply_sing_app_worth_it/kiou09z/,2023-08-02 (тред),Reddit: обсуждения приложений
367,Simply Sing,платят,-,—,продолжающий,2,"Нравится транспонирование под диапазон, но $20/мес вызывает сомнение в ценности.","I got a recommendation for the app Simply Sing, and it seems cool from the free features. ... I like the way you can shift the key up or down for your vocal range. Pretty cool. But damn, is it worth $20 for a month?",Reddit r/singing (пост),https://www.reddit.com/r/singing/comments/15g26o5/simply_sing_app_worth_it/,2023-08-02,Reddit: обсуждения приложений
368,Simply Sing,ненавидят,-,—,певец-новичок,2,Упражнение тянет за пределы диапазона даже после настройки тональности.,"Got all the way to the sing in tune but, to discover it was trying to force me out of my range like, physically couldn't get myself to sing that high, even after adjusting it to go as low as it could.",Reddit r/singing,https://www.reddit.com/r/singing/comments/15g26o5/simply_sing_app_worth_it/l6q3pnl/,2023-08-02 (тред),Reddit: обсуждения приложений
369,Simply Sing,уходят,-,—,продолжающий,2,"Опытный взрослый певец отменил и вернул деньги: мало песен, ощущение, что приложение для молодых.","I am an experienced singer and found the vocal range assessment by Simply Sing is correct. I installed the app - but then cancelled and asked for a refund as I realised their song library is not large at all ... I am a mature singer, not sure if it makes a difference, I. e. Geared to a younger audience.",Reddit r/singing,https://www.reddit.com/r/singing/comments/1en8cd0/should_i_trust_an_app_called_simply_sing_s_vocal/mhmsewm/,2024-08-08 (тред),Reddit: обсуждения приложений
370,Simply Sing,хотят,-,—,продолжающий,2,Нестабильный тест подрывает доверие к оплате; при этом хочет «коуча в своём темпе» (СДВГ).,"I've done the test 9 times now. 4 times I was a tenor, 3 I was a bass, and once I baritone. I don't really trust it enough to give it any money. ... I want vocal lessons and I'm ADHD as hell so the idea of having a ""coach"" at my own pace is pretty inviting.",Reddit r/singing,https://www.reddit.com/r/singing/comments/1en8cd0/should_i_trust_an_app_called_simply_sing_s_vocal/ox5ui5c/,2024-08-08 (тред),Reddit: обсуждения приложений
371,Simply Sing,ненавидят,-,—,продолжающий,2,Приложение ошиблось с типом голоса; два педагога определили иначе — советует пробный урок у живого педагога.,"Simply sing tells me I'm an alto. I went to two vocal teachers and both tell me I actually have a wide range that covers 3 octaves. I'm therefore a mezzo soprano. ... So yeah I'm telling you the app is wrong. Go to a vocal teacher, even for a trial class.",Reddit r/singing,https://www.reddit.com/r/singing/comments/1en8cd0/should_i_trust_an_app_called_simply_sing_s_vocal/nlsi00k/,2024-08-08 (тред),Reddit: обсуждения приложений
372,Simply Sing,ненавидят,-,—,неясно,2,"Тест непоследователен, песни «генерические и пресные».","I wouldn't trust it. I tried using it, and it is not helpful at all because it would sometimes say I'm a bass and other times a baritone or tenor. Also, they have literally almost no good songs on there, so don't even bother with the app cause they chose the most generic and bland songs that aren't even good.",Reddit r/singing,https://www.reddit.com/r/singing/comments/1en8cd0/should_i_trust_an_app_called_simply_sing_s_vocal/lh4amwo/,2024-08-08 (тред),Reddit: обсуждения приложений
373,Simply Sing,хотят,-,—,неясно,2,"Люди ищут обход, чтобы попробовать до оплаты; лайфхак «2 бесплатные недели через поддержку» собрал десятки благодарностей.","I had the same issue, went to technical help and chatted with the bot. That let's you create a ticket for 2 free weeks of song access. No cc info taken it just ends access after 2 weeks",Reddit r/singing,https://www.reddit.com/r/singing/comments/18ergru/simply_sing_help/l5dpn63/,2023-12-10 (тред),Reddit: обсуждения приложений
374,Simply Sing,платят,-,—,неясно,2,"$15/мес — на грани; хочет хотя бы увидеть весь каталог и триал перед оплатой, отсутствие триала подозрительно.",you shouldn't need a subscription to search the full library and see if there are any songs up your alley to get excited about in full subscription. They don't even have a trial which is very suspicious to me. ... $15/month is right at that cheap enough to consider but not cheap en,Reddit r/singing (пост),https://www.reddit.com/r/singing/comments/1q4oi95/simply_sing_song_list/,2026-01-05,Reddit: обсуждения приложений
375,Simply Sing,любят,-,—,певец-новичок,2,Ценят подстройку любой песни под диапазон; но пейволл без пробы.,"I thought it was cool that they were able to adjust any song to my range. Then, I was asked to pay without even being allowed to try it. :(",Reddit r/singing (пост),https://www.reddit.com/r/singing/comments/1lanyul/alternatives_to_simply_sing/,2025-06-13,Reddit: обсуждения приложений
376,Simply Sing,платят,-,—,ребёнок-подросток,2,$15 без возможности попробовать — «дико»; нужна бесплатная подборка песен.,"That's fair but $15, bucks with no way to try it out first is wild. There should be a free selection of songs",Reddit r/singing,https://www.reddit.com/r/singing/comments/1lanyul/alternatives_to_simply_sing/n8c4f94/,2025-06-13 (тред),Reddit: обсуждения приложений
377,общее (уроки vs приложения),хотят,-,—,ребёнок-подросток,2,Подросток: живые уроки вокала недоступны по бюджету семьи — ищет замену в приложении.,"That is fair, I am young so I don't really have access to voice lessons, I get piano lessons and I would have to quit those if I wanted voice lessons",Reddit r/singing,https://www.reddit.com/r/singing/comments/1lanyul/alternatives_to_simply_sing/mxmimno/,2025-06-13 (тред),Reddit: обсуждения приложений
378,Simply Sing,уходят,-,—,певец-новичок,3,"Отписался: «прославленное караоке», нет обучения технике, требует копировать исполнителя.",I subscribed to premium for a short time but decided it's not worth the added cost. It's basically glorified karaoke. No guidance on technique and you have to sing and improvise identically to the performer in the recording. Dropped Simply Sing but am sticking with Simply Piano.,Reddit r/singing,https://www.reddit.com/r/singing/comments/1l4pz2f/simply_sing_app_help/n741iot/,2025-06-06 (тред),Reddit: обсуждения приложений
379,Simply Sing,ненавидят,-,—,неясно,1,"Баги на iPad: тест диапазона зависает, текст обрезан.",it told me to sing to know my voice range but then half the lyrics are half visible in ipad screen and after turning on the microphone it just doesn't proceed and just blinks there like it's listening and won't stop..idk what's to do with this stupid app,Reddit r/singing,https://www.reddit.com/r/singing/comments/1l4pz2f/simply_sing_app_help/myz44au/,2025-06-06 (тред),Reddit: обсуждения приложений
380,Simply Sing,ненавидят,-,—,певец-новичок,3,"Всё закрыто пейволлом, включая обучение; бесплатно — только тест диапазона.","why is EVERYTHING locked until I pay premium?! Like EVERY song is locked so I can't sing, and the learning part is ALSO locked so I can't sing, basically all the app is good for unless you have money is telling you what vocal range type you have",Reddit r/singing (пост),https://www.reddit.com/r/singing/comments/1jo3yvx/does_simply_sing_just_not_have_anything_free/,2025-03-31,Reddit: обсуждения приложений
381,Simply Sing,ненавидят,-,—,неясно,3,"Вводящий в заблуждение UI: у песен 1-го уровня нет замка, но они всё равно платные.","That said, fuck the Simply Sing app developers, or whoever decided to put little lock symbols next to lvl2+ songs, not next to the lvl1 songs, but still hide the lvl1 shit behind a paywall.",Reddit r/singing,https://www.reddit.com/r/singing/comments/1jo3yvx/does_simply_sing_just_not_have_anything_free/p4wwv85/,2025-03-31 (тред),Reddit: обсуждения приложений
382,общее (уроки vs приложения),платят,-,—,неясно,1,Миф/восприятие: приложение = коуч и стоит в итоге столько же.,"i agree a coach would literally be the same thing as the app, the app probably costs as much as the coach at the end of the day if you wanna get real technical",Reddit r/singing,https://www.reddit.com/r/singing/comments/1jo3yvx/does_simply_sing_just_not_have_anything_free/p8u4jio/,2025-03-31 (тред),Reddit: обсуждения приложений
383,Simply Sing,любят,-,—,продолжающий,2,Нравятся короткие ежедневные сессии; но это не замена живому педагогу.,"SimplySing is one that's fun for short daily vocal training sessions. I've also used Smule to record myself and listen for things I might want to work on. ... None of it's a replacement for a good vocal coach one on one, but they've helped me a bit.",Reddit r/singing,https://www.reddit.com/r/singing/comments/1u3lwry/singers_what_are_your_favourite_apps_that_have/orcdjap/,2026-06-12 (тред),Reddit: обсуждения приложений
384,Simply Sing,страх,-,—,певец-новичок,3,Выбирает приложение из-за страха петь перед человеком; переносит доверие с Simply Piano.,"Im choosing an app as I don't feel ready to sing in front of soneone as I got no experience. I used simply piano to start learning piano, so I expect simply sing to work just as well.",Reddit r/singing (пост),https://www.reddit.com/r/singing/comments/1l042if/best_apps_for_learning_to_sing/,2025-05-31,Reddit: обсуждения приложений
385,Simply Sing,страх,-,—,певец-новичок,3,Бросал занятия из-за стыда перед домашними за «странные звуки» упражнений.,I tried before bunch of exercises but never held on to it (maybe because I didn't want others at home to know that I'm trying to learn how to sing and felt awkward with all the sounds),Reddit r/singing (пост),https://www.reddit.com/r/singing/comments/1ea4baz/is_the_app_simply_sing_good/,2024-07-23,Reddit: обсуждения приложений
386,Yousician (singing),ненавидят,-,—,продолжающий,3,"Проверяет только тон и ритм (~10% пения), техника не оценивается — риск закрепить ошибки.",It's not going to be any use to you. It will approximately tell you if you are on key and in rythm and that's like about 10% of singing. It won't tell you if your singing correctly and you will probably just end up getting better at doing things wrong.,Reddit r/singing,https://www.reddit.com/r/singing/comments/1di0d9g/opinions_on_yousician/l90kne9/,2024-06-17 (тред),Reddit: обсуждения приложений
387,Yousician (singing),любят,-,—,певец-новичок,2,Новичку полезна визуализация высоко/низко; но полные баллы бывают за плохое звучание; со временем пользуется реже.,"I'm a complete beginner and I think it's really useful. ... with the app you can see if you're high/low or if you're trailing off. I don't think getting all the notes right is enough to sound good though, sometimes I get full marks for parts that sound bad even to me. As I improve I use it less and less.",Reddit r/singing,https://www.reddit.com/r/singing/comments/1di0d9g/opinions_on_yousician/l90hes3/,2024-06-17 (тред),Reddit: обсуждения приложений
388,Yousician (singing),ненавидят,-,—,неясно,2,Почти всё закрыто пейволлом.,It pisses me off how basically anything and everything is locked behind a paywall,Reddit r/singing,https://www.reddit.com/r/singing/comments/1di0d9g/opinions_on_yousician/np34j2b/,2024-06-17 (тред),Reddit: обсуждения приложений
389,Yousician (singing),ненавидят,-,—,неясно,2,"Вокальная часть слабая, распознавание плохое даже с разными микрофонами.","Yousician does have a singing portion but it's not very good in my experience, despite multiple different mics being used.",Reddit r/singing (пост),https://www.reddit.com/r/singing/comments/bxa91o/apps_like_yousician_but_for_singing/,2019-06-06,Reddit: обсуждения приложений
390,Yousician (singing),платят,-,—,певец-новичок,3,"Студент без денег на педагога купил Premium+, но понял: приложение проверяет только высоту, не технику — чувствует недостаточность.","I managed to buy a Premium+ subscription to Yousician because it has a lot of positive reviews. I tried a few lessons, but quickly realized that using only the app doesn't feel sufficient. The main issue is that Yousician only checks pitch accuracy. As a complete beginner, I'm probably making many technical mistakes, but I don't even kn",Reddit r/singing (пост),https://www.reddit.com/r/singing/comments/1qvkh49/how_can_i_learn_singing_without_a_teacher_if_i/,2026-02-04,Reddit: обсуждения приложений
391,Yousician (singing),ненавидят,-,—,певец-новичок,3,"Засчитывает ноты даже при ужасном звучании — непонятно, правильно ли поёшь.",it's really janky with my headset so even if I sound like a duck screaming I can still get notes and overall I truly don't even know if I'm doing anything right.,Reddit r/singing (пост),https://www.reddit.com/r/singing/comments/nquvyl/has_anyone_used_yousician_for_singing_and_has_it/,2021-06-02,Reddit: обсуждения приложений
392,Yousician (singing),любят,-,—,певец-новичок,2,"Помог с интонацией и ритмом, но легко «читерить»; дыхание и зажим приложение не видит.","I have done most of the Yousician exercises and have almost finished it. I believe it has helped me with pitch and timing. It can help you to see mistakes, like onset and others. ... On the other hand it is quite easy to 'cheat', since it can't correct everything. Things like breathing is not easy for an app to help you with or if you strain to hit a note.",Reddit r/singing,https://www.reddit.com/r/singing/comments/nquvyl/has_anyone_used_yousician_for_singing_and_has_it/h0dah5l/,2021-06-02 (тред),Reddit: обсуждения приложений
393,Yousician (singing),ненавидят,-,—,продолжающий,2,"Опытному певцу бессмысленно: нет нот, навыки не переносятся за пределы приложения.","As someone who has had singing lessons for years, I found Yousician singing really difficult and quite pointless. It's so much harder to sing and learn songs on there. There's no sheet music! ... The way they teach singing and learning songs is useless for outside the app.",Reddit r/singing,https://www.reddit.com/r/singing/comments/nquvyl/has_anyone_used_yousician_for_singing_and_has_it/ijfvpnd/,2021-06-02 (тред),Reddit: обсуждения приложений
394,Yousician (singing),любят,-,—,певец-новичок,2,"Прошёл все уровни — помогло с интонацией; но больше дали распевки и потом педагог, подобравший упражнения под тело.",I have gold stars across all 5 levels. I started without any singing experience. It helped with pitch control. My range expanded a bit. What's helped me more is finding good warmup exercises that relax and stretch my vocal chords. ... I now have a teacher who helped me figure out which exercises work best with my body.,Reddit r/yousician,https://www.reddit.com/r/yousician/comments/1udwcml/is_it_good_for_singing/,2026-06-23 (тред),Reddit: обсуждения приложений
395,Yousician (singing),любят,-,—,певец-новичок,1,"Главный итог — понял, что петь сложнее, чем казалось.",It definitely been helpful at increasing my respect for good singers because singing is much harder than I thought.,Reddit r/yousician,https://www.reddit.com/r/yousician/comments/1udwcml/is_it_good_for_singing/,2026-06-23 (тред),Reddit: обсуждения приложений
396,"Yousician (общий, гитара)",уходят,-,—,неясно,3,"Годовой подписчик, занимался ежедневно, бросил из-за плохого качества (AI-)вокала в новых песнях и потери каталога. Не вокальный курс — инструменталист.","I paid for my annual subscription at the end of last year. Until summer, I practiced with your program every single day. Today it occurred to me that I hadn't opened it in weeks because the songs performed by so many ""talented"" artists were so awful that it put me off.",Reddit r/yousician (пост),https://www.reddit.com/r/yousician/comments/1wbs7oq/see_you_later_or_maybe_not_goodbye_forever/,2026-09-09,Reddit: обсуждения приложений
397,"Yousician (общий, гитара)",уходят,-,—,неясно,2,Падение качества контента убивает ежедневную привычку; не продлит подписку.,"Yep, you're just ONE MORE. I am totally demotivated by the slop now. I'll play it once a week or so after playing every day for over a year. When my sub runs out, I run out.",Reddit r/yousician,https://www.reddit.com/r/yousician/comments/1wbs7oq/see_you_later_or_maybe_not_goodbye_forever/,2026-09-09 (тред),Reddit: обсуждения приложений
398,общее (геймификация),хотят,-,—,продолжающий,3,"Ключевой запрос: урок раз в неделю есть, нужно чтобы остальные 6 дней были интересными и продуктивными — с фокусом на техникe.","I recently learned guitar and found a really fun game (Yousician) that listened to you play guitar and really helped me learn while having lots of fun. Is there something like this for singing? I'm not looking for something like Rock Band --- I want something that's focused on learning and technique. I am taking lessons once a week, but I'd want this to make the other six days lots of fun and productive.",Reddit r/singing (пост),https://www.reddit.com/r/singing/comments/43khzh/how_to_gamify_singing/,2016-01-31,Reddit: обсуждения приложений
399,общее (геймификация),хотят,-,—,продолжающий,1,Технику трудно геймифицировать; предлагают маленькие цели и самооценку по баллам.,"But unfortunately, singing technique is mostly really detailed work, which is hard to ""gamify"". I would suggest setting some small goals (do the exercise correctly 10 times in a row, master this section of a song, etc.) and assigning yourself a point value for doing it",Reddit r/singing,https://www.reddit.com/r/singing/comments/43khzh/how_to_gamify_singing/cziv1yc/,2016-01-31 (тред),Reddit: обсуждения приложений
400,общее (дуолинго-для-вокала),хотят,-,—,продолжающий,3,"Ученик живого педагога готов платить за приложение, которое заставит делать ежедневные распевки — «Duolingo для пения».","I see my coach in person but I'm willing to spend some money on an app that forces me to do my daily warmups. If there's a singing duolingo, or less gamified version that's just solid videos and logging in daily, I would love to know!",Reddit r/singing (пост),https://www.reddit.com/r/singing/comments/1lx1x6e/best_app_for_advanced_vocal_coaching/,2025-07-11,Reddit: обсуждения приложений
401,Singing Carrots,ненавидят,-,—,неясно,3,"Нет пробы до оплаты, маркетинг-опросник и «цена только 30 минут» выглядят как скам.","I don't like the fact you can't try it out before paying and I'd like to see it compared with other practice aids such as ""simply sing"" The questionnaire style marketing and the ""this price is only available for 30 mins"" thing immediately makes me suspicious of it",Reddit r/singing,https://www.reddit.com/r/singing/comments/1889ih3/has_anyone_here_used_singing_carrots_before/o7gqg0j/,2023-12-01 (тред),Reddit: обсуждения приложений
402,Singing Carrots,уходят,-,—,неясно,3,"Ушёл из-за «скам»-приёмов продаж на сайте, хотя был заинтересован.",Exactly what turned me off. I was really interested in it but all the scam website style hooks had me leaving real quick.,Reddit r/singing,https://www.reddit.com/r/singing/comments/1889ih3/has_anyone_here_used_singing_carrots_before/ozkdpqm/,2023-12-01 (тред),Reddit: обсуждения приложений
403,Singing Carrots,любят,-,—,неясно,1,Бесплатная часть показалась нормальной.,What makes it a scam? I've tried it a little bit before it asked me to pay and I thought it was okay.,Reddit r/singing,https://www.reddit.com/r/singing/comments/1889ih3/has_anyone_here_used_singing_carrots_before/kbknnum/,2023-12-01 (тред),Reddit: обсуждения приложений
404,Singing Carrots,платят,-,—,ребёнок-подросток,2,Родитель готов платить $120/год на ребёнка за 15-минутные сессии 3 раза в неделю; ждёт постепенного прогресса.,"I have two kids, a teenager and a pre-teen, and I am looking for an online course that they can use for 15 minute sessions 3 times a week. We do not expect rapid improvement, but improvement over time. Singing Carrots seems to have that for $120 per year per kid.",Reddit r/singing (пост),https://www.reddit.com/r/singing/comments/1luwsh5/is_singing_carrots_a_good_online_course/,2025-07-08,Reddit: обсуждения приложений
405,Singing Carrots,хотят,-,—,певец-новичок,2,"Хочет ведущий «путь»: распевки, упражнения, маршрут — желательно бесплатно.","I am looking for site like singing carrots (preferably free) that would guide me to vocal warm-ups, exercises, some path etc. App is also acceptable. I did find singing carrots that is not free.",Reddit r/singing (пост),https://www.reddit.com/r/singing/comments/1fi71o4/any_site_or_app_to_lead_me_to_improve_singing/,2024-09-16,Reddit: обсуждения приложений
406,Singing Carrots,любят,-,—,певец-новичок,2,"64 года: уже через неделю заметный прогресс, хотя кажется «детским».",I just started using singingcarrots.com and after only a week I can already tell big improvements. I think it is for kids. I wish I had started when I was kid instead of age 64 lol,Reddit r/singing,https://www.reddit.com/r/singing/comments/1wn4c1g/do_you_use_any_apps_to_practice_singing/pbcnnqk/,2026-09-22 (тред),Reddit: обсуждения приложений
407,Singing Carrots,любят,-,—,певец-новичок,2,"Нравится, что прогресс виден в приложении.","I'm really enjoying Singing Carrots and am finding a lot of improvement, which it is showing",Reddit r/singing,https://www.reddit.com/r/singing/comments/1qqg8k4/as_someone_who_is_working_on_pitch_ive_noticed/o2grm3f/,2026-01-29 (тред),Reddit: обсуждения приложений
408,Pitchy Ninja / Singing Carrots,ненавидят,-,—,певец-новичок,2,Упражнения не в диапазоне пользователя; Singing Carrots отпадает из-за цены.,"I want to be able to do the accuracy only in baritone range for now until my range gets higher because with pitch ninja it just gives me a god damn G#900 that I have to do a frequency only dogs can hear to hit correctly, also I wanna do it for free so singing carrots doesent work",Reddit r/singing (пост),https://www.reddit.com/r/singing/comments/1slnqly/pitch_accuracy_websitesapps/,2026-04-14,Reddit: обсуждения приложений
409,Singing Carrots / тюнеры,хотят,-,—,продолжающий,2,"Хотят визуализацию отклонения, упражнения на точные ноты и трекинг прогресса.",Sometimes she's a bit off tune and she's looking for a tool to visualize and help recognize the deviation of her pitch. ... Like exercises to hit specific notes and see how far off you are. Maybe keeping track of progress also ?,Reddit r/singing (пост),https://www.reddit.com/r/singing/comments/1s2dzs4/tune_tracking_tool/,2026-03-24,Reddit: обсуждения приложений
410,тюнеры (общее),страх,-,—,продолжающий,1,Тюнер наказывает вибрато и стилистику — не жить по нему.,"she shouldn't live and die by a tuner; remember it's just a tool like any other. It rewards attack + precision and punishes vibrato, stylistic choices like bends etc.",Reddit r/singing,https://www.reddit.com/r/singing/comments/1s2dzs4/tune_tracking_tool/oc7f4bd/,2026-03-24 (тред),Reddit: обсуждения приложений
411,SingScope,любят,-,—,педагог,2,Педагог использует визуализацию мелодической линии как биофидбек на уроках.,I love SingScope. It'll record her singing and show the entire vocal line sung. I have used this tool as bio feedback in lessons for folks who can't hear when they aren't singing the correct notes or are singing out of tune. They can hear it back and see it.,Reddit r/singing,https://www.reddit.com/r/singing/comments/1s2dzs4/tune_tracking_tool/oc8duun/,2026-03-24 (тред),Reddit: обсуждения приложений
412,Smule,платят,-,—,караоке-соцсеть,3,Платит охотно: огромный каталог и низкий порог — можно не бояться ошибок.,"I absolutely LOVE Smule and I don't mind paying for the subscription, it's completely worth it to me. Pretty much anything and everything I wanna sing is available ... I actually like the fact that there is quite a low bar to entry because it makes for a chill atmosphere where you don't have to worry about making mistakes",Reddit r/singing,https://www.reddit.com/r/singing/comments/cjex7g/has_anyone_tried_out_the_smule_singing_app/ew00l05/,2019-07-29 (тред),Reddit: обсуждения приложений
413,Smule,ненавидят,-,—,караоке-соцсеть,2,Сольные каверы только за деньги.,"I hate that you have to pay to do solo covers, wish that was always an option",Reddit r/singing,https://www.reddit.com/r/singing/comments/cjex7g/has_anyone_tried_out_the_smule_singing_app/evdw359/,2019-07-29 (тред),Reddit: обсуждения приложений
414,Smule,уходят,-,—,караоке-соцсеть,2,Не стал платить ~35€ за VIP: трудно найти сильных партнёров для дуэтов.,"I didn't pay for the full version, so I didn't get to start covers, just complete them. And I found it too hard to find people who's singing was up to par for me ... I ended up deciding not to pay the 35(?)€ for the time limited VIP version",Reddit r/singing,https://www.reddit.com/r/singing/comments/cjex7g/has_anyone_tried_out_the_smule_singing_app/evd3fdn/,2019-07-29 (тред),Reddit: обсуждения приложений
415,Smule,любят,-,—,караоке-соцсеть,2,Фильтры голоса повышают уверенность; залипание на 3 часа.,"I found out about it yesterday and used it for about 3 hours straight, I feel like its a great way to improve singing, and also the voice filters sounds great and really help boost your confidence in singing.",Reddit r/singing (пост),https://www.reddit.com/r/singing/comments/cjex7g/has_anyone_tried_out_the_smule_singing_app/,2019-07-29,Reddit: обсуждения приложений
416,Smule,ненавидят,-,—,продолжающий,2,"Неверно определён голос, подсунули неподходящие песни и вердикт «проблемы с интонацией» — обидно.",I joined this a couple days ago and was shocked to be put in as a alto. I am mezzo or at a push top alto. The songs that they gave me were lot of unknown songs and mainly done by male artist which threw me straight away. ... this app said i struggle with tune,Reddit r/singing,https://www.reddit.com/r/singing/comments/cjex7g/has_anyone_tried_out_the_smule_singing_app/m60sfin/,2019-07-29 (тред),Reddit: обсуждения приложений
417,Smule,уходят,-,—,караоке-соцсеть,2,Ушёл из-за задержки мониторинга голоса.,I used to use Smule. I really wanted to love it but the monitoring latency bothered me too much to keep using it.,Reddit r/singing,https://www.reddit.com/r/singing/comments/1cyr08o/any_smule_users_here/l5bdec5/,2024-05-23 (тред),Reddit: обсуждения приложений
418,Smule,уходят,-,—,караоке-соцсеть,1,Использовал как замену живому караоке в ковид; вернулся к живому.,"I was using it during COVID, but now that I am able to go to karaoke and perform live, I haven't gone back to it. I also don't have as much free time now.",Reddit r/singing,https://www.reddit.com/r/singing/comments/1cyr08o/any_smule_users_here/l5bovwr/,2024-05-23 (тред),Reddit: обсуждения приложений
419,Smule,уходят,-,—,караоке-соцсеть,3,"Ушёл в StarMaker после того, как соло и открытые дуэты стали платными.","I meant you can't do those for free anymore, they require a paid subscription which I personally can't afford. Open duets as in start a song as a duet and people can join in and sing with you, all of these used to be free ... Starmaker is completely free",Reddit r/singing,https://www.reddit.com/r/singing/comments/1cyr08o/any_smule_users_here/l5e98w6/,2024-05-23 (тред),Reddit: обсуждения приложений
420,Smule,любят,-,—,караоке-соцсеть,3,"Не улучшает навык, но даёт место петь и получать похвалу анонимно.","I use it from time to time. I wouldn't say it helps me improve, but it gives me somewhere I can sing and receive compliments while staying anonymous.",Reddit r/singing,https://www.reddit.com/r/singing/comments/1cyr08o/any_smule_users_here/l5ci5b0/,2024-05-23 (тред),Reddit: обсуждения приложений
421,Smule,платят,-,—,караоке-соцсеть,2,Годовая Pro-подписка окупается частым использованием.,"I pay for the yearly pro subscription, I get a lot of use out of it. It's a blast!",Reddit r/singing,https://www.reddit.com/r/singing/comments/1cyr08o/any_smule_users_here/l5db5wx/,2024-05-23 (тред),Reddit: обсуждения приложений
422,Smule,ненавидят,-,—,караоке-соцсеть,3,"Удаляют записи после года неактивности — нельзя услышать, как пел раньше.",They also delete your recordings after one year of inactivity; I logged on just yesterday to see how I sounded back then and I couldn't even listen to my old stuff!,Reddit r/singing,https://www.reddit.com/r/singing/comments/1invc9z/any_smule_users_in_here/mcgw4vv/,2025-02-12 (тред),Reddit: обсуждения приложений
423,Smule,платят,-,—,караоке-соцсеть,2,"Премиум через сайт на 80–90% дешевле, чем в приложении.","Try it, is real good! Just one advice if you would like to become premium do it on page not on app, it has like 80-90% discount",Reddit r/singing,https://www.reddit.com/r/singing/comments/1invc9z/any_smule_users_in_here/mcf0069/,2025-02-12 (тред),Reddit: обсуждения приложений
424,Smule,любят,-,—,караоке-соцсеть,2,Ценят возможность петь без лица.,yah its fun just singing and not showing ur face and stuff,Reddit r/singing,https://www.reddit.com/r/singing/comments/1invc9z/any_smule_users_in_here/mx6hyf1/,2025-02-12 (тред),Reddit: обсуждения приложений
425,StarMaker,ненавидят,-,—,караоке-соцсеть,3,Лайки и комплименты от ботов даже за пустую запись — похвала обесценена.,"Then I did some research on the app and I discovered that there are a lot of robots on it. In order to test this, I posted a cover without any lyrics or actual singing - just nothingness and I still got likes and one ""person"" even commented to compliment my ""song""",Reddit r/singing (пост),https://www.reddit.com/r/singing/comments/y47onc/is_starmaker_actually_a_good_app/,2022-10-14,Reddit: обсуждения приложений
426,StarMaker,ненавидят,-,—,караоке-соцсеть,3,"Оценка сломана: фальшь получает A++, выше голос — выше балл.","the algorithm for grading is, and has been, ridiculously, hilariously, underwhelmingly BROKEN. I've tested it 10 ways to sunday, and this is what I've found: if you get on the mic and hit only sour notes- A++! If you get on there and act like you have sense- C, try harder next time! The higher pitched your voice is- male or female, the higher you score.",Reddit r/singing,https://www.reddit.com/r/singing/comments/y47onc/is_starmaker_actually_a_good_app/kk32i4s/,2022-10-14 (тред),Reddit: обсуждения приложений
427,StarMaker,ненавидят,-,—,караоке-соцсеть,3,"Боты раздувают уверенность, создают ложное ощущение успеха и подталкивают тратить деньги.","Inauthentic Feedback: The app appears to use bots to inflate user confidence. These bots shower users with positive comments and likes, regardless of singing quality. This can create a false sense of achievement and encourage users to spend money on in-app features.",Reddit r/singing,https://www.reddit.com/r/singing/comments/y47onc/is_starmaker_actually_a_good_app/kbaueqr/,2022-10-14 (тред),Reddit: обсуждения приложений
428,StarMaker,любят,-,—,караоке-соцсеть,1,"Годами поёт для себя, игнорируя фейковые аккаунты.","I've used Starmaker for years. Do it for fun and ignore the fake accounts. ... Yes the comments are canned, who cares if you are singing for yourself?",Reddit r/singing,https://www.reddit.com/r/singing/comments/y47onc/is_starmaker_actually_a_good_app/k56ubdm/,2022-10-14 (тред),Reddit: обсуждения приложений
429,StarMaker,ненавидят,-,—,караоке-соцсеть,3,За 3–4 года первый живой отклик — угнетает.,I've been using StarMaker on and off for about three or four years. I think yesterday might've been the first time I received a like or comment from a human. ... That's very depressing.,Reddit r/singing,https://www.reddit.com/r/singing/comments/y47onc/is_starmaker_actually_a_good_app/lr5fqi8/,2022-10-14 (тред),Reddit: обсуждения приложений
430,StarMaker,ненавидят,-,—,караоке-соцсеть,3,"Стёрли все записи, которые хотел использовать для прослушиваний.","I had over 2 dozen recordings saved since 2023, and Star Maker erased them all 😡 when I was going to download/share the good ones for auditioning purposes.",Reddit r/singing,https://www.reddit.com/r/singing/comments/ki1i32/whats_your_opinion_on_the_star_maker_app/ld1tbda/,2020-12-22 (тред),Reddit: обсуждения приложений
431,StarMaker,ненавидят,-,—,караоке-соцсеть,2,"Признание покупается за деньги, все комментарии от ботов.","Personally, I think it's strictly about the money with them. You gotta pay to get a ticket to to give someone an award and people give the most awards and who receive the most awards win which all cost money ... Every single comment I've ever gotten is from a bot.",Reddit r/singing,https://www.reddit.com/r/singing/comments/ki1i32/whats_your_opinion_on_the_star_maker_app/n2wvu1m/,2020-12-22 (тред),Reddit: обсуждения приложений
432,StarMaker,любят,-,—,караоке-соцсеть,2,Можно петь плохо и всё равно получать удовольствие — в этом смысл караоке.,"There are real people on there, though, and you can make real friends and do pretty cool stuff. You can also do REALLY SUCKY karaoke and still have fun. Which to me, is kind of the point of karaoke.",Reddit r/singing,https://www.reddit.com/r/singing/comments/ki1i32/whats_your_opinion_on_the_star_maker_app/i764kkj/,2020-12-22 (тред),Reddit: обсуждения приложений
433,StarMaker,страх,-,—,ребёнок-подросток,3,"Будучи несовершеннолетним, попал в «семью», похожую на секту, со словесным абьюзом.","Back when I was a minor, I'm pretty sure I ended up in a ""family"" that made us all codependent, and it honestly felt super cult-like and verbally abusive. Also, there are way too many bots, even today.",Reddit r/singing,https://www.reddit.com/r/singing/comments/ki1i32/whats_your_opinion_on_the_star_maker_app/ovp89ig/,2020-12-22 (тред),Reddit: обсуждения приложений
434,StarMaker,любят,-,—,караоке-соцсеть,2,Хорошая караоке-машина и «комнаты» с маленькой аудиторией; обещание славы — пустое.,"I find Starmaker is convenient specifically as a karaoke machine. Also, they have ""rooms"" where you can take turns playing to a small audience. The app wants to convince you it can make you famous but it won't it's just a pretty good karaoke machine.",Reddit r/singing,https://www.reddit.com/r/singing/comments/1wn4c1g/do_you_use_any_apps_to_practice_singing/pbdcfuh/,2026-09-22 (тред),Reddit: обсуждения приложений
435,Erol Singer's Studio,любят,-,—,певец-новичок,3,68-летний ученик живого педагога взял приложение для упражнений между уроками и «объективного» замера прогресса; видит рост 38%→80–90%.,"my teacher kept telling me I was getting better but I had so much self doubt that I got an app, Erol's Singer's Studio, in the hopes that I would have better drills to practice during the week and some ""objective"" way to measure my progress. ... In month 1, I averaged 38% on pitch for simple drills. Month 2 was 54%. ... Now if I repeat the simple drills I average 80-90% on pitch.",Reddit r/singing (пост),https://www.reddit.com/r/singing/comments/10m5dxz/my_results_using_an_iphone_app/,2023-01-26,Reddit: обсуждения приложений
436,Erol Singer's Studio,платят,-,—,певец-новичок,2,"Платит ~$4/мес (годовая): 18 уровней, графики прогресса по дням/месяцам/годам.","In August of 2021 I got a monthly subscription that I later converted to annual (equals $4/month). There are 18 levels from very basic beginner to ""expert"". Lots of drills that graphically show your pitch-matching performance by score and percentage. It summarizes your progress by day, month and year.",Reddit r/singing (пост),https://www.reddit.com/r/singing/comments/10m5dxz/my_results_using_an_iphone_app/,2023-01-26,Reddit: обсуждения приложений
437,Erol Singer's Studio,любят,-,—,певец-новичок,3,"В 70 лет приложение даёт «объективное доказательство», что ещё можно улучшаться.","Congratulations. What's cool for me is that now, at 70, my app gives me objective proof that my old vocal chords/ears can still improve.",Reddit r/singing,https://www.reddit.com/r/singing/comments/smxhp4/an_old_beginner_learning_to_sing_at_68/jucmijt/,2022-02-07 (тред),Reddit: обсуждения приложений
438,Erol Singer's Studio,страх,-,—,певец-новичок,2,"Приложение как «проверка, стоит ли» перед педагогом — идти к педагогу боится без разрешения/одобрения.","Now, at 62, I'm using various youtube channels and Erols Singer Studio app to get started. ... I'm going to give it a few weeks and if the wife (who has a much better ear) tells me that there is something there worth developing, I'll get a vocal coach.",Reddit r/singing,https://www.reddit.com/r/singing/comments/smxhp4/an_old_beginner_learning_to_sing_at_68/jtyyi0d/,2022-02-07 (тред),Reddit: обсуждения приложений
439,Erol Singer's Studio,страх,-,—,неясно,2,Страх навредить голосу без педагога.,I'd steer clear. You need a teacher who can tell you when and how you're fucking up. Otherwise you might just hurt yourself when you think you're getting it right.,Reddit r/singing,https://www.reddit.com/r/singing/comments/16ft09/anyone_tried_and_had_luck_with_erol_singer_ipad/c7w14b5/,2013-01-12 (тред),Reddit: обсуждения приложений
440,Erol Singer's Studio,платят,-,—,неясно,3,"«Стоит каждого пенни», можно далеко продвинуться без педагога.",Erols singer studio is worth every penny! You can get very very very far without needing a teacher or coach.,Reddit r/singing,https://www.reddit.com/r/singing/comments/9g4a4z/apps_for_learning_how_to_sing/e626ebb/,2018-09-15 (тред),Reddit: обсуждения приложений
441,Vanido,ненавидят,-,—,неясно,3,"Распознавание сломано 3 недели, поддержка молчит, а $50/год списывают.","Regarding Vanido, pitch tracking is broken in the current release (going on 3 weeks now). Reviews ignored, emails ignored, tickets ignored. Hasn't stopped them from asking for $50 a year for use of the app!",Reddit r/singing,https://www.reddit.com/r/singing/comments/e191i1/im_new_to_singing_and_have_been_using_vanido_for/faauahp/,2019-11-25 (тред),Reddit: обсуждения приложений
442,Vanido,любят,-,—,певец-новичок,2,"Час в день — точность нот выросла, но звучит всё ещё нехорошо: предел «попадания в ноты».",I'm new to singing and have been using Vanido for an hour everyday just singing every not in my range. My ability to hit all the notes accurately has increased a lot. ... I also don't sound too good even though I'm able to hit the notes accurately,Reddit r/singing (пост),https://www.reddit.com/r/singing/comments/e191i1/im_new_to_singing_and_have_been_using_vanido_for/,2019-11-25,Reddit: обсуждения приложений
443,Vanido,ненавидят,-,—,продолжающий,1,Классификация голоса в приложении путает диапазон и тесситуру.,"Looks like they confused absolute range with tessitura, otherwise the lower two voices would be a lot lower and the higher ones even higher",Reddit r/singing,https://www.reddit.com/r/singing/comments/g8rjos/how_accurate_is_this_for_trying_to_find_my_vocal/foptyhm/,2020-04-27 (тред),Reddit: обсуждения приложений
444,Singeo / Musora,платят,-,AU,продолжающий,2,"AI-функции Singeo неточные, но живой урок $50 за 30 мин в Австралии — дорого; Singeo $279.",Agreed. It's AI features aren't that great and they are never accurate. But paying someone ain't cheap too. You're looking at around $50 for a 30 minute session at least here in Australia and that's at the cheaper end.,Reddit r/singing,https://www.reddit.com/r/singing/comments/1tub8ie/is_singeo279_actually_worth_it_honest_reviews/op8l5n9/,2026-06-02 (тред),Reddit: обсуждения приложений
445,Singeo / Musora,хотят,-,—,певец-новичок,3,"Семейная подписка ценна широтой, но в вокале застрял: никто не слушает и не даёт персонального совета.","Our family has a subscription and we like it because it gives access not only to singing lessons, but also to drumming, piano, and guitar lessons ... I haven't gotten very far with the singing videos because all the introductory stuff are exercises and warmups, which is fine, but there's nobody there to listen to my voice and give me specific advice and suggestions that are tailored to my own unique voice and goals.",Reddit r/singing,https://www.reddit.com/r/singing/comments/1tub8ie/is_singeo279_actually_worth_it_honest_reviews/op93kns/,2026-06-02 (тред),Reddit: обсуждения приложений
446,Singeo / Musora,ненавидят,-,—,педагог,2,Педагог: асинхронное обучение без обратной связи не работает; цена «безумная» для такого качества.,"Asynchronous learning models without any form of feedback do not work to learn singing in my opinion. If they did, everyone could learn from YouTube alone. Singeo will not teach you anything not available on YouTube, and the pricing for it is quite frankly insane in my opinion for the quality of the lessons.",Reddit r/singing,https://www.reddit.com/r/singing/comments/1tub8ie/is_singeo279_actually_worth_it_honest_reviews/op8w8wa/,2026-06-02 (тред),Reddit: обсуждения приложений
447,Singeo / Musora,любят,-,—,продолжающий,1,Ценится возможность раз в 4 недели получить разбор видео от ментора.,They allow you to submit one video every 4 weeks for a critique from the mentors. But I disagree that you don't learn anything of substance.,Reddit r/singing,https://www.reddit.com/r/singing/comments/1tub8ie/is_singeo279_actually_worth_it_honest_reviews/otwdbrt/,2026-06-02 (тред),Reddit: обсуждения приложений
448,общее (уроки vs приложения),хотят,-,—,педагог,2,Педагог: главное в уроке — кто-то слышит именно твой голос и даёт конкретные указания.,Looking at the app it seems like you're missing the most important part of singing lessons which is someone hearing YOUR voice and giving specific instruction to you. Imo you can practice exercise as much as you want but it won't do much without someone listening and giving feedback.,Reddit r/singing,https://www.reddit.com/r/singing/comments/1tub8ie/is_singeo279_actually_worth_it_honest_reviews/op8izob/,2026-06-02 (тред),Reddit: обсуждения приложений
449,30 Day Singer,любят,-,—,певец-новичок,2,"Дал базу, но упрощённые объяснения микста путают; годится только без педагога.","I used 30 Day Singer beginner level. It was helpful for understanding the elements of singing and getting a foundation. ... their over-simplified explanations were more confusing than helpful. I think it was a decent option for someone without a vocal coach, but it wouldn't be worth it if I already had a vocal coach.",Reddit r/singing,https://www.reddit.com/r/singing/comments/1bty98r/vocal_coach_here_im_curious_about_how_you_guys/kxpnqjd/,2024-04-02 (тред),Reddit: обсуждения приложений
450,Sing Whiz / тесты диапазона,ненавидят,-,—,продолжающий,2,Тесты диапазона неточны; сообщество устало от скриншотов «какой у меня голос».,"The SingWhiz app isn't some sort of official test. It's horribly inaccurate for finding voice types and useable ranges. The results don't mean anything. ""Is my range good?"" We don't know, because we haven't heard you.",Reddit r/singing (пост),https://www.reddit.com/r/singing/comments/1b2hci7/people_please_i_know_vocal_range_is_an/,2024-02-28,Reddit: обсуждения приложений
451,тесты диапазона (общее),ненавидят,-,—,певец-новичок,2,"Половина приложений не слышит низы, фальцет читают на октаву+ выше.","Shamefully, I made the mistake of trying a bunch of those sites and apps when I started trying to sing not too long ago. Fully half of them refused to register any lowish notes (below D2), and some like the one I posted here seemed to read my high falsetto (which was probably F5-ish, and is just a horrid squeak at B5) as A6.",Reddit r/singing,https://www.reddit.com/r/singing/comments/1b3rfzr/for_novices_trying_voice_type_apps/ktm8jbc/,2024-03-01 (тред),Reddit: обсуждения приложений
452,Nail the Pitch,ненавидят,-,—,певец-новичок,3,"Приложение ошибалось на октаву, пользователь поверил в ложный диапазон и спорил с людьми — сожалеет.","I rarely used high notes (therefore am bad at differentiating different high notes very well by ear) in the past and was excited to see myself „hitting D5+"" with minimal effort on the app. I became very defensive when people questioned my range",Reddit r/singing (пост),https://www.reddit.com/r/singing/comments/1r2xh5l/i_was_misled_by_the_nail_the_pitch_app_i_regret/,2026-02-12,Reddit: обсуждения приложений
453,Vocal Pitch Monitor,любят,-,—,продолжающий,2,"VPM — точный инструмент-справочник по высоте, но не оценивает здоровье/красоту звука и не учит.","The only app I have found to be truly accurate all the time is Voice VocalPitchMonitor. But it cannot tell, like you said, whether one sings healthily or pleasantly. But it's a great tool if you have to figure out / reference a certain pitch on the fly. An app cannot replace a teacher, nor can it teach you how to sing.",Reddit r/singing,https://www.reddit.com/r/singing/comments/1r2xh5l/i_was_misled_by_the_nail_the_pitch_app_i_regret/o50i5sy/,2026-02-12 (тред),Reddit: обсуждения приложений
454,Nail the Pitch,ненавидят,-,—,продолжающий,2,Худшее из протестированных — ничего не распознаёт.,"Nail the Pitch was the worst one I tested. It couldn't pick up anything, and was utterly useless.",Reddit r/singing,https://www.reddit.com/r/singing/comments/1r2xh5l/i_was_misled_by_the_nail_the_pitch_app_i_regret/o51rzqp/,2026-02-12 (тред),Reddit: обсуждения приложений
455,SingScope,платят,-,—,певец-новичок,2,Разовая покупка ради упражнений и распевок — приемлемая модель.,"I use singoscope. I like it, I wish I could monitor pitch without recording, but other than that it is great. I went ahead and got the paid version (1 time fee) to get access to the vocal exercises and scales built for warming up",Reddit r/singing,https://www.reddit.com/r/singing/comments/1r2xh5l/i_was_misled_by_the_nail_the_pitch_app_i_regret/o54qph2/,2026-02-12 (тред),Reddit: обсуждения приложений
456,пitch-чекеры (общее),страх,-,—,певец-новичок,3,Показания приложения без объяснения регистров приводят к выводу «я безнадёжен/без слуха».,Wild...maybe I am tone deaf after all...because I feel like the sound I'm making towards the end of that video isn't even remotely similar to the sound all the singers I've seen online doing.,Reddit r/singing,https://www.reddit.com/r/singing/comments/1woqsxt/what_am_i_missing_with_these_pitch_checker_apps/pbr5czt/,2026-09-24 (тред),Reddit: обсуждения приложений
457,пitch-чекеры (общее),ненавидят,-,—,продолжающий,1,Путаница октав и неспособность отличить микст от фальцета.,"I'd check the octave first. A lot of these apps will call a G3 a G4, and that's exactly why falsetto feels like your only option. If it really is G4, the bootleg singers are in a mix, and the app can't tell the difference anyway.",Reddit r/singing,https://www.reddit.com/r/singing/comments/1woqsxt/what_am_i_missing_with_these_pitch_checker_apps/pbpvfhs/,2026-09-24 (тред),Reddit: обсуждения приложений
458,пitch-приложения для детей,платят,-,—,ребёнок-подросток,2,"Родитель не тянет частные уроки, ищет приложение для 10-летней дочери; не может понять, за что платить после триала.","my 10-year-old daughter loves it. She is in a musical theater troupe and has had some private lessons through them, but I don't think I can continue to afford those. She needs some help with pitch. Is there an app that could help her with this? I've tried downloading a few but I can't really tell which would be worth paying for after the free trials end",Reddit r/singing (пост),https://www.reddit.com/r/singing/comments/1srmadn/pitch_app_for_a_child/,2026-04-21,Reddit: обсуждения приложений
459,Vocal Pitch Monitor / набор инструментов,любят,-,—,продолжающий,1,"Продвинутые собирают набор узких инструментов: высота, свои распевки, замедление песен.",I personally use: - Vocal Pitch Monitor for pitch feedback and stabilisation ... - Scala Vocis for creating own scale ecercises for warmups and focused training ... - AnyTune for slowing down and nailing parts of the songs,Reddit r/singing,https://www.reddit.com/r/singing/comments/1wn4c1g/do_you_use_any_apps_to_practice_singing/pbc1tc4/,2026-09-22 (тред),Reddit: обсуждения приложений
460,самодельное приложение,хотят,-,—,продолжающий,2,"Хочет мгновенный простой фидбек, указывающий конкретную проблемную ноту во фразе.","I vibe coded two just for me and how my learning pattern works. I needed real-time feedback. So one app, that I use most, stays green when I'm on pitch, moves to yellow if I stray and red if I'm off. because it could be one note in a phrase in not getting so the app says ""that one""",Reddit r/singing,https://www.reddit.com/r/singing/comments/1wn4c1g/do_you_use_any_apps_to_practice_singing/pbg2qbl/,2026-09-22 (тред),Reddit: обсуждения приложений
461,караоке (общее),хотят,-,—,продолжающий,2,Нужно транспонирование песен под низкий голос.,"I have been trying to find a karaoke one that allows you to change the pitch, bcs as a contralto is kinda impossible to sing along sometimes 💀",Reddit r/singing,https://www.reddit.com/r/singing/comments/1wn4c1g/do_you_use_any_apps_to_practice_singing/pbd7ogo/,2026-09-22 (тред),Reddit: обсуждения приложений
462,ear training (общее),страх,-,—,певец-новичок,2,Страх «у меня нет слуха»; тренажёры слуха за пейволлом.,I'd like to think I'm tone confused instead of tone deaf so those ear training apps would be plenty helpful. The ones I've found are behind a paywall/subscription.,Reddit r/singing,https://www.reddit.com/r/singing/comments/1wn4c1g/do_you_use_any_apps_to_practice_singing/pc575sp/,2026-09-22 (тред),Reddit: обсуждения приложений
463,AI vocal coach / ChatGPT,ненавидят,-,—,продолжающий,3,AI-фидбек — пустой «комплимент-сэндвич» на что угодно.,"AI is garbage in general, and extremely useless at giving singing advice. Upload a recording of yourself ripping a long fart into your microphone and it will still give you a vague compliment sandwich: ""beautiful tone, warm and soulful, could maybe do with some greater dynamic contrast in the second verse"". It doesn't know anything.",Reddit r/singing,https://www.reddit.com/r/singing/comments/1wdr982/using_ai_for_guidance/p987chc/,2026-09-11 (тред),Reddit: обсуждения приложений
464,AI vocal coach / ChatGPT,ненавидят,-,—,неясно,2,AI выдаёт наукообразный фидбек даже на тишину.,I've seen a few reels of someone asking AI for feedback then just sitting in silence. The AI still spouted off technical-sounding lingo. You're still better off with a teacher.,Reddit r/singing,https://www.reddit.com/r/singing/comments/1wdr982/using_ai_for_guidance/p982euc/,2026-09-11 (тред),Reddit: обсуждения приложений
465,AI vocal coach,страх,-,—,неясно,1,Мнение меньшинства: AI скоро заменит вокальных коучей.,"This is 100% a tool that will be available if it isn't already. It's literally just signal processing, something that models can do with ease. Slap a wrapper on it trained on voice data and vocal coaches are in deep trouble.",Reddit r/singing,https://www.reddit.com/r/singing/comments/1wdr982/using_ai_for_guidance/p98kkzb/,2026-09-11 (тред),Reddit: обсуждения приложений
466,общее (уроки vs приложения),страх,-,—,продолжающий,2,Приложения часто — способ избегать слушателей из страха.,"Every hour in IRL choir, karaoke, coffee house, open mic, etc is worth 25 hours of an app. And for people who are using apps as a way to avoid audiences, because they're afraid, think of it as one hour of IRL is worth 100 app hours.",Reddit r/singing,https://www.reddit.com/r/singing/comments/1u3lwry/singers_what_are_your_favourite_apps_that_have/or8y0ny/,2026-06-12 (тред),Reddit: обсуждения приложений
467,общее (уроки vs приложения),страх,-,—,певец-новичок,3,"Страх публичного позора, если выйти к людям неготовым.",performing on stage does not teach you how to sing. all it will do is shame you and ruin your confidence if you're not ready.,Reddit r/singing,https://www.reddit.com/r/singing/comments/1u3lwry/singers_what_are_your_favourite_apps_that_have/osfmlb1/,2026-06-12 (тред),Reddit: обсуждения приложений
468,общее (уроки vs приложения),хотят,-,—,певец-новичок,3,Коуч дорог и требует фиксированного времени; готов платить разумно за приложение ради пения под гитару.,"I can't afford a vocal coach, and don't really have the time to commit to one each week. I want to get somewhat of an improvement on singing so I can sing along with my guitar. What are some good apps (I'm willing to pay as long as it's not outrageous) that are actually worth the money?",Reddit r/singing (пост),https://www.reddit.com/r/singing/comments/1na37y7/good_apps_for_singing/,2025-09-06,Reddit: обсуждения приложений
469,общее (уроки vs приложения),хотят,-,—,певец-новичок,2,"Барьер — не время, а фиксированное расписание уроков.","It's not the committing to an hour each week, it's the lessons. Setting aside the same time on the same day each week is what's an issue for me, my routine is not ideal for that",Reddit r/singing,https://www.reddit.com/r/singing/comments/1na37y7/good_apps_for_singing/nd5hmw8/,2025-09-06 (тред),Reddit: обсуждения приложений
470,Singing Ignition (Spencer Welch),платят,-,—,певец-новичок,2,"Платит помесячно за короткую 12-мин тренировку, меняющуюся раз в 2 недели.","I recently subscribed for singing ignition with Spencer Welch, you pay a monthly fee to get a 12 minute workout that changes every two weeks to achieve your singing goals. It s the first month so I can't say if this approach works, but so far I can already see a positive change in the voice.",Reddit r/singing,https://www.reddit.com/r/singing/comments/1na37y7/good_apps_for_singing/ncrz2po/,2025-09-06 (тред),Reddit: обсуждения приложений
471,общее (уроки vs приложения),хотят,-,—,неясно,2,"Голос — «внутренний инструмент», ошибку не видно — нужен внешний фидбек.","I'm gonna be honest, an app won't help you. You need some kind of teacher for feedback so you can understand what you doing wrong since singing is an inside instrument n you can't see the issue.",Reddit r/singing,https://www.reddit.com/r/singing/comments/1na37y7/good_apps_for_singing/ncxtlfx/,2025-09-06 (тред),Reddit: обсуждения приложений
472,живой педагог,хотят,-,—,певец-новичок,3,"Нужна и честная обратная связь, и поддержка, чтобы продолжать.",That's actually a really good point. Today I realized that I need both honest feedback and some encouragement to keep going.,Reddit r/singing,https://www.reddit.com/r/singing/comments/1w3ypda/two_weeks_of_ear_training_taught_me_one_thing/p75ddwm/,2026-09-01 (тред),Reddit: обсуждения приложений
473,живой педагог,страх,-,—,певец-новичок,3,"Нетерпеливый педагог вызвал страх; 44 года, застенчивость.",she would also get super impatient and angry with me sometimes. ... Also a weird thing was I got kind of scared so I would try to practice beforehand with a keyboard,Reddit r/singing,https://www.reddit.com/r/singing/comments/1w3ypda/two_weeks_of_ear_training_taught_me_one_thing/p7b5wfl/,2026-09-01 (тред),Reddit: обсуждения приложений
474,pitch-приложения + педагог,любят,-,—,певец-новичок,1,Приложение — вспомогательно; основное — фидбек коуча и прослушивание своих записей.,"I've used a few apps to evaluate my singing, and I sometimes use a pitch app to work on my pitch accuracy. But most of my ear training comes from my coach's feedback and from listening back to my own recordings.",Reddit r/singing,https://www.reddit.com/r/singing/comments/1w3ypda/two_weeks_of_ear_training_taught_me_one_thing/p74lmma/,2026-09-01 (тред),Reddit: обсуждения приложений
475,YouTube (Jeff Rolka) → педагог,страх,-,—,певец-новичок,2,6–8 месяцев набиралась смелости на уроки; с педагогом прогресс «в 20 раз быстрее».,I probably did his exercises for about 6-8 months before I got the courage to sign up for lessons. I did manage to progress a little bit using YouTube but I gotta admit that my progress with a teacher was accelerated 20x.,Reddit r/singing,https://www.reddit.com/r/singing/comments/17d3usd/learning_to_sing_at_40/k5yyram/,2023-10-21 (тред),Reddit: обсуждения приложений
476,John Henny online school,любят,-,—,продолжающий,3,"Гибрид: он-деманд уроки + короткий 1:1 чек-ин с педагогом + зум-встречи — дал больше, чем очные уроки.","I've had one one-to-one check-in with a teacher there, Darlene Yam, and I learned more in just a few minutes than I have at past in-person lessons ... They also do these meetups on zoom where members come for problem solving vocal or specific song issues",Reddit r/singing,https://www.reddit.com/r/singing/comments/1qenpx9/are_online_singing_courses_any_good/nzziqtp/,2026-01-16 (тред),Reddit: обсуждения приложений
477,John Henny online school,платят,-,—,педагог,2,Ценовой ориентир педагога: 1:1 $160/мес (30 мин в неделю) против $57/мес за онлайн-школу.,When it comes to it using my own numbers a weekly 1:1 voice lesson is $160 a month for a half hour lesson while John's school is $57 a month for what appears to be on-demand lessons.,Reddit r/singing,https://www.reddit.com/r/singing/comments/1qenpx9/are_online_singing_courses_any_good/nzytvld/,2026-01-16 (тред),Reddit: обсуждения приложений
478,Swiftscales,любят,-,—,неясно,2,"Бесплатно, готовые рутины с подсказками по технике.",This app is completely free. It's excellent. It has practice routines and it gives you info on how to use proper technique while you're using the routines.,Reddit r/singing,https://www.reddit.com/r/singing/comments/yn09uq/any_pc_software_like_guitar_hero_but_for_singing/iv6wiet/,2022-11-05 (тред),Reddit: обсуждения приложений
479,allkaraoke.party (караоке-игра),любят,-,—,караоке-соцсеть,1,Игровое караоке как «вход» в пение; видно подъезды и неточные атаки.,"For fun, I like to play allkaraoke.party. it's similar to how rock band and guitar hero vocals work, which is where I got the first little bits of singing practice many years ago.",Reddit r/singing,https://www.reddit.com/r/singing/comments/1qubg7g/apps_for_singing/o394aus/,2026-02-02 (тред),Reddit: обсуждения приложений
480,Simply Sing,хотят,-,us,певец-новичок,2,"Подзаголовок в App Store: позиционирование «больше, чем караоке», то есть отстройка от Smule и StarMaker",Much More Than Karaoke,лендинг Simply Sing (App Store),https://apps.apple.com/us/app/id1592900217,2026-09,"Веб: позиционирование, цены, история"
481,Simply Sing,хотят,-,us,певец-новичок,3,"Главное обещание: уверенность и снятие страха «петь хорошо — не для меня». Продаётся эмоция, а не техника","With Simply Sing, you'll feel confident singing the songs you love. If you've ever felt that singing well was beyond your reach, that changes now.",лендинг Simply Sing (App Store),https://apps.apple.com/us/app/id1592900217,2026-09,"Веб: позиционирование, цены, история"
482,Simply Sing,хотят,-,us,певец-новичок,3,"На сайте hellosimply обещают, что любая песня по силам, потому что приложение транспонирует её под диапазон. Обещание «каждая нота, каждый раз»","Sing your heart out / No song is out of reach / Hit every note, every time / Simply Sing adapts all songs to your unique vocal range",лендинг Simply Sing (hellosimply.com),https://www.hellosimply.com/simply-sing,2026-09,"Веб: позиционирование, цены, история"
483,Simply Sing,любят,-,us,певец-новичок,2,"Главное доказательство на сайте — рейтинг в App Store (4.67 при 441 940 оценках), а не результаты учеников",The #1 singing experience ... #1 singing app user rating on App Store,лендинг Simply Sing (hellosimply.com),https://www.hellosimply.com/simply-sing,2026-09,"Веб: позиционирование, цены, история"
484,Simply Sing,платят,-,us,певец-новичок,2,"Встроенные покупки в App Store US: много ценовых уровней (A/B-тесты и офферы), $59.99 и $89.99 в год, $14.99 и $19.99 в месяц","Simply Sing Premium: $4.99, $9.99, $14.99, $19.99, $59.99, $89.99",лендинг Simply Sing (App Store IAP),https://apps.apple.com/us/app/id1592900217,2026-09,"Веб: позиционирование, цены, история"
485,Simply Sing,платят,-,us,певец-новичок,3,Бесплатно только тест диапазона и просмотр песен; разминки и все песни за пейволлом. Триал 7 дней и только на годовом плане; цены на сайте не показаны,"the vocal-range check, song browsing, and song recommendations [are free] ... daily warmups and full singing and song access require a subscription ... a seven-day trial ... only on the yearly plan",обзор Bloom Vocal (Simply Sing 2026),https://www.bloomvocal.site/en/blog/simply-sing-review-2026,2026-07-20,"Веб: позиционирование, цены, история"
486,Simply Sing,ненавидят,-,us,певец-новичок,2,"Главный минус по обзору конкурента: нет техники (дыхание, резонанс, регистры) и нет объяснения, почему нота не получается","no technique instruction (breath, resonance, registers) and no diagnosis of why notes go wrong",обзор Singing Carrots Blog (best apps 2026),https://singingcarrots.com/blog/best-learn-to-sing-apps-2026/,2025-12-26,"Веб: позиционирование, цены, история"
487,Simply Sing,ненавидят,-,us,продолжающий,1,"Обзор American Songwriter: жёстко заданный путь раздражает тех, кто уже поёт",Controlled progression could be frustrating for more advanced singers,обзор American Songwriter (Best Singing Apps 2026),https://americansongwriter.com/best-singing-apps/,2025-07-02,"Веб: позиционирование, цены, история"
488,Yousician (singing),хотят,-,us,певец-новичок,2,"На лендинге обещают, что будет весело и легко и можно начать сразу, без оборудования",Learn to sing with interactive lessons ... Learning to sing has never been this fun and easy ... Start singing right away. There's no need for additional microphones,лендинг Yousician singing,https://yousician.com/singing,2026-09,"Веб: позиционирование, цены, история"
489,Yousician (singing),хотят,-,us,певец-новичок,2,Главная ценность в описании — мгновенная обратная связь по попаданию в ноты и ритм. Обещают алгоритм-судью,The app gives you instant feedback on the timing and accuracy of your singing,лендинг Yousician singing,https://yousician.com/singing,2026-09,"Веб: позиционирование, цены, история"
490,Yousician (singing),платят,-,us,певец-новичок,2,"Цены в App Store US: $119.99 в год за один инструмент, $179.99 в год за все. Отдельного дешёвого плана только для вокала нет",Premium Plus: Yearly $179.99; Premium Plus: Monthly $29.99; One Instrument Yearly $119.99; One Instrument Monthly $19.99; Premium Plus 3 Months $59.99,лендинг Yousician (App Store IAP),https://apps.apple.com/us/app/id959883039,2026-09,"Веб: позиционирование, цены, история"
491,Yousician (singing),платят,-,us,певец-новичок,2,"Вокал стоит столько же, сколько гитара; триал только на годовом плане, месячный план списывает деньги с первого дня; бесплатно около 10–15 минут в день","Singing is one of five instruments, so Premium costs the same ($19.99/month, or $119.99/year ≈ $10/month) whether you pick voice or guitar ... The 7-day free trial applies to annual plans only. Monthly subscriptions bill from day one.",обзор Bloom Vocal (Yousician 2026),https://www.bloomvocal.site/en/blog/yousician-review-2026,2026-05-27,"Веб: позиционирование, цены, история"
492,Yousician (singing),платят,-,us,певец-новичок,2,"За пейволлом: безлимитные уроки, планы от педагогов, популярные песни. Триал 1 неделя",Try our Premium+ plan free for 1 week ... Unlimited access to lesson plans by music teachers and skilled singers ... Explore our full library of popular songs,лендинг Yousician singing,https://yousician.com/singing,2026-09,"Веб: позиционирование, цены, история"
493,Yousician (singing),ненавидят,-,us,певец-новичок,2,Базовый Premium не даёт настоящих песен — только собственные песни Yousician. За популярные песни нужно доплачивать до Premium+,"doesn't even include real songs, just the weird Yousician ones",обзор American Songwriter (Yousician Singing),https://americansongwriter.com/yousician-singing-review/,2025-05-12,"Веб: позиционирование, цены, история"
494,Yousician (singing),ненавидят,-,us,продолжающий,2,"Рецензент критикует геймификацию (бейджи, серии, звёзды) как отвлечение от собственно пения","badges, streaks, gold stars, and followers—all of which...are a distraction from the task at hand",обзор American Songwriter (Yousician Singing),https://americansongwriter.com/yousician-singing-review/,2025-05-12,"Веб: позиционирование, цены, история"
495,Yousician (singing),страх,-,us,продолжающий,3,"Ученица описала практику с Yousician как «караоке с ворчливым судьёй»: оценки выбивают из колеи тех, кто возвращается к пению",karaoke night with a grumpy referee,обзор Vocal Refresh (best apps 2026),https://vocalrefresh.com/blog/the-best-singing-apps-for-adults-coming-back-to-their-voice-2026,2026-08-29,"Веб: позиционирование, цены, история"
496,Yousician (singing),ненавидят,-,us,певец-новичок,2,Программа одинакова для всех на каждом уровне и не подстраивается под голос,the curriculum is the same for everyone at each level — it doesn't adapt to your specific voice,обзор Singing Carrots Blog (best apps 2026),https://singingcarrots.com/blog/best-learn-to-sing-apps-2026/,2025-12-26,"Веб: позиционирование, цены, история"
497,Yousician (singing),ненавидят,-,gb,продолжающий,1,"Нельзя пропустить базовые задания, даже когда они скучны",You Can't Skip Ahead,обзор Musician's HQ (best apps 2026),https://musicianshq.com/best-apps-to-learn-to-sing-android-apple/,2026,"Веб: позиционирование, цены, история"
498,Smule,хотят,-,us,караоке-соцсеть,2,"Smule в описании App Store теперь обещает рост голоса и уверенность, хотя по сути это караоке-соцсеть (подзаголовок «Songs, karaoke & your voice»)",a creative singing platform built to help you grow your voice with confidence,лендинг Smule (App Store),https://apps.apple.com/us/app/id509993510,2026-09,"Веб: позиционирование, цены, история"
499,Smule,платят,-,us,караоке-соцсеть,2,Встроенные покупки в App Store US: недельный VIP за $7.99 и пропуски VIP. Недельная подписка — самая дорогая за единицу времени,Weekly VIP Access: $7.99; VIP All Access Pass: $5.99–$12.99,лендинг Smule (App Store IAP),https://apps.apple.com/us/app/id509993510,2026-09,"Веб: позиционирование, цены, история"
500,Smule,платят,-,de,караоке-соцсеть,2,"Годовой VIP на сайте стоит $44.99, через сторы дороже. Без VIP нельзя петь соло и начинать свою песню — только присоединяться к чужим дуэтам","Currently the price for an annual subscription is US $ 44.99 / EUR 29.99 ... If you conclude the VIP subscription via the Apple App Store or the Google Play Store, the costs for an annual subscription can be significantly more expensive",обзор AndiTasten (Smule costs),https://anditasten.de/en/smule-costs,2026,"Веб: позиционирование, цены, история"
501,Smule,ненавидят,-,us,караоке-соцсеть,3,"Отзыв, процитированный на странице App Store: без подписки нельзя спеть ничего соло. Пейволл закрывает базовое действие",I couldn't sing anything by myself without paying for a subscription,"лендинг Smule (App Store, отзыв)",https://apps.apple.com/us/app/id509993510,2026-09,"Веб: позиционирование, цены, история"
502,Smule,ненавидят,-,us,караоке-соцсеть,2,"Smule — приложение для выступлений, а не для учёбы: нет уроков и нет отслеживания прогресса","it's a performance app, not a training app: no lessons, no progress tracking",обзор Singing Carrots Blog (best apps 2026),https://singingcarrots.com/blog/best-learn-to-sing-apps-2026/,2025-12-26,"Веб: позиционирование, цены, история"
503,Smule,страх,-,us,продолжающий,3,"Для взрослых, которые возвращаются к пению, публиковать голос незнакомцам — прямо противоположно тому, что им нужно. Страх оценки и приватность",publishing their voice to strangers the exact opposite of what a comeback needs,обзор Vocal Refresh (best apps 2026),https://vocalrefresh.com/blog/the-best-singing-apps-for-adults-coming-back-to-their-voice-2026,2026-08-29,"Веб: позиционирование, цены, история"
504,StarMaker,хотят,-,us,караоке-соцсеть,2,"Караоке-соцсеть обещает безлимит, автотюн и эффекты, а также «радар-анализ голоса» как псевдообучающую функцию","Sing unlimited karaoke & duets ... Record with professional audio editor, using pitch correction and special effects ... Get real-time pitch feedback and Radar Chart Analysis of your voice",лендинг StarMaker (App Store),https://apps.apple.com/us/app/id342138881,2026-09,"Веб: позиционирование, цены, история"
505,StarMaker,платят,-,us,караоке-соцсеть,2,"Pro: $7.99 в неделю, $14.99 в месяц, $59.99 в год, плюс монеты и покупка песен. Модель соцсети с донатами",Weekly: $7.99; Monthly: $14.99; Yearly: $59.99 ... Virtual coins: $0.99–$49.99,лендинг StarMaker (App Store IAP),https://apps.apple.com/us/app/id342138881,2026-09,"Веб: позиционирование, цены, история"
506,Singing Carrots,хотят,-,us,певец-новичок,3,Новое позиционирование — «личный ИИ-вокальный коуч» с короткими ежедневными занятиями под твой голос,"Your Personal AI Vocal Coach ... It listens to you sing, analyzes your pitch and range, and guides you through short daily sessions tailored to your voice.",лендинг Singing Carrots,https://www.singingcarrots.com/,2026-09,"Веб: позиционирование, цены, история"
507,Singing Carrots,хотят,-,us,певец-новичок,3,Единственный лендинг с числовыми обещаниями результата: +2 ноты диапазона за 5 недель и +10% точности за 3 недели,95% of Users Practicing regularly at least 2 times a week increase their vocal range by 2 notes within the first 5 weeks ... 82% of Users Starting with average pitch accuracy below 60% increase their accuracy by 10% within the first 3 weeks,лендинг Singing Carrots,https://www.singingcarrots.com/,2026-09,"Веб: позиционирование, цены, история"
508,Singing Carrots,платят,-,us,певец-новичок,2,Цены скрыты до прохождения квиза. Есть студенческая скидка (треть цены) и цены по паритету покупательной способности,We don't show plans upfront because recommendations are based on your assessment. Prices themselves are fixed and the same for everyone.,лендинг Singing Carrots (страница цен),https://singingcarrots.com/pro,2026-09,"Веб: позиционирование, цены, история"
509,Singing Carrots,платят,-,us,певец-новичок,2,"Сейчас от $119.99 в год (по собственному блогу), в 2022 году было £59.40. Цена выросла примерно вдвое вместе с ребрендингом в «ИИ-коуча»","Plans start from $119.99/year, with a monthly payment option too.",обзор Singing Carrots Blog (pricing 2026),https://singingcarrots.com/blog/best-online-singing-courses-prices-2026-updated-guide/,2025-08-08,"Веб: позиционирование, цены, история"
510,Singing Carrots,платят,-,gb,певец-новичок,2,"История, 2022 год: веб-инструмент с рекламой, был пожизненный доступ за £124.95 и год за £59.40. Сейчас пожизненный доступ стал legacy-планом","free to access. You can sign up to pro membership without ads for £124.95 for lifetime, £59.40 per year, £9.75 per month or £2.99 per week.",обзор Educational App Store (2022),https://www.educationalappstore.com/website/singing-carrots,2022-04-07,"Веб: позиционирование, цены, история"
511,Singing Carrots,платят,-,us,певец-новичок,1,Пожизненный доступ продавался через StackSocial со скидкой 51% за $59.99 — канал разовой оплаты,Singing Carrots Pro: Lifetime Subscription ... $59.99 ... $124.95,лендинг StackSocial (Singing Carrots deal),https://www.stacksocial.com/sales/singing-carrots-pro-lifetime-subscription,2026-09,"Веб: позиционирование, цены, история"
512,Singing Carrots,ненавидят,-,us,продолжающий,2,"Лучшая бесплатная диагностика, но ощущается как инструмент, а не как коуч, — нет тепла",like a utility rather than a coach,обзор Vocal Refresh (best apps 2026),https://vocalrefresh.com/blog/the-best-singing-apps-for-adults-coming-back-to-their-voice-2026,2026-08-29,"Веб: позиционирование, цены, история"
513,Sing Sharp,хотят,-,us,певец-новичок,2,"На лендинге сочетают живых профессиональных коучей (видео) и ИИ-тьютора, обещают персональные планы",Singing Lessons with Pro Vocal Coaches ... Personalized vocal training plans that adapt to your voice ... Smart guidance from our AI vocal tutor,лендинг Sing Sharp,https://www.singsharp.com/,2026-09,"Веб: позиционирование, цены, история"
514,Sing Sharp,платят,-,us,певец-новичок,2,"Смешанная модель: подписки от $29.99 до $99.99 в год, плюс отдельно отключение рекламы и пакеты упражнений по $0.99",1 Year Membership $99.99; 3 Month Membership $39.99; 1 Month Membership $19.99; 1 Year Membership Subscription $29.99; Remove Ad $2.99; Warm Up Exercise Packages $0.99,лендинг Sing Sharp (App Store IAP),https://apps.apple.com/us/app/id772052329,2026-09,"Веб: позиционирование, цены, история"
515,Vocalista,хотят,-,us,певец-новичок,2,"Обещают ИИ-анализ не только высоты, но и придыхания и резонанса (только на iPhone 13 Pro и новее)","Personalized exercises adjusted to your vocal range ... AI-powered feedback on pitch, breathiness, and resonance ... Bite-sized theory lessons",лендинг Vocalista (App Store),https://apps.apple.com/us/app/id6444087548,2026-09,"Веб: позиционирование, цены, история"
516,Vocalista,платят,-,us,певец-новичок,1,"Подписка Vocalista+: от $7.99 до $79.99 (месяц и год, несколько уровней)","Vocalista+ $7.99, $10.99, $14.99, $39.99, $49.99, $79.99",лендинг Vocalista (App Store IAP),https://apps.apple.com/us/app/id6444087548,2026-09,"Веб: позиционирование, цены, история"
517,Erol Singer's Studio,хотят,-,us,певец-новичок,2,Обещание малых усилий (5 минут в день) и снятие страха: «если можешь говорить — можешь петь»,"Learn to sing in 5 minutes a day! Download for free! ... If you can talk, you can sing ... Range, power, clarity, all improving day by day",лендинг Erol Singer's Studio (App Store),https://apps.apple.com/us/app/id502780186,2026-09,"Веб: позиционирование, цены, история"
518,Erol Singer's Studio,платят,-,us,певец-новичок,2,"Щедрый бесплатный уровень (Beginner 1–2). All Access от $1.99 до $49.99 в год, есть разовые пожизненные лицензии ($2.99–$24.99)","Beginner 1 & 2, and select exercises in other levels are included for free, while the complete set of lessons requires an active subscription.",лендинг Erol Singer's Studio (App Store IAP),https://apps.apple.com/us/app/id502780186,2026-09,"Веб: позиционирование, цены, история"
519,Erol Singer's Studio,ненавидят,-,eu,певец-новичок,2,"Педагог-обзорщик: приложение даёт указания по технике, но не учит её. Единственное, которое учит осанке",Instructs technique rather than teach it,обзор SingWell (best singing apps 2026),https://singwell.eu/singing-apps/,2026,"Веб: позиционирование, цены, история"
520,Musora / Singeo,хотят,-,us,певец-новичок,2,"Singeo продаёт живых коучей в видео, песни и 10 минут в день. Ближе всех к модели «живой человек»",THE NEW WAY TO SING BETTER. ... SING THE SONGS YOU LOVE. ... Your voice. Your vocal coaches. ... Improve your skills in just 10 minutes a day,лендинг Singeo,https://www.singeo.com/,2026-09,"Веб: позиционирование, цены, история"
521,Musora / Singeo,платят,-,us,певец-новичок,3,"$30 в месяц или $279 в год за все инструменты сразу, неделя бесплатно и 90 дней гарантии возврата — самая сильная гарантия на рынке",Monthly: $30 USD; Annual: $279 USD ... Your First Week Is FREE ... Happy student guarantee. Test-drive your lessons for 90 days. Zero risk.,лендинг Singeo,https://www.singeo.com/,2026-09,"Веб: позиционирование, цены, история"
522,Musora / Singeo,ненавидят,-,us,певец-новичок,1,"Минус по American Songwriter: нет анализа высоты в реальном времени, чистые видеоуроки. Пожизненный доступ стоит около $1500",No real-time pitch analysis/feedback,обзор American Songwriter (Best Singing Apps 2026),https://americansongwriter.com/best-singing-apps/,2025-07-02,"Веб: позиционирование, цены, история"
523,30 Day Singer,хотят,-,us,певец-новичок,2,Обещание результата за фиксированный срок (30 дней). Акция: «$549 Bundle for just $99»,"Become A Better Singer In Only 30 Days! ... Easy, Fast and Fun Lessons!",лендинг 30 Day Singer,https://www.30daysinger.com/,2026-09,"Веб: позиционирование, цены, история"
524,30 Day Singer,уходят,-,us,продолжающий,3,Жёсткий 30-дневный план превращается в домашнее задание: отставание от плана ощущается как провал — причина бросить,falling behind the plan felt like failing it,обзор Vocal Refresh (best apps 2026),https://vocalrefresh.com/blog/the-best-singing-apps-for-adults-coming-back-to-their-voice-2026,2026-08-29,"Веб: позиционирование, цены, история"
525,SingTrue,хотят,-,us,певец-новичок,3,Обещание прямо адресует страх «у меня нет слуха»,SingTrue can teach anybody to sing in perfect tune. Even if you think you're tone deaf!,лендинг SingTrue (App Store),https://apps.apple.com/us/app/id914239183,2026-09,"Веб: позиционирование, цены, история"
526,SingTrue,платят,-,us,певец-новичок,2,"Разовая покупка за $7.99 и игровые «жизни» в духе Duolingo ($0.99 за 10, $2.99 безлимит)",All Access Pass: $7.99; 10 Extra Lives: $0.99; Infinite Lives: $2.99,лендинг SingTrue (App Store IAP),https://apps.apple.com/us/app/id914239183,2026-09,"Веб: позиционирование, цены, история"
527,Riyaz,хотят,-,us,певец-новичок,3,"Обещание приватности: исправь ошибки раньше, чем их кто-то услышит. Страх стыда — прямо на лендинге","No shyness, no embarrassment! With Riyaz, anybody can learn to sing! ... Smart visual tanpura in Riyaz helps you know and fix your mistakes before anyone else can",лендинг Riyaz (App Store),https://apps.apple.com/us/app/id1341595277,2026-09,"Веб: позиционирование, цены, история"
528,Riyaz,платят,-,us,певец-новичок,2,"Весь контент бесплатный, но с лимитом 8 минут в день; безлимит за $24.49 в месяц или $79.99–88.99 в год","All the content on Riyaz is offered for free, but the free version allows you to practice only 8 minutes per day.",лендинг Riyaz (App Store IAP),https://apps.apple.com/us/app/id1341595277,2026-09,"Веб: позиционирование, цены, история"
529,Riyaz,ненавидят,-,us,певец-новичок,3,"Отзыв на странице App Store: деньги за автопродление списываются, а подписка не продлевается",Every year they take money (auto deduct) and then subscription does not auto renew.,"лендинг Riyaz (App Store, отзыв)",https://apps.apple.com/us/app/id1341595277,2026-09,"Веб: позиционирование, цены, история"
530,SWIFTSCALES,платят,-,us,продолжающий,2,"Разовая покупка PRO за $6.99 вместо подписки, почти всё бесплатно с рекламой. Обещание: «First app to simulate sitting at the piano with a vocal coach»","the vast majority of the features in this app are available free of charge, ad-supported ... upgrade via a one-time in app purchase",лендинг SWIFTSCALES (App Store),https://apps.apple.com/us/app/id1079277628,2026-09,"Веб: позиционирование, цены, история"
531,Learn to Sing - Perfect Pitch,платят,-,us,певец-новичок,2,"Дешёвая подписка ($9.99 в год), но пакеты разминок продаются отдельно — пользователи считают это двойной оплатой",1 Year Membership: $9.99; 6 Months Membership: $7.99; 3 Months Membership: $4.99 ... Beginner Warm Ups Package: $0.99,лендинг Learn to Sing (App Store IAP),https://apps.apple.com/us/app/id1409450884,2026-09,"Веб: позиционирование, цены, история"
532,Vocalist: Learn to Sing,ненавидят,-,us,певец-новичок,2,"Отзыв на странице App Store: онбординг повторяется при каждом запуске, а обратную связь закрывают до «12 songs». Подписка от $1.99 до $69.99",asks me the start up questions EVERY time,"лендинг Vocalist (App Store, отзыв)",https://apps.apple.com/us/app/id1616751664,2026-09,"Веб: позиционирование, цены, история"
533,Vocal Range Finder - Sing Whiz,платят,-,us,певец-новичок,2,"Бесплатно найти диапазон, а тренировка высоты и разминки — за подпиской. В отзывах сравнивают с Duolingo, где бесплатного больше",Monthly Premium: $8.99; Annual Premium: $29.99,лендинг Sing Whiz (App Store IAP),https://apps.apple.com/us/app/id1623180736,2026-09,"Веб: позиционирование, цены, история"
534,Vanido,уходят,-,us,певец-новичок,2,"История: Vanido (YC W17, 3 упражнения в день бесплатно, около $17.99 в год) фактически мёртв, хотя обзоры по-прежнему называют его «лучшим бесплатным»","the US App Store returns a 404 for Vanido, vanido.app is unreachable, and the last app update was approximately six years ago",обзор Bloom Vocal (Vanido 2026),https://www.bloomvocal.site/en/blog/vanido-review-2026,2026-06-02,"Веб: позиционирование, цены, история"
535,Sing Harmonies,уходят,-,us,продолжающий,1,Нишевое приложение для гармоний уходит из сторов: автор советует отключить автообновление и успеть купить песни,turn off auto-update in your device settings,лендинг Sing Harmonies,https://www.singharmonies.com/,2026-09,"Веб: позиционирование, цены, история"
536,рынок (обзоры),хотят,-,eu,педагог,2,"Критерий педагога в обзоре SingWell: безопасная, постепенная разминка. Vocal Ease 2 раскритикован: «No exercise build up—harmful for the voice»",Proper vocal warm-up with gradual build-up beginning with consonants or trills and with short range exercises,обзор SingWell (best singing apps 2026),https://singwell.eu/singing-apps/,2026,"Веб: позиционирование, цены, история"
537,рынок (обзоры),хотят,-,us,продолжающий,2,"Критерии обзора для взрослых женщин, возвращающихся к пению: переходные ноты, гормональные изменения голоса, занятия по 5–10 минут, приватность",Register balance around E4-G4 ... Hormonal voice changes recognition ... Session length practicality (5-10 minutes) ... Privacy protection during comeback practice,обзор Vocal Refresh (best apps 2026),https://vocalrefresh.com/blog/the-best-singing-apps-for-adults-coming-back-to-their-voice-2026,2026-08-29,"Веб: позиционирование, цены, история"
538,рынок (обзоры),хотят,-,us,неясно,1,"Обзоры 2026 года сортируют приложения по модели обучения (ИИ-коуч, курс, песни, караоке, упражнения), а не по единому рейтингу",the right choice isn't about which app is best — it's about which learning model fits you,обзор Singing Carrots Blog (best apps 2026),https://singingcarrots.com/blog/best-learn-to-sing-apps-2026/,2025-12-26,"Веб: позиционирование, цены, история"
539,Smule,ненавидят,-,gb,караоке-соцсеть,2,"Musician's HQ: интерфейс запутанный, обратная связь слишком позитивная даже при заведомо плохом пении, эффекты маскируют ошибки",The Interface Isn't That Clear,обзор Musician's HQ (best apps 2026),https://musicianshq.com/best-apps-to-learn-to-sing-android-apple/,2026,"Веб: позиционирование, цены, история"
540,Riyaz,ненавидят,-,gb,певец-новичок,1,"Коучинг ощущается роботизированным, упражнения однообразны (всё на «la»). Около $100 в год",Not As Engaging as Other Apps,обзор Musician's HQ (best apps 2026),https://musicianshq.com/best-apps-to-learn-to-sing-android-apple/,2026,"Веб: позиционирование, цены, история"
541,Simply Sing,ненавидят,-,-,неясно,3,"Всё закрыто пейволлом, а продукт сырой",locks literally everything behind a paywall for a unfinished product. L,"YouTube comment (188 likes), Jack Jenkins 'Simply Sing Review (2023)'",https://www.youtube.com/watch?v=ABy-pkB_cSg,-,Веб: отзывы и жалобы вне сторов
542,Simply Sing,ненавидят,-,-,неясно,2,Распознавание не ловит голос — пришёл искать обзор из-за раздражения,I'm literally here after the app pissed me off so much by not catching my tone 😅😅😅,"YouTube comment (102 likes), Jack Jenkins",https://www.youtube.com/watch?v=ABy-pkB_cSg,-,Веб: отзывы и жалобы вне сторов
543,Simply Sing,ненавидят,-,-,продолжающий,2,Неверно определяет тип голоса у обученного певца,I’m a trained singer with a range from F2 to F5. SimplySing thought I was a bass. 😂 Swing and a miss!,"YouTube comment (95 likes), Jack Jenkins",https://www.youtube.com/watch?v=ABy-pkB_cSg,-,Веб: отзывы и жалобы вне сторов
544,Simply Sing,ненавидят,-,-,неясно,2,Тест диапазона даёт разные результаты — недоверие к алгоритму,"I’m a mezzo and the app said I was soprano at first, then alto , then mezzo. The fact that it gave me three different results is hilarious","YouTube comment, Jack Jenkins",https://www.youtube.com/watch?v=ABy-pkB_cSg,-,Веб: отзывы и жалобы вне сторов
545,Simply Sing,ненавидят,-,-,продолжающий,3,Ошибка диапазона + рост цены + дальше двух уроков без оплаты не пройти,"I’m a soprano ... but it thought I was an alto. But when I managed to make it see me as a soprano (I literally screamed), it didn’t even change the pitch of the first song it does for “singing on pitch”. And the price changed, you literally CANNOT do the 4.99 one month thing. Literally couldn’t go beyond the first two lessons.","YouTube comment, Jack Jenkins",https://www.youtube.com/watch?v=ABy-pkB_cSg,-,Веб: отзывы и жалобы вне сторов
546,Simply Sing,ненавидят,-,-,неясно,2,Оценка ставится даже когда не поёшь — баллы не заслуживают доверия,Anyone else notice even if you aren’t singing it’s rating? So what the hell?,"YouTube comment, Jack Jenkins",https://www.youtube.com/watch?v=ABy-pkB_cSg,-,Веб: отзывы и жалобы вне сторов
547,Simply Sing,ненавидят,-,-,неясно,2,Звёзды без пения — геймификация пустая,This app gives you stars even without singing,"YouTube comment, Jack Jenkins",https://www.youtube.com/watch?v=ABy-pkB_cSg,-,Веб: отзывы и жалобы вне сторов
548,Simply Sing,уходят,-,-,певец-новичок,3,"Заплатил за год, а по сути один урок — чувство обмана",Feel ripped off! Paid the 12-month subscription to have one lesson? Do not pay for it!,"YouTube comment, Jack Jenkins",https://www.youtube.com/watch?v=ABy-pkB_cSg,-,Веб: отзывы и жалобы вне сторов
549,Simply Sing,уходят,-,-,певец-новичок,2,"Купил поспешно — оказалось караоке, нет нормального пробного периода","Your right. It's a glorified karaoke machine. Also, not a lot of some are available. I wish I had the opportunity to try it properly before I bought it.","YouTube comment, Jack Jenkins",https://www.youtube.com/watch?v=ABy-pkB_cSg,-,Веб: отзывы и жалобы вне сторов
550,Simply Sing,платят,-,-,неясно,2,Цена 69 EUR/год воспринимается как неприемлемая при отсутствии бесплатного доступа,You can't do anything with android version without paying im really NOT going pay 69 eur every year,"YouTube comment, Jack Jenkins",https://www.youtube.com/watch?v=ABy-pkB_cSg,-,Веб: отзывы и жалобы вне сторов
551,Simply Sing,платят,-,-,неясно,2,Цена выросла с $4.99 до $19.99 в месяц — слишком дорого,"Where is the $4.99 version? My app says $19.99, way too much :/","YouTube comment, Jack Jenkins",https://www.youtube.com/watch?v=ABy-pkB_cSg,-,Веб: отзывы и жалобы вне сторов
552,Simply Sing,хотят,-,-,неясно,1,Хотят дешевле и с обратной связью по попаданию в ноты,"Is there another kareoke app that is cheaper than Simply Sing, and shows whether youre hitting the notes?","YouTube comment (22 likes), Jack Jenkins",https://www.youtube.com/watch?v=ABy-pkB_cSg,-,Веб: отзывы и жалобы вне сторов
553,Simply Sing,любят,-,-,певец-новичок,2,"Ценят приватность: можно петь дома наедине, без стыда; живые уроки были дорогими",Ive never been abe to sing. Ive even paid for expensive voice lessons back in day. I just bought this app. I like it because it is something i can do in private at home at my leisure.,"YouTube comment, Jack Jenkins",https://www.youtube.com/watch?v=ABy-pkB_cSg,-,Веб: отзывы и жалобы вне сторов
554,Simply Sing,страх,-,-,продолжающий,2,Проблемы с горлом после пары дней — страх навредить голосу без контроля,I felt throat issues after a couple days of using this app due this app.,"YouTube comment, Jack Jenkins",https://www.youtube.com/watch?v=ABy-pkB_cSg,-,Веб: отзывы и жалобы вне сторов
555,Simply Sing,ненавидят,-,-,неясно,2,Ничему не учит,low-key sucks and doesn’t teach anything,"YouTube comment, Jack Jenkins",https://www.youtube.com/watch?v=ABy-pkB_cSg,-,Веб: отзывы и жалобы вне сторов
556,Simply Sing,любят,-,-,ребёнок-подросток,1,Для ребёнка 6 лет — весело; для взрослого сомнительно,"My son is 6 and he loves singing so i bought this for him.  He wanted to sing the Titanic song.  He got like 96% pitch with 100% timing.  So…. Honestly… if you’re 6, it’s pretty cool.","YouTube comment, Jack Jenkins",https://www.youtube.com/watch?v=ABy-pkB_cSg,-,Веб: отзывы и жалобы вне сторов
557,Simply Sing,ненавидят,-,-,певец-новичок,3,"Новичку нет базовых упражнений, сразу песни — нет постепенной программы","I tried it and it was hopeless. As an absolute beginner, there was very very little proper beginner exercises. It went straight to songs. Ahhh, no, that's the wrong step. Loads of exercises are needed for a beginner. We need to slowly build up our ability.","YouTube comment, Singing Carrots 'Simply Sing App Review'",https://www.youtube.com/watch?v=8TgunPfrSOw,-,Веб: отзывы и жалобы вне сторов
558,Simply Sing,ненавидят,-,-,неясно,2,"Нет бесплатного пробного — только тест диапазона, затем сразу оплата",My experience with Simply Sing as of today is that there is ZERO free trial. The only thing you can do without paying is go through a quick range-finding process and choose some music categories. Then when you attempt to do a song you immediately have to pay either a monthly or yearly fee.,"YouTube comment, Singing Carrots channel",https://www.youtube.com/watch?v=8TgunPfrSOw,-,Веб: отзывы и жалобы вне сторов
559,Simply Sing,ненавидят,2,us,продолжающий,3,"Это караоке, а не обучение; кроме диапазона никакой помощи","As others have said, this is a karaoke app. I don't see any reason for this to carry the 'simply' brand. There is no help or information provided beyond the basic 'this is your range.' ... It just allows people to sing garbage pop and Disney songs in a more comfortable range.",App Store review (BlackbeltSamurai) via JustUseApp,https://justuseapp.com/en/app/1592900217/simply-sing-by-joytunes/reviews,-,Веб: отзывы и жалобы вне сторов
560,Simply Sing,ненавидят,-,us,неясно,2,"Не говорит, где фальшиво; просто скроллит текст","I was hoping it would be more like simply guitar/piano but it's really just a karaoke app. It doesn't actually help you with your singing, doesn't tell you if you're out of key or anything, just tells you if your a base, alto et cetera then scrolls lyrics across the screen.",App Store review (Zillz86) via JustUseApp,https://justuseapp.com/en/app/1592900217/simply-sing-by-joytunes/reviews,-,Веб: отзывы и жалобы вне сторов
561,Simply Sing,хотят,-,us,ребёнок-подросток,2,"Хотят рекомендаций по технике: как расширить диапазон, не срываться",it should monitor the singer's voice. That way you can recommend different strategies that allow and the person singing to increase their range or prevent their voice from cracking.,App Store review (Iloveclashroyal) via JustUseApp,https://justuseapp.com/en/app/1592900217/simply-sing-by-joytunes/reviews,-,Веб: отзывы и жалобы вне сторов
562,Simply Sing,любят,-,us,ребёнок-подросток,2,Ценят отсутствие публичности (в отличие от Smule/StarMaker),"It took me a VERY long time to find an app that didn't video you and post it for everyone to see, but I finally found it!!",App Store review (Hfbbskpwoibr) via JustUseApp,https://justuseapp.com/en/app/1592900217/simply-sing-by-joytunes/reviews,2022,Веб: отзывы и жалобы вне сторов
563,Simply Sing,страх,-,us,неясно,2,Боль в горле после приложения — страх навредить голосу,The app is cool but ended up messing up my throat and I need 2 bags of hals to get my throat back to normal.,App Store review (Arya) via JustUseApp,https://justuseapp.com/en/app/1592900217/simply-sing-by-joytunes/reviews,2022-05-24,Веб: отзывы и жалобы вне сторов
564,Simply Sing,любят,-,us,неясно,2,Эмоция прорыва — пение в своей тональности даёт ощущение успеха,I feel like I just unlocked something with my voice!! 🥲,App Store review (Megan22meg) via JustUseApp,https://justuseapp.com/en/app/1592900217/simply-sing-by-joytunes/reviews,-,Веб: отзывы и жалобы вне сторов
565,"Simply (JoyTunes, приложение не указано)",уходят,2,gb,ребёнок-подросток,3,"Реклама 'бесплатно' для детей, затем £100/год; готов платить помесячно разумную сумму",Great product but I really don't like their model. The ads target children with a 'free' download. They get to use the app for a little bit and then they want to charge £100 to unlock the full features for 1 year. I'd have paid a reasonable amount monthly - but that's not reasonable.,Trustpilot hellosimply.com (Chris),https://www.trustpilot.com/review/hellosimply.com,2026-05-06,Веб: отзывы и жалобы вне сторов
566,"Simply (JoyTunes, приложение не указано)",ненавидят,1,gb,ребёнок-подросток,3,"Списание сразу при 'бесплатном' 7-дневном триале, отказ в возврате",Offered a 7 day trial and charged £89.99 immediately. Refused a refund via Apple and PayPal despite having a photo of my 5 year old son's iPad showing a 7 day FREE trial?,Trustpilot hellosimply.com (Y G),https://www.trustpilot.com/review/hellosimply.com,2026-04-15,Веб: отзывы и жалобы вне сторов
567,"Simply (JoyTunes, приложение не указано)",ненавидят,1,ie,неясно,3,Двойное списание после отмены триала,DO NOT SUBSCRIBE. Charged me for both monthly and annual subscription plus songbook thing I didn't sign up for - all even though I cancelled one day into a 7 day free trial.,Trustpilot hellosimply.com (Ingrid Goodwin),https://www.trustpilot.com/review/hellosimply.com,2026-01-07,Веб: отзывы и жалобы вне сторов
568,"Simply (JoyTunes, приложение не указано)",ненавидят,1,gb,неясно,3,"Подписался помесячно, списали годовую сумму","Scam! Signed up to £9.99 a month. Used it once for 5m, 2 weeks later £119 was taken out of my account.",Trustpilot joytunes.com (Sarah Phillips),https://pl.trustpilot.com/review/joytunes.com,2026-09-25,Веб: отзывы и жалобы вне сторов
569,"Simply (JoyTunes, приложение не указано)",ненавидят,1,us,неясно,2,A/B-тесты урезают контент платящим — ощущение нечестности,"Be aware that even if you pay for the subscription, you aren't necessarily going to get full access to content. The developers like to do feature testing which results some users getting massively reduced content ... I sure af aren't being charged a reduced rate to compensate for the reduced content.",Trustpilot joytunes.com (john doe),https://pl.trustpilot.com/review/joytunes.com,2024-03-17,Веб: отзывы и жалобы вне сторов
570,Simply Piano (аналог механики Sing),уходят,2,gb,продолжающий,3,"Алгоритм не засчитывает — застрял на неделю, запросил возврат",you have to 'pass' each stage before the Simply computer allows you to pass on to the next; I practised one stage for a week but however hard I tried I could not 'pass' this stage and get on to the next. My wife who is a pianist tried as well but no success. NOR WOULD THE SIMPLY SOFTWARE ALLOW ME TO SKIP TO THE NEXT.,Trustpilot joytunes.com (William John Epton),https://pl.trustpilot.com/review/joytunes.com,2023-08-19,Веб: отзывы и жалобы вне сторов
571,Yousician (инструмент не указан),ненавидят,1,ro,неясно,3,Списали год сразу после закрытия аккаунта,1 minute after I closed my account they charged me full price for an year.,Trustpilot yousician.com (James),https://www.trustpilot.com/review/yousician.com,2026-08-17,Веб: отзывы и жалобы вне сторов
572,Yousician (инструмент не указан),ненавидят,1,us,неясно,3,"Нет предупреждения об автопродлении, не принимают отмену",Gives no notice of autorenewal until the day of and then wont take a cancellation,Trustpilot yousician.com (beth rubenstein),https://www.trustpilot.com/review/yousician.com,2026-03-11,Веб: отзывы и жалобы вне сторов
573,Yousician (инструмент не указан),ненавидят,3,gb,неясно,2,"Дробно, однообразно, нельзя пройти песню целиком",It's bitty and repetitive. It doesn't allow to play the full song and is very frustrating.,Trustpilot yousician.com (Krissie),https://www.trustpilot.com/review/yousician.com,2026-04-03,Веб: отзывы и жалобы вне сторов
574,Yousician (инструмент не указан),любят,5,lt,неясно,1,Быстрый возврат при забытой отмене формирует лояльность,When I payed for subscription I forgot to cancel - I got refunded immediately on request.,Trustpilot yousician.com (Jan),https://www.trustpilot.com/review/yousician.com,2025-12-29,Веб: отзывы и жалобы вне сторов
575,Yousician Singing,хотят,-,-,певец-новичок,3,Запрос на гибрид: педагог раз в неделю + ежедневная практика с обратной связью между уроками,"I'm just getting started and have a vocal coach who is teaching me technique and giving me exercises to do, but that's only once a week. I need to put in a lot more time practicing and doing that practice with gamified feedback sounds great. I'm pretty terrible right now... I'm excited to see what I can do with a hybrid instructor + yousician approach over time.","YouTube comment, Jack Jenkins 'I Do Yousician Singing for 60 Days'",https://www.youtube.com/watch?v=UaB0oRwKJL8,-,Веб: отзывы и жалобы вне сторов
576,Yousician Singing,ненавидят,-,-,продолжающий,2,Приложение не учит тембру и опоре — это вне возможностей алгоритма,Yousician helps with most aspects of singing outside of things like tone and  diaphragm control. But is definitely a great tool for beginners so long as they realize there are aspects outside of the program they need to work on too.,"YouTube comment, Jack Jenkins 'Yousician Singing 60 Days'",https://www.youtube.com/watch?v=UaB0oRwKJL8,-,Веб: отзывы и жалобы вне сторов
577,Yousician Singing,платят,-,br,продолжающий,2,Платят как за дешёвую замену педагогу для ежедневной базы,"I can actually sing OK, but i was searching for something more affordable (than a vocal coach) for me to improve my singing. That is exactly what i needed, something that helps me to practice the basics daily.","YouTube comment, Jack Jenkins 'Yousician Singing 60 Days'",https://www.youtube.com/watch?v=UaB0oRwKJL8,-,Веб: отзывы и жалобы вне сторов
578,Yousician Singing,хотят,-,-,продолжающий,1,"Зависимость от визуальных полосок; учиться слушать ухом, а не экраном",It helps tremendously when I close my eyes while doing the exercises. That way I know I’m only learning by ear because you wont have those visual bars in real life.,"YouTube comment, Jack Jenkins",https://www.youtube.com/watch?v=UaB0oRwKJL8,-,Веб: отзывы и жалобы вне сторов
579,Yousician Singing,ненавидят,-,us,неясно,1,Обозреватель: геймификация отвлекает от задачи,"badges, streaks, gold stars, and followers—all of which, in my opinion, are a distraction from the task at hand","American Songwriter, Nick Stockton, Yousician Singing Review",https://americansongwriter.com/yousician-singing-review/,2025-05-12,Веб: отзывы и жалобы вне сторов
580,Singing Carrots,ненавидят,1,gb,неясно,3,Цены скрыты за опросом-воронкой и email — недоверие,"Tried to look at subscription plans, which you're unable to do without spening ten minutes doing a '60 second' assessment, (which is actually just thinly disguised marketing). even then, the promised information was still witheld, then they wanted my email for me to see that.",Trustpilot singingcarrots.com (Rich),https://www.trustpilot.com/review/singingcarrots.com,2026-05-16,Веб: отзывы и жалобы вне сторов
581,Singing Carrots,ненавидят,1,us,неясно,3,Нет прозрачности цен; $19–39/мес,I couldn't find anything about pricing until I had already filled out an entire survey and created an account. Literally no transparency even showing if it was a free or paid service. For others looking $19-39/month is the range I eventually saw.,Trustpilot singingcarrots.com (Callie Hardin),https://www.trustpilot.com/review/singingcarrots.com,2025-08-14,Веб: отзывы и жалобы вне сторов
582,Singing Carrots,ненавидят,2,in,неясно,2,"Сбор данных под видом настройки, затем прайс — дешёвое впечатление","You collect too much personal information in the garb/impression of tuning parameters for a practice song or session...after collecting all that personal details, you pop up the rate card!!!!! ... Sad coming from a profession as pure as music.",Trustpilot singingcarrots.com (Rahul Sharma),https://www.trustpilot.com/review/singingcarrots.com,2025-08-18,Веб: отзывы и жалобы вне сторов
583,Singing Carrots,ненавидят,4,gb,певец-новичок,2,"Научился набирать очки, а не петь — критика баллов","Singing carrots has convinced me that I can hold a note if not a tune. I haven't given the 5th star because of the gamification, I've learnt how to get points, not necessarily a 'good' thing.",Trustpilot singingcarrots.com (Hugh Barnard),https://www.trustpilot.com/review/singingcarrots.com,2026-02-22,Веб: отзывы и жалобы вне сторов
584,Singing Carrots,страх,4,gb,певец-новичок,3,Детская травма 'ты не умеешь петь' живёт десятилетиями,"Yes, I was told I couldn't sing at age 8 and am now in my mid-seventies. I write and try and perform songs so this has always been a big problem.",Trustpilot singingcarrots.com (Hugh Barnard),https://www.trustpilot.com/review/singingcarrots.com,2026-02-22,Веб: отзывы и жалобы вне сторов
585,Singing Carrots,любят,5,de,певец-новичок,2,Мотивирует видимый прогресс за недели,"What I particularly enjoy is seeing how much I can improve my voice over the course of several weeks or one or two months. It is very motivating to experience these moments of success, especially since my voice has already become noticeably more stable within the first two months.",Trustpilot singingcarrots.com (Reinhard),https://www.trustpilot.com/review/singingcarrots.com,2026-09-11,Веб: отзывы и жалобы вне сторов
586,Singing Carrots,любят,5,au,певец-новичок,2,"Взрослый новичок 64+: ежедневная практика, ободряющий AI","I decided to sing for first time ever, 2 years ago aged 64 having quietly attended karaoke for 10 years. I subscribed to Singing Carrots 3 months ago and 100% can see massive improvement by practicing daily. ... I can see when I miss notes but Ai is encouraging, challenging and personal.",Trustpilot singingcarrots.com (Songbird),https://www.trustpilot.com/review/singingcarrots.com,2026-08-01,Веб: отзывы и жалобы вне сторов
587,Singing Carrots,любят,5,nl,певец-новичок,2,Неловкость в начале; мотивирует признание близких,"At the beginning I felt very silly doing singing warm ups and other exercises, but eventually I got used to it. ... Even my wife said that I sing better now.",Trustpilot singingcarrots.com (Timur),https://www.trustpilot.com/review/singingcarrots.com,2026-02-03,Веб: отзывы и жалобы вне сторов
588,Singing Carrots,любят,5,gb,певец-новичок,2,Ценят память о прошлых уроках и ведение по пути,I basically have a virtual teacher that remembers all my lessons and guides me through the learning process.,Trustpilot singingcarrots.com (Alan Erskine),https://www.trustpilot.com/review/singingcarrots.com,2025-12-11,Веб: отзывы и жалобы вне сторов
589,Singing Carrots,любят,5,ie,педагог,3,Педагог: записи учеников в профиле + практика между уроками,it keeps all their recordings in a student profile so I don't have to send them. ... And the students enjoy dipping into song database and pitch monitor in between classes.,Trustpilot singingcarrots.com (Sinead Nicgabhann),https://www.trustpilot.com/review/singingcarrots.com,2025-09-05,Веб: отзывы и жалобы вне сторов
590,Singing Carrots,страх,5,kg,неясно,2,Не готов платить за вердикт 'поёшь плохо',It seems fun. But I'll be damned if I'm going to pay to know I suck at singing.,Trustpilot singingcarrots.com (Darth Vader),https://www.trustpilot.com/review/singingcarrots.com,2025-07-14,Веб: отзывы и жалобы вне сторов
591,Singing Carrots,ненавидят,4,bd,ребёнок-подросток,1,Распознавание ловит вдох как ноты — ошибки детекции,"sometimes if I breathe in, it shows f8 and g8 notes which needs to be fixed soon",Trustpilot singingcarrots.com (Thunder),https://www.trustpilot.com/review/singingcarrots.com,2025-06-12,Веб: отзывы и жалобы вне сторов
592,Singing Carrots / AI vocal coach,ненавидят,-,-,педагог,2,Педагог-обозреватель: софт не слышит опору и зажимы,Feedback is recording-based...no software hears breath support or physical tension the way a teacher does,"Singwell.eu, Linor Oren 'Best singing apps in 2026'",https://singwell.eu/singing-apps/,2026,Веб: отзывы и жалобы вне сторов
593,Vocal Ease 2,страх,-,-,педагог,2,Нет постепенности упражнений — вредно для голоса,No exercise build up - harmful for the voice,"Singwell.eu, Linor Oren",https://singwell.eu/singing-apps/,2026,Веб: отзывы и жалобы вне сторов
594,Smule,ненавидят,1,gb,караоке-соцсеть,3,"Списание сразу при 'бесплатном' триале, пинг-понг Smule↔Apple, без возврата","I signed up to the FREE 7 day trial, immediately they took £9.99 from my bank, i cancelled the subscription immediately and requested a refund from smule, who said they can't because apple took the money so id have to request it with apple, i did that and apple refused my refund too",Trustpilot smule.com (Hanna Lowry),https://www.trustpilot.com/review/smule.com,2025-02-15,Веб: отзывы и жалобы вне сторов
595,Smule,ненавидят,1,us,караоке-соцсеть,2,'Бесплатно' оказывается ~$10/мес,JUNK MUST pay for a subcription! I hate when it says its free only to find out its almost 10 dollars a month!!!!,Trustpilot smule.com (Robert Lombardo),https://www.trustpilot.com/review/smule.com,2026-09-10,Веб: отзывы и жалобы вне сторов
596,Smule,уходят,1,us,караоке-соцсеть,3,"Держит только сообщество друзей, не продукт","Terrible updates that actively make the experience worse, insane payment schemes that are a total scam, a plain refusal to fix bugs that have been persisting for almost a decade... I only use it at this point because there's nothing better and it's where all my friends are.",Trustpilot smule.com (Jude G),https://www.trustpilot.com/review/smule.com,2026-01-10,Веб: отзывы и жалобы вне сторов
597,Smule,страх,1,us,ребёнок-подросток,3,Безопасность детей в открытой соцсети,"If you have an underage child as we do, please do yourself a favor and DO NOT allow them to create an account and post on Smule. We are dealing with a nightmare as I write this and we have law enforcement involved due to a so-called user on Smule.",Trustpilot smule.com (Stell),https://www.trustpilot.com/review/smule.com,2026-06-04,Веб: отзывы и жалобы вне сторов
598,Smule,уходят,1,my,караоке-соцсеть,3,"Травля в сообществе, бездействие поддержки","I became the target of organized harassment: fake accounts were created just to attack me, impersonate me, and spread lies about me. ... I reported many times, but Smule only sends copy-paste replies and takes no real action.",Trustpilot smule.com (LUCY),https://www.trustpilot.com/review/smule.com,2025-10-01,Веб: отзывы и жалобы вне сторов
599,Smule,уходят,1,gb,продолжающий,2,Певица для поддержания формы ушла из-за сталкинга и изменений,I cancelled it and won't be returning. Not to mention weirdo's who are not in your friends list being able to message and stalk you ... I only started this app to keep my vocals up to scratch whilst not gigging. I'll just stick with the studio.,Trustpilot smule.com (Mandy Rouchy),https://www.trustpilot.com/review/smule.com,2025-06-17,Веб: отзывы и жалобы вне сторов
600,Smule,любят,5,gb,караоке-соцсеть,2,"Платят £39.99/год за сообщество, дуэты и эффекты","In December 2023, I subscribed to VIP for £39.99 per year ... It's such a great and friendly community of people who love music as much as you do. I have made great friends on the app. ... I am singing songs I never thought I could sing with great sound effects to make you sound better.",Trustpilot smule.com (Bee B),https://www.trustpilot.com/review/smule.com,2025-04-18,Веб: отзывы и жалобы вне сторов
601,Smule,ненавидят,1,nz,караоке-соцсеть,3,Неавторизованное списание VIP,Have been a loyal user of the Smule Sing app for YEARS and they have stolen ONE HUNDRED AND FIFTY DOLLARS from me to pay for a VIP subscription THAT I DID NOT ORDER.,PissedConsumer Smule,https://smule.pissedconsumer.com/review.html,2026-09-11,Веб: отзывы и жалобы вне сторов
602,Smule,ненавидят,3.5,us,караоке-соцсеть,2,Не понимают автопродление годовой подписки,"I bought the subscription last year, thinking that it would go away when the year was over. Unfortunately, a year passed and the subscription charged my card for a renewal.",PissedConsumer Smule (Tianna W Ctc),https://smule.pissedconsumer.com/review.html,2025-02-23,Веб: отзывы и жалобы вне сторов
603,"Vocal Image (голос/речь, не пение)",ненавидят,1,gb,неясно,3,"AI не распознаёт акцент, ставит низкие баллы — фрустрация","The AI couldn't understand a single word I said, so kept scoring me really low. It was so frustrating. I'm from the UK with a slight midlands accent.",Trustpilot vocalimage.app (Angela Eden),https://www.trustpilot.com/review/vocalimage.app?stars=1,2026-02-24,Веб: отзывы и жалобы вне сторов
604,"Vocal Image (голос/речь, не пение)",ненавидят,1,gb,неясно,3,"AI 'не слышит', вердикт 'становишься хуже' демотивирует",Terrible app. It does not do what was advertised. The AI cant hear your speech. With each test exercise it says I am getting worse.,Trustpilot vocalimage.app (CJ),https://www.trustpilot.com/review/vocalimage.app?stars=1,2026-02-19,Веб: отзывы и жалобы вне сторов
605,"Vocal Image (голос/речь, не пение)",ненавидят,1,gb,неясно,3,"Две подписки (веб+app), после отмены продолжают списывать",Absolute charlatans. They somehow make you take out two subscriptions: one on the website and one on the app. When you cancel they keep charging you on the other subscription..,Trustpilot vocalimage.app (Lozwoz),https://www.trustpilot.com/review/vocalimage.app?stars=1,2026-02-16,Веб: отзывы и жалобы вне сторов
606,"Vocal Image (голос/речь, не пение)",уходят,1,us,неясно,2,Никто не помог начать — заплатил и не пользовался,I never heard from anyone. Never knew how to use the system. I spent money on something I never used. No one reached out. They were just happy yo collect money.,Trustpilot vocalimage.app (Cindy Petersen),https://www.trustpilot.com/review/vocalimage.app,2026-08-17,Веб: отзывы и жалобы вне сторов
607,"Vocal Image (голос/речь, не пение)",ненавидят,1,us,неясно,3,"Обещали предупредить о конце триала — не предупредили, списали ~$100",They offer assurance that they notify you before the trial is up. ... I was not notified and then changed a premium fee of almost $100.,Trustpilot vocalimage.app (Jay),https://www.trustpilot.com/review/vocalimage.app,2026-09-14,Веб: отзывы и жалобы вне сторов
608,Общий рынок (выбор приложения),хотят,-,-,певец-новичок,2,Взрослый новичок: короткие сессии 5–15 мин несколько раз в день вместо думскроллинга,"Maybe it’s a midlife crisis thing, but I want to start singing. About 20 years ago I took exactly one lesson and I think I should commit to this. I have downtime when I’m alone in a vehicle during my shift and could devote up to 5-15 minutes approximately 2-3 times per day, 5 days a week ... I’d like to learn singing instead of my current doom scrolling during those times!!","YouTube comment (28 likes), Linor Oren 'I reviewed more than a dozen singing apps'",https://www.youtube.com/watch?v=OwLn-apZ7zM,-,Веб: отзывы и жалобы вне сторов
609,Общий рынок (выбор приложения),хотят,-,-,певец-новичок,1,Скромная цель: не фальшивить с друзьями,All I wanted was to not sing off key in the car with my friends.,"YouTube comment (36 likes), Linor Oren",https://www.youtube.com/watch?v=OwLn-apZ7zM,-,Веб: отзывы и жалобы вне сторов
610,Общий рынок (выбор приложения),страх,-,-,певец-новичок,2,Миф о 'даре'; педагог был недоступен по деньгам,Ever since I was a little girl I loved to sing 🎤 sadly I was not born with that gift. ... We was poor so I couldn’t see someone to help me.,"YouTube comment, Linor Oren",https://www.youtube.com/watch?v=OwLn-apZ7zM,-,Веб: отзывы и жалобы вне сторов
611,Vocal Image,уходят,-,-,неясно,1,Отказ из-за цены и нестабильной работы,there’s been a few apps similar that I liked but didn’t really come across clearly and didn’t work consistently and you’re right. There’s a little more work to go on this app and it is expensive so I’m gonna skip it,"YouTube comment, Bytes Media 'Vocal Image App Review 2025'",https://www.youtube.com/watch?v=2ITqWnSRSSA,-,Веб: отзывы и жалобы вне сторов
