n,source,date,author_role,category,intensity,pain,quote,agreement,workaround,wtp,url,zone
0,r/singing,2026-09-11,"педагог вокала (частный, своя студия)",стыд-страх-учеников,2,"Ученики боятся звучать «некрасиво» на уроке и приходят как на концерт, а не экспериментировать, из-за этого прогресс медленнее","Make strange, weird, loud, awkward sounds. You are paying us to hear that. We give you feedback - most times when a student makes a strange sound in my studio it's the verge of a breakthrough. Many students come to their lessons like they are going to a recital","в треде другие педагоги пишут о том же: нужно пробовать и ошибаться, записывать уроки",просит учеников специально делать «другую ошибку» и странные звуки,,https://www.reddit.com/r/singing/comments/1wd6t1c/voice_teachers_what_makes_someone_a_good_student/p98x396/,Reddit r/singing: педагоги о своих учениках
1,r/singing,2026-09-11,педагог вокала (частный),методика-объяснить-невидимое,1,"Словами голос не объяснишь: остаётся только ловить удачный момент и говорить «да / нет / ближе», пока ученик сам не нащупает ощущение","There are so many places with the voice where words just can't really reach. Some of the best lessons I've taught are literally me saying 😂 ""Yes"" ""No"" ""Closer"" ""That's it!""","отвечает на самый залайканный комментарий треда: «запоминай ощущение, когда педагог говорит: вот так!»","короткая обратная связь «да / нет / ближе», повторение до появления у ученика своей модели",,https://www.reddit.com/r/singing/comments/1wd6t1c/voice_teachers_what_makes_someone_a_good_student/p9o3ui7/,Reddit r/singing: педагоги о своих учениках
2,r/singing,2026-09-11,педагог вокала (частный),ученики-практика,1,"Между уроками ученик не знает, что и как повторять; педагогу приходится придумывать, как «унести» урок домой","I split lessons 50/50 between technique exercises and song work, and I recommend students record their lessons so they can sing along to the technique portion and continue developing during the week.",несколько учеников в треде: «записываю уроки и пою вместе с записью»,ученики записывают урок и поют вместе с технической частью всю неделю,,https://www.reddit.com/r/singing/comments/1wd6t1c/voice_teachers_what_makes_someone_a_good_student/p95l0wg/,Reddit r/singing: педагоги о своих учениках
3,r/singing,2025-05-06,неясно (вероятно педагог вокала: тред адресован педагогам),ученики-ожидания-YouTube,2,"Коучи из соцсетей обещают одно упражнение «для всех голосов», и ученики приходят с ложными ожиданиями","Not every vocal tip works for everyone. So if raise your ya ya ya isn’t working for you, it’s because you don’t know how to blend and balance your voice yet that would allow you to then achieve a mix belt. So sick of social media teachers claiming that one thing will work for EVERY voice","в треде много похожих жалоб на мифы из соцсетей (про диафрагму, про диапазон как признак типа голоса)",,,https://www.reddit.com/r/singing/comments/1kgb89d/voice_teachers_what_are_some_common_vocal_tips/mr0uuyw/,Reddit r/singing: педагоги о своих учениках
4,r/singing,2025-05-06,"неясно (судя по тексту, педагог или человек, знающий науку о голосе)",терминология,2,"Базовые термины (грудной / головной, резонанс) описывают голос неверно и сбивают учеников с толку",The whole chest vs. head dichotomy should also be thrown out at this point. It’s a very poor description of what’s actually happening and causes more confusion than improvement for,рядом другой комментарий: «There are multiple ways to say the same thing about vocal technique. The lack of common terms... makes learning vocal technique confusing»,,,https://www.reddit.com/r/singing/comments/1kgb89d/voice_teachers_what_are_some_common_vocal_tips/mr29wra/,Reddit r/singing: педагоги о своих учениках
5,r/singing,2025-05-06,неясно (пересказывает опыт знакомого педагога),ученики-ожидания-YouTube,2,"Педагогу приходится разбивать нереальные ожидания, взятые из TikTok, например «кто угодно может стать сопрано»","I know a coach who has had a couple transgender students who saw online on TikTok or something, the claim that anyone can learn to sing as a soprano and has had to break it to them that there’s only so much that can be done.","под комментарием ученики подтверждают из своего опыта (низкий женский голос, транс-баритон)",,,https://www.reddit.com/r/singing/comments/1kgb89d/voice_teachers_what_are_some_common_vocal_tips/mqxokim/,Reddit r/singing: педагоги о своих учениках
6,r/singing,2021-12-09,"педагог вокала (частный, около 10 лет стажа)",прогресс-не-виден,2,"Взрослая ученица не различает высоту звуков; прогресса нет, она теряет мотивацию, а у педагога нет инструментов",I've had her in my studio for a month now and we've made little to no real progress. I feel bad because she brings in pieces to sing that are way beyond her current capabilities. I can tell she's getting frustrated and discouraged.,"более 30 комментариев с советами; несколько педагогов пишут, что сталкивались с тем же","советуют тюнер или приложение для питча, Melodyne, подражание голосу вместо фортепиано, тест MBEA",,https://www.reddit.com/r/singing/comments/rclo63/teacher_advice_my_student_is_completely_tone_deaf/,Reddit r/singing: педагоги о своих учениках
7,r/singing,2021-12-09,педагог вокала (частный),софт-инструменты,2,"Визуализация высоты тона в приложении не помогает, когда у ученика широкое вибрато или нестабильный звук",I have done this with her but she has a really wide vibrato so it’s flips between the notes so quick. I can’t even get her to sustain a single pitch for more than a few seconds 😢,нет данных,уже пробовала приложение для визуализации питча,,https://www.reddit.com/r/singing/comments/rclo63/teacher_advice_my_student_is_completely_tone_deaf/hnya0ot/,Reddit r/singing: педагоги о своих учениках
8,r/singing,2021-12-09,"педагог (вокал / сольфеджио, репетитор студентов)",поиск-учеников,1,"Педагог боится взять ученика, с которым не получится результата, и отсеивает таких на входе",Yikes. This is why I always do an interview with potential new students to assess them prior to accepting them as a student. You can't really fix actual tone deafness/amusia as it's a neurological/cognitive processing issue.,"ответы «Great insight», «Excellent advice!»",интервью или прослушивание перед приёмом ученика,,https://www.reddit.com/r/singing/comments/rclo63/teacher_advice_my_student_is_completely_tone_deaf/hnwcpki/,Reddit r/singing: педагоги о своих учениках
9,r/singing,2021-12-09,педагог (пишет «I had a student»),стыд-страх-учеников,2,Страх неосторожным словом навсегда отвадить ученика от музыки,"I would be very careful about telling a student they might have amusia. If you’re wrong, you could be turning a struggling student off of music forever.",нет данных,"проверять, различает ли ученик эмоции (грустная / весёлая песня), прежде чем делать выводы",,https://www.reddit.com/r/singing/comments/rclo63/teacher_advice_my_student_is_completely_tone_deaf/hnw5hlo/,Reddit r/singing: педагоги о своих учениках
10,r/singing,2025-04-13,"педагог вокала (частный; поп, мюзикл, рок)",прогресс-не-виден,2,"На уроке ученица поёт хорошо, но на реальном выступлении (в церкви) техника пропадает: навык не переносится со студии на сцену",It feels kinda scummy but I also don’t want her to pay me and then never use what she’s learning! I’ve heard what she’s capable of and it’s frustrating to hear her revert to bad technique.,около 40 комментариев; педагоги и ученики подтверждают: «performance skills are a different beast than technique»,"советуют записать видео выступления и разобрать его, практика с микрофоном, работа над песнями из церкви на уроке",,https://www.reddit.com/r/singing/comments/1jyadhw/my_student_sings_totally_different_at_church_than/,Reddit r/singing: педагоги о своих учениках
11,r/singing,2025-04-13,"педагог вокала («Signed, a voice teacher»)",другое,1,"Педагог не знает, вправе ли давать обратную связь о выступлениях вне урока","You are not paid to keep your mouth shut, she is performing in church. The venue does not give any reason for her technique to go out the window.","ответ: «Completely agree... As teachers, it is our responsibility to be honest»",прямо обсудить психологию выступления или молча встроить работу над этим в уроки,,https://www.reddit.com/r/singing/comments/1jyadhw/my_student_sings_totally_different_at_church_than/mmwsd54/,Reddit r/singing: педагоги о своих учениках
12,r/singing,2025-12-13,"педагог вокала (стажёр, практика под наставником)",здоровье-голоса-учеников,2,"Ученица отказывается менять вредную речевую привычку, потому что голос — часть её идентичности; педагог не знает, как настаивать",her main concern was that she doesn't want to change the way she speaks because it's essentially part of her identity.,"тред спорный: многие считают, что стажёр перегибает, и советуют не пугать ученицу",записывает все уроки для наставника,,https://www.reddit.com/r/singing/comments/1plw7zk/how_to_handle_a_singing_student_who_doesnt_want/,Reddit r/singing: педагоги о своих учениках
13,r/singing,2025-12-13,вокологист / педагог вокала,здоровье-голоса-учеников,1,"Непонятно, где граница между задачами педагога и логопеда или ЛОРа","if you suspect that speaking issues are causing vocal injury, your best bet is to recommend that they see an SLP or ENT. Even if you are trained in those techniques, if someone doesn't want to address it, it is inappropriate for a voice teacher to try to make them",тот же вывод у другого педагога с 15 годами стажа (ntxumds),направлять к логопеду (SLP) или ЛОРу,,https://www.reddit.com/r/singing/comments/1plw7zk/how_to_handle_a_singing_student_who_doesnt_want/ntwy423/,Reddit r/singing: педагоги о своих учениках
14,r/singing,2025-12-13,"педагог вокала (15 лет стажа, подготовка в логопедии)",здоровье-голоса-учеников,1,"Риск напугать ученика словами о вреде голосу и ответственность за то, когда отправлять к ларингологу","Don't frighten her that she's damaging her voice unless she genuinely shows signs of pathology, in which case you would send her to a laryngologist. Voice is connected to identity.",нет данных,направление к ларингологу только при признаках патологии,,https://www.reddit.com/r/singing/comments/1plw7zk/how_to_handle_a_singing_student_who_doesnt_want/ntxumds/,Reddit r/singing: педагоги о своих учениках
15,r/singing,2026-06-20,вокальный коуч (пишет «As a coach»),методика-объяснить-невидимое,2,"Инструмент спрятан внутри тела: показать движение, как в спорте, невозможно, а ученики хотят сразу конечный результат","Singing extremely hard to teach because the system that produces sound is hidden inside your body. Something like say boxing is a lot easier to teach, i can show you how to jab correctly, and you can follow my motion. That’s not possible with singing.",в треде много ответов «ты слишком амбициозен после 3 уроков»,,,https://www.reddit.com/r/singing/comments/1uapvql/is_my_vocal_coach_milking_me_for_money_or_is_this/osqfjvu/,Reddit r/singing: педагоги о своих учениках
16,r/singing,2026-06-20,"вокальный коуч (7+ лет, сертификаты)",сертификация-квалификация,1,"Много педагогов без навыка структурировать урок, и это подрывает доверие учеников ко всей профессии","(Vocal coach of 7+ years here, with multiple certifications in vocal and music pedagogy.) It sounds like a lack of teaching skill and lesson structure. A good vocal lesson should involve diagnosis → targeted exercises → application to songs.",ответ звукорежиссёра: «too many people think that having a skill = being able to teach that skill»,схема «диагностика → упражнения → песня»,,https://www.reddit.com/r/singing/comments/1uapvql/is_my_vocal_coach_milking_me_for_money_or_is_this/osq8oph/,Reddit r/singing: педагоги о своих учениках
17,r/singing,2026-06-20,педагог вокала («My two cents as a voice teacher»),ученики-практика,1,"Ученик должен уметь воспроизвести результат вне урока, но передать это «зачем и как» трудно","teachers are supposed to teach you, not just improve you. That means that ensuring you having an understanding of why you're doing things, how exercises work, and how to replicate results outside of class is her whole job.","другой педагог в треде: «neglect head voice... is a no-go», советуют пробные уроки у других",,,https://www.reddit.com/r/singing/comments/1uapvql/is_my_vocal_coach_milking_me_for_money_or_is_this/osrt5jy/,Reddit r/singing: педагоги о своих учениках
18,r/singing,2026-07-31,"педагог вокала (частный, 10 учеников)",стыд-страх-учеников,1,Каждый пятый взрослый ученик не попадает в ноты и живёт с ярлыком «медведь на ухо»; нужна долгая работа над интонированием,I've got 10 students right now and 2 of them (adults) struggle with consistently matching pitch. I refuse to call them tone deaf because they can hear and feel the difference in their voices for low vs high.,ещё 2–3 педагога в треде: «I’ve had lots of success improving pitch matching with beginner students!»,"объясняет, что это мышечная память, а не приговор",,https://www.reddit.com/r/singing/comments/1vbzruz/got_rejected_by_a_teacher_for_being_too_bad_and_i/p108ynw/,Reddit r/singing: педагоги о своих учениках
19,r/singing,2026-07-31,"педагог вокала (частный, US судя по $)",оплата-цены,1,Дорогой урок с педагогом — неэффективный способ учиться попадать в ноты; эту рутину выгоднее делать отдельно,"As a voice teacher I am just as happy getting paid $85/hr to teach someone to match pitch as teaching vocal technique, but that not may be a good use of their $85",в треде советуют приложения для тренировки интонации (Singscope),ученику — приложения и тренировка слуха отдельно от уроков,"ставка $85 в час; намёк, что рутину по интонированию стоит отдать дешёвому инструменту",https://www.reddit.com/r/singing/comments/1vbzruz/got_rejected_by_a_teacher_for_being_too_bad_and_i/p10umj7/,Reddit r/singing: педагоги о своих учениках
20,r/singing,2026-07-31,педагог вокала,поиск-учеников,1,"Часть педагогов отказывает новичкам, которые не попадают в ноты, и это создаёт репутационную проблему для профессии","Voice teacher here. If I ever did that with a client I'd get in trouble. It's a super elitist attitude, and no student is too ""bad"" to teach.",много педагогов в треде осуждают отказ; другие защищают специализацию («Phil Jackson for free throws»),,,https://www.reddit.com/r/singing/comments/1vbzruz/got_rejected_by_a_teacher_for_being_too_bad_and_i/p0xppth/,Reddit r/singing: педагоги о своих учениках
21,r/singing,2025-08-13,неясно — создатель сервиса для педагогов (Singing Carrots),софт-инструменты,2,"Педагоги вокала почти не реагируют на новые инструменты, даже бесплатные: 3 интересующихся из 500",we emailed 500 actively teaching singing teachers… and only 3 expressed interest. We got zero feedback and very little engagement.,"педагоги в комментариях объясняют: хватает Zoom и Meet, переход болезненный, бесплатное вызывает подозрение",,сильный сигнал низкой готовности менять инструменты даже бесплатно,https://www.reddit.com/r/singing/comments/1mpb87r/why_arent_singing_teachers_interested_in_my_free/,Reddit r/singing: педагоги о своих учениках
22,r/singing,2025-08-13,педагог (вероятно вокала; «teaching isn’t a money rich career»),софт-инструменты,2,"Денег мало, у педагога уже налажены расписание и ссылки для учеников, и переход на новый инструмент — лишняя головная боль",1) why spend money on something I can use for free? I see the clear benefits I would get to spending that money but teaching isn’t a money rich career. So I’d rather not personally. 2) teachers already have a system and scheduler and links out to students. Making the switch could cause headaches,похожий ответ ниже: «the features just aren’t necessary»,Zoom и Google Meet плюс уже налаженный планировщик,"отрицательный: не готов платить за то, что есть бесплатно",https://www.reddit.com/r/singing/comments/1mpb87r/why_arent_singing_teachers_interested_in_my_free/n8imdub/,Reddit r/singing: педагоги о своих учениках
23,r/singing,2025-08-13,педагог (вероятно вокала),софт-инструменты,1,Транскрипции и безлимит по времени педагогам вокала не нужны; реферальная схема «$20 за ученика» выглядит подозрительно,The main thing is the features just aren’t necessary. Sure the time limit maybe. But most vocal lessons with students aren’t longer than 30-45 minutes. So I can’t say I really need a time extension.,нет данных,уроки 30–45 минут укладываются в бесплатный Zoom,нет интереса к транскрипциям и длинным звонкам,https://www.reddit.com/r/singing/comments/1mpb87r/why_arent_singing_teachers_interested_in_my_free/n8iu20y/,Reddit r/singing: педагоги о своих учениках
24,r/singing,2025-08-13,педагог вокала (онлайн),онлайн-уроки,1,Боли Zoom для вокала: оригинальный звук без обработки и запись урока,Heya! Voice teacher here. I just had a look and what's promise is quite good. It addresses a lot of the pain-points with Zoom like original sound. Free recordings.,другой пользователь позже: «I just found your website and LOVE the studio! Migrating today!»,Zoom с режимом original sound,интерес к бесплатному; ценит оригинальный звук и записи,https://www.reddit.com/r/singing/comments/1mpb87r/why_arent_singing_teachers_interested_in_my_free/n8k4690/,Reddit r/singing: педагоги о своих учениках
25,r/singing,2025-08-13,педагог вокала (онлайн),онлайн-уроки,1,Педагог беспокоится о приватности записей учеников в облаке; нужна демонстрация экрана со звуком,"Just wanted to make sure, my students privacy is safe. You know the quote goes - ""if a service is free you are the product"" Beyond that, I think one really useful feature would be screen/sound share. I use that a lot with my clients.",нет данных,демонстрация экрана со звуком в текущем инструменте,приватность записей — условие выбора,https://www.reddit.com/r/singing/comments/1mpb87r/why_arent_singing_teachers_interested_in_my_free/n8rc5s6/,Reddit r/singing: педагоги о своих учениках
26,r/singing,2025-08-13,студент,онлайн-уроки,2,"Из-за задержки педагог онлайн не может аккомпанировать вживую; приходится играть гамму, потом петь, а минусовку включать у себя",when online he will have to play the scale first then I follow up and practice songs have to be played from my device to prevent latency from being an issue.,нет данных,"педагог сначала играет, потом ученик повторяет; минусовка на устройстве ученика",«What I would be interested in is a platform for performing that offered as minimal latency as possible»,https://www.reddit.com/r/singing/comments/1mpb87r/why_arent_singing_teachers_interested_in_my_free/n8ibuxk/,Reddit r/singing: педагоги о своих учениках
27,r/singing,2020-04-08,педагог вокала (онлайн с 2020),онлайн-уроки,1,Задержка в Zoom мешает урокам вокала,"Pro - I can put more emphasis on ear training with my students, which is good for their musical development Con - that lag tho",другой педагог (32 ученика) подтверждает минусы: аккомпанемент и звук,больше тренировки слуха вместо совместного пения,,https://www.reddit.com/r/singing/comments/fx1ons/hows_it_going_on_zoom/,Reddit r/singing: педагоги о своих учениках
28,r/singing,2020-04-08,педагог вокала (32 частных ученика + группа),онлайн-уроки,2,"Онлайн нельзя аккомпанировать на фортепиано, а минусовка звучит плоско без внешнего микрофона",The other con is that I cannot accompany on piano and playing an accompaniment track often sounds tinny unless they have an external mic.,автор поста тоже жалуется на задержку,"настройка звука в Zoom, внешний микрофон у ученика",,https://www.reddit.com/r/singing/comments/fx1ons/hows_it_going_on_zoom/fmu77vw/,Reddit r/singing: педагоги о своих учениках
29,r/singing,2025-08-18,педагог вокала (открывает онлайн-студию),поиск-учеников,2,"Людям интересно пение, но до педагога они не доходят; трудно превратить интерес в учеников",there seems to be a hesitation to meet actual voice teachers. Are folks unaware that the majority of voice teachers offer a free or low cost meeting before you commit to lessons?,"десятки ответов: «Cost. Cost. Cost.», страх, время; другой педагог: «This is a burning question on every voice instructor's mind»","бесплатная первая встреча, недорогой разбор присланных записей",,https://www.reddit.com/r/singing/comments/1mtrl4t/the_number_1_thing_stopping_you_from_voice_lessons/,Reddit r/singing: педагоги о своих учениках
30,r/singing,2025-08-18,педагог вокала (частный),оплата-цены,2,"Педагог занижает цену вдвое, чтобы уроки были доступны, и сомневается в ценообразовании","Do I think my time and experience are worth $50 for 30 minutes? Definitely. But if most people can’t afford that, then it defeats the purpose. I’ve landed on $25 for 30 minutes as a middle ground.","ученики: «25 is average around here, maybe 30 tops», многие пишут, что не могут позволить себе ни за какую цену",$25 за 30 минут как компромисс,ученики считают нормой $25–30 за 30 минут,https://www.reddit.com/r/singing/comments/1mtrl4t/the_number_1_thing_stopping_you_from_voice_lessons/n9ea66f/,Reddit r/singing: педагоги о своих учениках
31,r/singing,2025-08-18,педагог вокала (онлайн-студия),оплата-цены,2,"Цена — главный барьер для учеников, и педагог сам ищет, чем её субсидировать","I am developing a scholarship program and plan to do some fundraising that can help cover costs for students that are talented and interested, but lacking financial means. I've seen friends of mine that are also voice teachers start a gofundme to help subsidize lessons too",большинство ответов в треде называют деньги барьером №1,"стипендии, фандрайзинг, GoFundMe",,https://www.reddit.com/r/singing/comments/1mtrl4t/the_number_1_thing_stopping_you_from_voice_lessons/n9dzcza/,Reddit r/singing: педагоги о своих учениках
32,r/singing,2025-08-18,педагог вокала (онлайн-студия),прогресс-не-виден,2,"Ученик бросает, потому что «заплатил и ничему не научился»: прогресс в невидимом инструменте плохо заметен","Voice studies can be tricky sometimes, especially because we're speaking about a body system that you can't 'see'. But progress and clarity are very important!",ученики в треде: «It almost feels like if I ever sing something correctly it was due to luck rather than technique»,письмо с итогами урока,,https://www.reddit.com/r/singing/comments/1mtrl4t/the_number_1_thing_stopping_you_from_voice_lessons/n9dy449/,Reddit r/singing: педагоги о своих учениках
33,r/singing,2025-08-18,педагог вокала (онлайн-студия),время-неоплачиваемый-труд,1,"Чтобы ученик видел прогресс, педагог вручную пишет итог каждого урока, а это неоплачиваемое время",A good teacher should have some sort of 'follow up system (I typically send an email within 48 hours of the lesson)' that summarizes the activities and progress from your lessons.,нет данных,письмо ученику в течение 48 часов после урока,,https://www.reddit.com/r/singing/comments/1mtrl4t/the_number_1_thing_stopping_you_from_voice_lessons/n9dy449/,Reddit r/singing: педагоги о своих учениках
34,r/singing,2025-08-18,студент (сравнивает с уроками фортепиано),мотивация-бросают,2,"У педагогов вокала нет структуры (целей, заданий на неделю), как у педагогов инструментов, и ученики уходят","All 3 of my singing teachers did none of this. Instead, I do warm ups for 5 minutes, sing a song for them and they give some minimal feedback and then the lesson is over.",«This has been my experience as well!»; педагог отвечает: «This is exactly why I decided to expand what I offer»,,,https://www.reddit.com/r/singing/comments/1mtrl4t/the_number_1_thing_stopping_you_from_voice_lessons/n9e6dle/,Reddit r/singing: педагоги о своих учениках
35,r/singing,2025-08-18,студент (бросил уроки),ученики-ожидания-YouTube,2,"Ученик уходит к YouTube, если урок сводится к распевкам без записи и плана практики","They are about $300/mo for 1x a week lessons at 1 hour long, and most of it was just doing vocal warm ups, singing scales/octaves/range exercises. I can pretty easily do all of that at home with youtube.",похожие жалобы на отсутствие обратной связи в том же треде,сам занимается по YouTube,$300 в месяц за 4 часовых урока казались неоправданными,https://www.reddit.com/r/singing/comments/1mtrl4t/the_number_1_thing_stopping_you_from_voice_lessons/n9f54b7/,Reddit r/singing: педагоги о своих учениках
36,r/singing,2021-11-30,педагог вокала (группы),отмены-болезни,1,"Ученик простужен и не может петь, а урок нужно чем-то наполнить; специфика вокала: инструмент болеет вместе с человеком","If working with a group and student has a cold and can't really sing, what do you have them do in place of the lesson? Theory?","ответы: учить текст наизусть, ритм, теория, тренировка слуха","ритм (проговаривание текста в ритме), теория, тренировка слуха, заучивание текста",,https://www.reddit.com/r/singing/comments/r5q6v6/voice_teachers_what_do_you_do_if_a_student_is_sick/,Reddit r/singing: педагоги о своих учениках
37,r/singing,2014-12-16,"педагог вокала + исполнитель (частный, детский хор), US",здоровье-голоса-учеников,3,"У 9-летней ученицы узелки на связках, родители месяцами не ведут её к фонопеду; педагог несёт ответственность, но повлиять не может","I see her once a week, so there's only so much that I can do. It's been months and her Mom says they haven't been able to find a speech therapist that they can afford. What to do???",комментаторы советуют прекратить уроки даже в ущерб доходу,"лёгкое пение, головной регистр, альтовая партия в хоре",,https://www.reddit.com/r/singing/comments/2pfozv/im_a_professional_singer_and_voice_teacher_i_told/,Reddit r/singing: педагоги о своих учениках
38,r/singing,2014-12-16,педагог вокала,здоровье-голоса-учеников,2,Конфликт между заработком и здоровьем голоса ученика; многие педагоги не берут детей,"Most voice teachers I know (myself included) won't take anyone under the high school age for that reason alone. I know it would suck (particularly for your income), but I wouldn't be able to keep a clear conscience in giving voice lessons","автор поста: «It would suck for my income, but it's probably a good idea»",не брать учеников младше старшей школы; приостановить уроки до лечения,,https://www.reddit.com/r/singing/comments/2pfozv/im_a_professional_singer_and_voice_teacher_i_told/cmw957r/,Reddit r/singing: педагоги о своих учениках
39,r/singing,2014-12-16,"педагог вокала + исполнитель (частный), US",другое,2,"Родители не вовлечены: не приходят на уроки, их приходится ловить после концерта, чтобы обсудить здоровье ребёнка","I've already gone out of my way to try to talk to her mom, who has never actually came to a lesson or came to me to talk about the situation. I had to search for her after a recital to ask her why the girl still isn't seeing a therapist.",нет данных,"предложить родителям приостановить уроки, перевести на фортепиано или сочинение песен",,https://www.reddit.com/r/singing/comments/2pfozv/im_a_professional_singer_and_voice_teacher_i_told/cmw99yf/,Reddit r/singing: педагоги о своих учениках
40,r/singing,2021-12-08,"педагог вокала (частный, дети)",репертуар-тональности-минусовки,1,"Ребёнок хочет любимую поп-песню, которая не подходит по диапазону; транспонирование не спасает, отказ разобьёт сердце","The most pressing problem is that the song is also wildly out of her 8-year-old vocal range. Like, she can’t hit the low notes AT ALL. And I’ve tried raising the key, but at this point if I raise it any higher, I might as well be teaching her the aria from The Magic frickin’ Flute.",около 30 ответов с советами; «This is going to happen to you a lot»,"альтернативная мелодия, дуэт с педагогом, переаранжировка, «песня на будущее»",,https://www.reddit.com/r/singing/comments/rbg2oe/fellow_voice_teachers_how_should_i_tell_a_young/,Reddit r/singing: педагоги о своих учениках
41,r/singing,2021-12-08,педагог вокала,прогресс-не-виден,1,"Нужно показать ученику путь и прогресс, не убив мотивацию","I try to list out the skills, and give a path towards success. And then, I'll come back to the song every few months as a way for us to track progress.",нет данных,"«целевая песня», к которой возвращаются раз в несколько месяцев как к замеру прогресса",,https://www.reddit.com/r/singing/comments/rbg2oe/fellow_voice_teachers_how_should_i_tell_a_young/hnrdj2f/,Reddit r/singing: педагоги о своих учениках
42,r/singing,2021-12-08,педагог мюзикла и драмы (дети),репертуар-тональности-минусовки,1,"Подбор репертуара под текущий голос ребёнка, чтобы не разочаровать его","I teach drama and musical theater, and I tell kids that if they can't sing the song as written, then it's not their song. They can keep it as a goal song, and we can take it out and work on it every so often",нет данных,разделение на «репертуар для выступлений» и «песни-цели»,,https://www.reddit.com/r/singing/comments/rbg2oe/fellow_voice_teachers_how_should_i_tell_a_young/hnornpo/,Reddit r/singing: педагоги о своих учениках
43,r/singing,2021-07-28,"педагог другого инструмента (скрипка / фортепиано), которому в музыкальной школе дали учеников по вокалу",сертификация-квалификация,2,Нет подготовки по вокальной педагогике и физиологии; страх навредить детскому голосу,it's just the specifics of the vocal instrument itself that makes me nervous. I especially don't want to be responsible for messing up a kid's voice or giving them wrong ideas about their voice or how the voice works in general.,"советуют книгу Vocal Faults, работу с напряжением","сам берёт уроки вокала, читает литературу",,https://www.reddit.com/r/singing/comments/otemcu/your_advice_for_a_violinpiano_teacher_who_now_has/,Reddit r/singing: педагоги о своих учениках
44,r/singing,2026-07-16,"начинающий педагог вокала (студентка 3 курса, вокальное исполнительство)",сертификация-квалификация,1,"Начинающий педагог не знает, как построить первый урок, и боится","I have not even taken pedagogy yet and am nervous to have a student, but does anyone have any advice on how a first lesson should go besides range metrics, pitch accuracy, and maybe a bit of sight reading?",спор в комментариях: учить по-своему или «как учили тебя»; предупреждения о риске навредить без знаний педагогики,"первый урок как сбор информации, позитив, без критики",,https://www.reddit.com/r/singing/comments/1uxucov/help_first_time_teaching_voice_to_a_student/,Reddit r/singing: педагоги о своих учениках
45,r/singing,2017-11-15,педагог вокала + исполнитель («I sing and teach for a living»),время-неоплачиваемый-труд,2,"От педагога ждут бесплатных полных разборов голоса в интернете, хотя это и есть его платная работа","there's a difference between posting a recording of a problem and asking if someone has advice on a specific issue, and just blanket asking for someone to give you a thorough review of everything you need to work on and how to fix it.","тред конфликтный; часть сообщества поддерживает педагога, часть нет",советует обратиться к педагогу за платным разбором,,https://www.reddit.com/r/singing/comments/7d7njw/apologies_if_i_offended_anyone_teaching_voice/dpw2rwg/,Reddit r/singing: педагоги о своих учениках
46,r/singing,2022-07-12,частный педагог (вероятно вокала),отмены-болезни,2,Отмены (особенно из-за болезни) бьют по доходу; педагоги вынуждены подрабатывать,it is definitely really hard to navigate cancelled lessons as a private instructor. many teachers change jobs or do other gigs for supplemental income. being able to make enough money while dealing with cancellations is very difficult.,"другой педагог развивает мысль про помесячную оплату; ученики возражают, что риск на педагоге","подработки, дополнительные гиги",,https://www.reddit.com/r/singing/comments/vwyypf/is_this_common_among_voice_teachers_pushing_you/ifttjwu/,Reddit r/singing: педагоги о своих учениках
47,r/singing,2022-07-12,"педагог вокала (работал в музыкальных школах, US)",оплата-цены,2,"Нестабильный доход из-за болезней учеников; общество ждёт, что музыканты смирятся",Their landlord and utility companies don’t care that their students were sick this month - and people don’t deserve to make a living with a crazy amount of insecurity just because society has arbitrarily decided musicians should just put up with it.,"автор поста (ученица) соглашается, что нужны чёткие правила","помесячная или семестровая оплата, лимит на отмены и отработки",,https://www.reddit.com/r/singing/comments/vwyypf/is_this_common_among_voice_teachers_pushing_you/ifubj6v/,Reddit r/singing: педагоги о своих учениках
48,r/singing,2022-07-12,педагог вокала,оплата-цены,2,"У педагогов вокала часто нет бизнес-навыков, договоров и правил отмены, и отсюда конфликты с учениками",You have no idea how many teachers online ask about how people manage to do this full time and had never considered an actual contract between themselves and their students….,другой комментатор: «Yea your voice teacher didn’t structure her business properly»,"письменные правила студии, договор",,https://www.reddit.com/r/singing/comments/vwyypf/is_this_common_among_voice_teachers_pushing_you/ifue75o/,Reddit r/singing: педагоги о своих учениках
49,r/singing,2018-01-17,"педагог вокала (частный), US",время-неоплачиваемый-труд,2,"Много неоплачиваемой работы: письма, расписание, отчёты о прогрессе, концерты, подготовка к урокам, прогон аккомпанементов","Then there is administrative work. Writing emails, dealing with scheduling, making phone calls, completing progress reports, organizing recitals/performances, etc. Then there is the prep for lessons.",«I don’t know what to say except: YES»; другой педагог: 20–25 контактных часов = 40 часов работы,"называет плату tuition, закладывает неоплачиваемую работу в ставку",,https://www.reddit.com/r/singing/comments/7r0oaj/why_are_voice_teachers_so_expensive/,Reddit r/singing: педагоги о своих учениках
50,r/singing,2018-01-17,"педагог вокала (частный), US",оплата-цены,2,"Ученики считают уроки дорогими, но педагог забирает около половины ставки после налогов и расходов","If you pay a teacher $60/hr they’re probably taking home about half of that. Additionally, they do a lot of “unpaid” work that gets rolled into their hourly fee.","в комментариях ставки: $40 в час в сельской местности, $60 в городе; UK £25–35",,"ориентиры рынка: US $40–60 в час, UK £25–35 в час",https://www.reddit.com/r/singing/comments/7r0oaj/why_are_voice_teachers_so_expensive/,Reddit r/singing: педагоги о своих учениках
51,r/singing,2018-01-17,"студент-педагог вокала (берёт $20 в час, регион с низкими доходами), US",выгорание-изоляция,2,Час индивидуальной диагностики голоса очень выматывает,providing the amount of sheer mental effort that it takes to try and work through one individual’s unique problem/s for a straight hour is downright taxing.,согласие с постом,,$20 в час у студента-педагога; местные ставки до $40,https://www.reddit.com/r/singing/comments/7r0oaj/why_are_voice_teachers_so_expensive/dstaq0u/,Reddit r/singing: педагоги о своих учениках
52,r/singing,2018-01-17,"педагог вокала (частный), US",оплата-цены,2,"Родители воспринимают педагога как няню, а не как профессионала, и не ценят его труд",the house spouse will tend to view you as just another baby-sitter for their kid...they don’t see you as a professional with multiple degrees running a business,"«Yeah, it's definitely that»",,,https://www.reddit.com/r/singing/comments/7r0oaj/why_are_voice_teachers_so_expensive/dstfvde/,Reddit r/singing: педагоги о своих учениках
53,r/singing,2018-01-17,педагог вокала,время-неоплачиваемый-труд,2,"Половина рабочего времени уходит на неоплачиваемое: подготовку, аккомпанементы, дикцию, счета, рекламу, соцсети","20-25 contact hours usually equals out 40 hours of actual work per week once you factor in lesson prep (research, continuing education, practicing piano parts, reviewing diction and performance practice) and administration (scheduling, billing, advertising, social media, etc).",поддерживает пост,,,https://www.reddit.com/r/singing/comments/7r0oaj/why_are_voice_teachers_so_expensive/i79etma/,Reddit r/singing: педагоги о своих учениках
54,r/singing,2018-01-17,неясно (вероятно педагог),прогресс-не-виден,1,"Трудно отличить вклад педагога от простого регулярного пения, и хорошему педагогу сложно доказать свою ценность",many students improve simply by being held accountable for singing on a weekly basis - with little to do with the instruction. This can make it hard to tell when a teacher is good or not,рядом: «people that don't know how to sing also don't know how to tell if a vocal teacher is good»,,,https://www.reddit.com/r/singing/comments/7r0oaj/why_are_voice_teachers_so_expensive/dstyjeb/,Reddit r/singing: педагоги о своих учениках
55,r/singing,2021-10-23,"модератор r/singing, педагог вокала",сертификация-квалификация,1,"Нет единого стандарта квалификации педагога вокала, и ученикам не на что опереться при выборе","There are many certifications and qualifications a singing teacher can have, and they don't all agree on what are and are not actual qualifications.","десятки педагогов в комментариях перечисляют разнородные регалии (NYVC, Estill, SLS, магистратура, «не сертифицирован»)",значок педагога на честном слове,,https://www.reddit.com/r/singing/comments/qeam8d/announcement_teacher_flair/,Reddit r/singing: педагоги о своих учениках
56,r/singing,2021-10-23,"педагог вокала + коуч + церковный музыкальный руководитель, US",выгорание-изоляция,2,На частных уроках не проживёшь: педагог собирает доход из множества подработок и зависит от дохода супруга,"But right now my life is about the multi-income streams and the ridiculously varied side hustles, none of which would work without my husband's bigger income",нет данных,"много источников дохода: коучинг речи, презентаций, сочинения песен",,https://www.reddit.com/r/singing/comments/qeam8d/announcement_teacher_flair/ij7g958/,Reddit r/singing: педагоги о своих учениках
57,r/singing,2023-10-07,"педагог вокала и фортепиано в сетевой школе (Guitar Center), US",поиск-учеников,2,"Сеть забирает больше половины оплаты, но уйти в частную практику страшно: не будет потока учеников и помещения","It's 175$ for 4 weeks of hour long lessons and I only make ~$20 an hour teaching. I could almost double my pay and still give my students a discount. However, the benefits of teaching through Guitar Center are that they find students for me when I'm not working and we have dedicated lesson rooms.",ответ: «most of your students are not gonna follow you... Finding students is also harder at the start»,остаётся в сети ради потока учеников,"ученик платит $175 за 4 часовых урока, педагог получает около $20 в час",https://www.reddit.com/r/singing/comments/172d97b/voice_teachers_what_was_your_experience_with/,Reddit r/singing: педагоги о своих учениках
58,r/singing,2025-01-22,"педагог вокала на обучении (онлайн), UK",поиск-учеников,1,Начинающему педагогу нужны ученики для практики и диплома; приходится искать их в комментариях Reddit со скидкой,"I'm studying with The Voice College (UK) on their Advanced Professional Diploma programme. I'm working with a limited number of students online over Zoom. If you’re interested in voice lessons at a significantly reduced rate, please drop a line.","в том же треде ещё 3 педагога предлагают себя (бесплатные уроки, Discord)","уроки со скидкой, поиск в комментариях",,https://www.reddit.com/r/singing/comments/1i6zyja/vocal_teachers_dont_want_to_accept_me_as_a/oax5ifb/,Reddit r/singing: педагоги о своих учениках
59,r/singing,2026-03-17,"педагог вокала (частный, Чикаго)",методика-объяснить-невидимое,1,"Одно и то же упражнение одному ученику помогает, а другого зажимает; нужна индивидуализация и работа с тревогой",Two singers could do the exact same exercise and get completely different results. One unlocks the sound immediately. The other gets tighter and tighter.,много учеников в треде рассказывают о своих «блоках»; часть комментаторов считает пост написанным ИИ и маркетинговым,подход через нервную систему и безопасность вместо «больше техники»,,https://www.reddit.com/r/singing/comments/1rwjg7x/something_strange_ive_noticed_after_years_of/,Reddit r/singing: педагоги о своих учениках
60,r/singing,2026-03-17,студент,стыд-страх-учеников,2,"Педагог не понимает, откуда у ученика психологический «блок» (ученица плакала на уроке при попытке белтинга)","my teacher is a bit confused on why I still seem to have a major ""block"" in my ability to sing freely, and have a lot of difficulty with most techniques.",несколько «#same» о зажиме при пении перед людьми,терапия параллельно с уроками,,https://www.reddit.com/r/singing/comments/1rwjg7x/something_strange_ive_noticed_after_years_of/ob0jfef/,Reddit r/singing: педагоги о своих учениках
61,r/singing,2026-07-09,неясно (опытный певец или педагог),терминология,2,«Микст» у всех значит своё; ученик посмотрел 50 роликов и не понял,One of the issues is exactly that mixed voice is defined differently by different people and isn't a clear scientific term for one specific thing.,автор поста: «Draw the rest of the f-ing owl»; «These words are subjective»,"спросить, какую конкретно задачу хочет решить ученик",,https://www.reddit.com/r/singing/comments/1us3swm/the_apparent_unexplainability_of_mix_voice/owpe9qv/,Reddit r/singing: педагоги о своих учениках
62,r/singing,2026-09 (тред от 2026-09-11),"педагог вокала (частный), страна неясна",стыд-страх-учеников,2,"Ученики боятся звучать плохо и приходят на урок как на концерт, поэтому не пробуют новое и не продвигаются.","Make mistakes. Make strange, weird, loud, awkward sounds. You are paying us to hear that. We give you feedback - most times when a student makes a strange sound in my studio it's the verge of a breakthrough. Many students come to their lessons like they are going to a recital",нет данных,"Прямо разрешать ученикам «странные» звуки и говорить, что за это они и платят",,https://www.reddit.com/r/singing/comments/1wd6t1c/voice_teachers_what_makes_someone_a_good_student/p98x396/,"Reddit r/singing: методика, голос педагога, здоровье"
63,r/singing,2023-01 (тред от 2023-01-16),"вокальный коуч (учит педагогов и профи), вероятно США",сертификация-квалификация,2,"Сценическая карьера не делает человека педагогом: хорошие певцы учат только своему способу петь, и ученикам потом приходится восстанавливаться.","I coach many voice teachers and professional singers who are recovering from the great singer but terrible teacher experience. Universities sometimes select their full-time voice teachers based on whether or not they had major careers as opera singers. Unfortunately, those beautiful singers often have no idea how to effectively teach","«This is exactly it»; «Hard disagree, often time great singers are bad teachers...» — поддерживает тот же тезис",,,https://www.reddit.com/r/singing/comments/10d5d5g/can_a_teacher_with_a_mediocre_voice_teach_singing/j4lq0g1/,"Reddit r/singing: методика, голос педагога, здоровье"
64,r/singing,2023-01 (тред от 2023-01-16),неясно,голос-педагога,2,"От педагога вокала ждут, что он сам всё покажет голосом; при этом голос педагога оценивают как рекламу его квалификации.","The voice is unique in that we give teachers the benefit of the doubt to teach what they cannot do, while we wouldn't permit that anywhere else. We wouldn't take piano lessons from someone who can't play piano, no matter how knowledgeable they are about it.","похожие ответы: «At the very least they should be able to demonstrate the technical things» (j4o59p9); с другой стороны, споры с противоположным мнением",,,https://www.reddit.com/r/singing/comments/10d5d5g/can_a_teacher_with_a_mediocre_voice_teach_singing/j4k4i8z/,"Reddit r/singing: методика, голос педагога, здоровье"
65,r/singing,2023-01 (тред от 2023-01-16),"педагог вокала + исполнитель, страна неясна",голос-педагога,1,"Внутри профессии спорят, может ли преподавать тот, кто сам плохо поёт; показ голосом педагога считается обязательным.",Yeah this irks me. I am a professional singer and singing teacher and couldnt imagine how this could work if they really are not good singers. You teach students from knowledge and experience.,нет данных,,,https://www.reddit.com/r/singing/comments/10d5d5g/can_a_teacher_with_a_mediocre_voice_teach_singing/j4kyjph/,"Reddit r/singing: методика, голос педагога, здоровье"
66,r/singing,2023-01 (тред от 2023-01-16),"неясно (похоже, родитель или слушатель), вероятно США",сертификация-квалификация,2,"К педагогу вокала требования выше, чем к педагогу гитары: клиенты ждут подтверждения, что он не навредит голосу.",I would 100% send my kid to take guitar or bass lessons from someone whose only qualification was playing bass in a rock band. But I think I’d demand a relevant bachelors degree for a voice teacher. Pop singers are notorious for injuring themselves because they don’t know how to use their voice safely.,нет данных,Спрашивать об образовании педагога,,https://www.reddit.com/r/singing/comments/10d5d5g/can_a_teacher_with_a_mediocre_voice_teach_singing/j4lyeoc/,"Reddit r/singing: методика, голос педагога, здоровье"
67,r/singing,2023-01 (тред от 2023-01-16),неясно,методика-объяснить-невидимое,2,Природно одарённые певцы-педагоги путают причину и следствие и учат повторять свои ощущения.,"if you don’t have the experience of a functional voice AND HAVE NOT EXPERIENCED THE PROCESS OF VOCAL DEVELOPMENT you shouldn’t try to teach. That said, it’s better to learn from someone with a mediocre to good voice who built their instrument from scratch than a great singer who has never had to.","«Hmmm, this is answer would be my pick»",,,https://www.reddit.com/r/singing/comments/10d5d5g/can_a_teacher_with_a_mediocre_voice_teach_singing/j4kslr7/,"Reddit r/singing: методика, голос педагога, здоровье"
68,r/singing,2026-03 (тред от 2026-03-17),студент,прогресс-не-виден,2,"Годы уроков без прогресса из-за технических указаний, которые только добавляли зажим.","A few years of studying with barely any progress - check. Then I got to a teacher who doesn't focus on technical moments. He never tells me to do anything specific with my diaphragm, with my larynx, and (what was especially disturbing with previous teachers) “open mouth wide”.",нет данных,"Сменить педагога на того, кто работает от песен и подбирает тональность под голос",,https://www.reddit.com/r/singing/comments/1rwjg7x/something_strange_ive_noticed_after_years_of/ob1hiz7/,"Reddit r/singing: методика, голос педагога, здоровье"
69,r/singing,2026-03 (тред от 2026-03-17),студент,методика-объяснить-невидимое,1,"Педагог месяцами пытается словами описать ощущение опоры, а ученик находит его случайно, в игре.","I used a singsong voice and immediately after I knew I hit it with perfect breath support and placement. It was like Aha! There’s that feeling my voice teacher spent months trying to describe to me, perfectly executed in a moment of play.",нет данных,"Игровые голоса, смешные интонации",,https://www.reddit.com/r/singing/comments/1rwjg7x/something_strange_ive_noticed_after_years_of/ob1m2mb/,"Reddit r/singing: методика, голос педагога, здоровье"
70,r/singing,2026-03 (тред от 2026-03-17),исполнитель (бывший ученик мюзикла/хора),здоровье-голоса-учеников,2,"Педагоги так пугают вредом для голоса, что страх сам начинает мешать ученику петь.",I was warned that if I EVER applied any gravel to my voice I WOULD RUIN IT PERMANANTLY!!! This constant fear probably did more harm than any bout of growling or rough singing I ever did later as a rock/metal vocalist.,ответ автора поста: «I see that all the time»,,,https://www.reddit.com/r/singing/comments/1rwjg7x/something_strange_ive_noticed_after_years_of/ob0nec5/,"Reddit r/singing: методика, голос педагога, здоровье"
71,r/singing,2025-06 (тред от 2025-06-12),"педагог вокала, страна неясна",здоровье-голоса-учеников,1,"Педагог боится навредить неверным советом и чувствует давление ответить сразу, даже когда нужно время подумать.","I would rather tell a student that I don't know something than make something up and potentially give misleading information leading to potential injury. Something I'd like to add is that it's okay to take your time and think through a question your student has, or a sound they made.",«Completely agree with all of this»,Честно говорить «не знаю» и брать паузу на обдумывание,,https://www.reddit.com/r/singing/comments/1l9cdhc/reminders_for_voice_teachers_and_teachers_who_are/mxdruq2/,"Reddit r/singing: методика, голос педагога, здоровье"
72,r/singing,2025-06-12,"педагог вокала + исполнитель, страна неясна",выгорание-изоляция,1,"Педагоги вокала чувствуют, что ученики и другие люди не ценят их время и знания; им нужна моральная поддержка.","-You are valuable. Your time and knowledge is valuable. What you do is valuable. Don’t ever let anyone, student or otherwise, treat you like you’re not.",нет данных,"Поддержка коллег-педагогов, радоваться маленьким победам",,https://www.reddit.com/r/singing/comments/1l9cdhc/reminders_for_voice_teachers_and_teachers_who_are/,"Reddit r/singing: методика, голос педагога, здоровье"
73,r/singing,2025-04 (тред от 2025-04-13),"педагог вокала, страна неясна («Signed, a voice teacher»)",прогресс-не-виден,1,"Педагог отвечает за то, как ученик поёт вне урока, но не видит и не слышит его там.","This is why you’re her teacher. You are not paid to keep your mouth shut, she is performing in church. The venue does not give any reason for her technique to go out the window.","«Completely agree. ... As teachers, it is our responsibility to be honest in the name of growth.»",Разговор о психологии выступления и работа над песнями для сцены,,https://www.reddit.com/r/singing/comments/1jyadhw/my_student_sings_totally_different_at_church_than/mmwsd54/,"Reddit r/singing: методика, голос педагога, здоровье"
74,r/singing,2025-04 (тред от 2025-04-13),неясно (исполнитель),методика-объяснить-невидимое,2,"Техника, отработанная в классе, не переносится на сцену с группой и микрофоном.","It has taken me a LONG time to learn how to hold onto my technique while performing live. Adrenaline hits, you start pushing more, the room is larger and has different acoustics, you can’t hear yourself over the band so you overcompensate",«Absolutely. Teacher should let student know that a microphone is your friend.»,Работа с микрофоном и мониторами на уроке,,https://www.reddit.com/r/singing/comments/1jyadhw/my_student_sings_totally_different_at_church_than/mmx3gn8/,"Reddit r/singing: методика, голос педагога, здоровье"
75,r/singing,2025-04 (тред от 2025-04-13),"вокальный коуч (вокологист), вероятно США",здоровье-голоса-учеников,2,Педагог отвечает за здоровье голоса ученика и за пределами урока: при плохом мониторинге ученик перегружает голос.,Yes. You should say something. This isn't about pitch or music at all. It's about vocal health and making sure your pupil has longevity.,нет данных,"Учить петь по ощущению, а не на слух; проверять мониторы и ушные мониторы",,https://www.reddit.com/r/singing/comments/1jyadhw/my_student_sings_totally_different_at_church_than/mmxo4vm/,"Reddit r/singing: методика, голос педагога, здоровье"
76,r/singing,2025-04 (тред от 2025-04-13),"вероятно педагог вокала («How many students have you taught?»), страна неясна",софт-инструменты,1,"Для переноса техники на сцену нужна техника на уроке: микрофон, колонка без задержки.","Students who will sing with a microphone, should practice with a microphone and listen to themselves through a speaker while they sing. Bluetooth has a delay so Bluetooth speakers aren't a good choice.",нет данных,"Микрофон и проводная колонка на уроках, пианино или приложение-пианино для опоры по высоте",,https://www.reddit.com/r/singing/comments/1jyadhw/my_student_sings_totally_different_at_church_than/mn2igys/,"Reddit r/singing: методика, голос педагога, здоровье"
77,r/singing,2014-12 (тред от 2014-12-16),"педагог вокала + руководитель хора, вероятно США",здоровье-голоса-учеников,2,Отстранить ученицу с узелками от пения означает потерять деньги; родители при этом не идут на контакт («She gave me excuses»).,"It would suck for my income, but it's probably a good idea. She's also in an all-girl pop choir that I teach",нет данных,"Искать родителей после концерта, чтобы поговорить",,https://www.reddit.com/r/singing/comments/2pfozv/im_a_professional_singer_and_voice_teacher_i_told/cmw99yf/,"Reddit r/singing: методика, голос педагога, здоровье"
78,r/singing,2024-08-17,"педагог вокала в музыкальном магазине (новичок в работе с детьми), США",стыд-страх-учеников,2,Застенчивая ученица два урока подряд не может петь при педагоге.,"I recently started teaching a 6th grade girl who, for the first two lessons, I could not get to sing in front of me. I’ve been nothing but positive and reassuring.",нет данных,"Позитивное подкрепление, мычание, белый шум, чтобы в коридоре не было слышно",,https://www.reddit.com/r/singing/comments/1euswdw/advice_needed_from_fellow_voice_teachers/,"Reddit r/singing: методика, голос педагога, здоровье"
79,r/singing,2024-08 (тред от 2024-08-17),"педагог вокала, страна неясна",голос-педагога,1,"Чтобы снять стеснение, педагогу приходится петь вместе с учеником, то есть нагружать собственный голос.","I’ve found shy students to be a great deal more open to singing if I offer to sing with them, on the grounds that I am much louder. Sure, you can’t hear them as well, but after a while you can be quieter or drop out to listen",нет данных,"Петь громче вместе с учеником, потом постепенно затихать",,https://www.reddit.com/r/singing/comments/1euswdw/advice_needed_from_fellow_voice_teachers/liopp88/,"Reddit r/singing: методика, голос педагога, здоровье"
80,r/singing,2024-08 (тред от 2024-08-17),"неясно (родитель), США",стыд-страх-учеников,2,"Урок вокала в общей музыкальной школе с тонкими стенами: ученик боится, что его услышат сверстники.",My daughter takes piano at a music store and there’s a whole hallway of little lesson rooms where you can hear pianos and violins and guitars and whatever else being played as you walk down to your room. There would be no telling any kid in that scenario that no one will hear them.,педагог: «You bring up a great point about the environment»,Белый шум,,https://www.reddit.com/r/singing/comments/1euswdw/advice_needed_from_fellow_voice_teachers/limxr6s/,"Reddit r/singing: методика, голос педагога, здоровье"
81,r/singing,2024-02 (тред от 2024-02-12),неясно (вероятно педагог),терминология,2,"Педагоги повторяют устаревший жаргон, который сами получили от своих учителей, без понимания анатомии.",Most teachers are coaches and not technicians who don’t actually understand the anatomy & physiology of singing. They just recycle the same dated jargon their teachers taught them.,"«Totally agree!!», «Totally agree!!!»",Продолжать образование,,https://www.reddit.com/r/singing/comments/1ap7o59/voice_teachers_need_specific_language/kq4ciki/,"Reddit r/singing: методика, голос педагога, здоровье"
82,r/singing,2024-02 (тред от 2024-02-12),"неясно, США (MFA)",сертификация-квалификация,2,"Нет единого стандарта квалификации педагогов вокала: диплом исполнителя не значит, что человек умеет учить.","Most of those “trained” teachers have MFA in vocal performance, which isn’t the same as an MFA in vocal pedagogy. I’m only on here to advocate there should be much more oversight in singing teaching.",нет данных,,,https://www.reddit.com/r/singing/comments/1ap7o59/voice_teachers_need_specific_language/kq5atrp/,"Reddit r/singing: методика, голос педагога, здоровье"
83,r/singing,2024-02 (тред от 2024-02-12),"вокальный коуч (сертификат NYVC), США",терминология,1,Даже сертифицированный педагог не знает точного значения популярных терминов («cry»).,"I don't really like the term ""cry"" because it means different things for different people. To be honest I still have no idea what the actual definition of it is.",нет данных,Объяснять через физиологию и конкретные упражнения,,https://www.reddit.com/r/singing/comments/1ap7o59/voice_teachers_need_specific_language/kq6wnj6/,"Reddit r/singing: методика, голос педагога, здоровье"
84,r/singing,2024-02 (тред от 2024-02-12),"вокальный коуч (автор поста, NYVC), США",терминология,2,Расплывчатая подсказка «больше опоры» приводит к пережиму и напряжению.,And then the terminology more support often leads to too much air push or squeezing and causes more strain. Yep!,«YES THANK YOU!! My favorite is “support more”»,,,https://www.reddit.com/r/singing/comments/1ap7o59/voice_teachers_need_specific_language/kq6d5aq/,"Reddit r/singing: методика, голос педагога, здоровье"
85,r/singing,2024-02 (тред от 2024-02-12),студент,терминология,2,"Образы и метафоры педагога не совпадают с тем, что ученик знает о физике голоса, и урок уходит в спор.","I think my teacher really believes in the metaphors about singing from the diaphragm not the throat, bones resonance amplifying the sound etc. So if I ask for a clarification it just turns into a debate and we lose time.",нет данных,,,https://www.reddit.com/r/singing/comments/1ap7o59/voice_teachers_need_specific_language/kq5gx88/,"Reddit r/singing: методика, голос педагога, здоровье"
86,r/singing,2024-02 (тред от 2024-02-12),неясно,терминология,1,"Образные подсказки вроде «пой в маску» описывают результат, а не действие, и у многих дают гнусавость.","They confuse the proccess with the result. ""singing in the mask"" is the result of good placement, not proccess. Meaning you shouldn't think about ""puting in the mask"" cause you will just end up being nasal.",ответ: «It will start resonating when the register pulls are strong and coordinated.»,,,https://www.reddit.com/r/singing/comments/1ap7o59/voice_teachers_need_specific_language/kq532so/,"Reddit r/singing: методика, голос педагога, здоровье"
87,r/singing,2026-05 (тред от 2026-05-27),неясно (вероятно педагог или продвинутый певец),методика-объяснить-невидимое,2,"Опору (appoggio) трудно передать: внутренние ощущения описывают субъективно, и ученики понимают их неверно.",Trying to communicate how appoggio works has been a huge challenge for a lot of teachers to communicate... once the teacher themselves knows whats happening.,"«This wasn't intended to disagree with you in any way, just to further your point»",,,https://www.reddit.com/r/singing/comments/1tou4bv/how_can_something_so_fundamental_about_singing_be/oo54o1x/,"Reddit r/singing: методика, голос педагога, здоровье"
88,r/singing,2026-05 (тред от 2026-05-27),неясно,терминология,2,"Разные школы (CVT, бельканто) объясняют одно и то же противоположно, и ученик получает противоречивые указания.","Also to note there is even disagreement on what exactly appoggio is in different didactic systems! CVT does it pretty much the inverse of Alexander Kariotis who comes from a more direct lineage to Italian ""Bel Canto""",нет данных,,,https://www.reddit.com/r/singing/comments/1tou4bv/how_can_something_so_fundamental_about_singing_be/oo7f43m/,"Reddit r/singing: методика, голос педагога, здоровье"
89,r/singing,2026-05 (тред от 2026-05-27),неясно (певец),методика-объяснить-невидимое,2,"Ученики считают, что опору невозможно объяснить: ни один педагог им этого не смог.",It’s impossible to explain in my opinion. I’ve never once heard a single vocal instructor explain it to me properly.,"педагог возражает: «I absolutely, positively can teach proper appoggio to anyone...»",,,https://www.reddit.com/r/singing/comments/1tou4bv/how_can_something_so_fundamental_about_singing_be/oo63cvc/,"Reddit r/singing: методика, голос педагога, здоровье"
90,r/singing,2026-05 (тред от 2026-05-27),"педагог вокала, страна неясна",методика-объяснить-невидимое,1,"Педагогу приходится защищаться от убеждения, что петь научить невозможно.",You can deliberately induce involuntary movements and teach someone to replicate it. I do this with -every- student I teach.,нет данных,"Вызывать нужную координацию упражнениями, а не объяснениями",,https://www.reddit.com/r/singing/comments/1tou4bv/how_can_something_so_fundamental_about_singing_be/ooes7oh/,"Reddit r/singing: методика, голос педагога, здоровье"
91,r/singing,2026-05 (тред от 2026-05-27),неясно,мотивация-бросают,2,"Бытует мнение, что уроки вокала — трата денег; ученики бросают, не увидев результата.",I have seen people desperately wanting to be able to sing simply give up after thousands of wasted dollars and countless hours of time.,оспаривают: «Anything can be learned but not everyone can exert effort»,,,https://www.reddit.com/r/singing/comments/1tou4bv/how_can_something_so_fundamental_about_singing_be/oodbdyd/,"Reddit r/singing: методика, голос педагога, здоровье"
92,r/singing,2026-05 (тред от 2026-05-27),педагог вокала + исполнитель («Full time singer and voice teacher/coach»),методика-объяснить-невидимое,1,"Нет объективного стандарта: каждый советует через свой опыт и своё тело, и ученик теряется.",The reason that there's no objective solution for something so fundamental is because singing is so very personal to each individual.,автор поста: «the only fundamental thing everyone can agree upon in singing is that it is a disheartening endeavor at times»,Брать из нескольких школ,,https://www.reddit.com/r/singing/comments/1tou4bv/how_can_something_so_fundamental_about_singing_be/oo4ch6u/,"Reddit r/singing: методика, голос педагога, здоровье"
93,r/singing,2026-05 (тред от 2026-05-27),неясно (опытный ученик),ученики-ожидания-YouTube,2,"Ученики, которые ходят к педагогу, параллельно берут советы из интернета, и противоречия подрывают работу педагога.","If you're paying to see someone in person, why are you still reverting to getting advice online? Why are you switching to another coach?",в следующем ответе: «Breadth is being embraced over depth.»,,,https://www.reddit.com/r/singing/comments/1tou4bv/how_can_something_so_fundamental_about_singing_be/oo3y20j/,"Reddit r/singing: методика, голос педагога, здоровье"
94,r/singing,2026-05 (тред от 2026-05-27),студент,сертификация-квалификация,2,"Ученики не доверяют педагогам, потому что качество методики нельзя проверить заранее.",after years of sticking with one you learn that they're bad at teaching by your own damn experience instead of learning that they're bad because what they're saying is never scientifically proven and actually harms you instead of helping.,нет данных,,,https://www.reddit.com/r/singing/comments/1tou4bv/how_can_something_so_fundamental_about_singing_be/oo45sl3/,"Reddit r/singing: методика, голос педагога, здоровье"
95,r/singing,2026-07-31,"педагог вокала + исполнитель (мюзикл, Estill 1-2), страна неясна",сертификация-квалификация,2,"Профессиональный певец, переходящий в педагогику, сомневается, что умеет учить новичков (синдром самозванца).",Despite my background I feel I’m potentially not well placed to teach beginners or is that imposter syndrome speaking?,в ответах советуют педобразование и наставника,"Курсы Estill, педагогическое образование",Рассматривает платное обучение (в ответах советуют teacher training NYVC),https://www.reddit.com/r/singing/comments/1vc4ouq/moving_from_full_time_professional_vocalist_to/,"Reddit r/singing: методика, голос педагога, здоровье"
96,r/singing,2026-07 (тред от 2026-07-31),"педагог вокала (начинал без педобразования), страна неясна",сертификация-квалификация,2,"Без педагогической базы педагог учит тому, что работало для его голоса, и это не подходит другим.","a lot of singing teachers who start without some sort of pedagogical foundation end up teaching whatever they were taught for their voice, which doesn't always apply to the students you teach.",«go get some additional training to fill in the gaps» (p1128db),Степень или курсы аккредитованной организации,Рекомендует платное образование,https://www.reddit.com/r/singing/comments/1vc4ouq/moving_from_full_time_professional_vocalist_to/p0yu3lq/,"Reddit r/singing: методика, голос педагога, здоровье"
97,r/singing,2026-07 (тред от 2026-07-31),"педагог вокала (мюзикл), США (Нью-Йорк)",выгорание-изоляция,1,Педагогу не хватает обратной связи на свои уроки; одному сложно разбирать трудные случаи.,"I was a working performer in MT before making the switch. I teach full time in nyc. Some form of higher ed is incredibly useful, but finding a mentor - someone who does this and works with the clients you’re interested in, who can help troubleshoot, let you watch their lessons, and offer you feedback on yours is invaluable.","«I love this answer. It's about your network, finding allies»",Наставник: наблюдать его уроки и получать разбор своих,,https://www.reddit.com/r/singing/comments/1vc4ouq/moving_from_full_time_professional_vocalist_to/p0yy9vt/,"Reddit r/singing: методика, голос педагога, здоровье"
98,r/singing,2026-07 (тред от 2026-07-31),неясно (вероятно педагог),репертуар-тональности-минусовки,1,Основной платящий клиент — дети с поп-песнями; коллеги видят в новичке конкурента.,"Be aware that as you look for someone to work under, some folks will be snarky if they see you as potential competition. But you need to be serving some kind of community, and be aware of the range of their needs. If you haven't taught kids how to sing their favorite terrible pop songs, you might want to do that cuz it's a big chunk of who is paying for lessons.",нет данных,,,https://www.reddit.com/r/singing/comments/1vc4ouq/moving_from_full_time_professional_vocalist_to/p0z7hpj/,"Reddit r/singing: методика, голос педагога, здоровье"
99,r/singing,2026-07 (тред от 2026-07-31),"педагог вокала + исполнитель (30 лет стажа), страна неясна",мотивация-бросают,2,Нужно исправлять ошибки и при этом не отбить у ученика желание петь.,The hardest part of teaching is identifying and correcting vocal faults in a way that does not discourage a student but instead gives them confidence in their current and future abilities.,нет данных,"Главная задача — поддерживать любовь к пению, а не только исправлять",,https://www.reddit.com/r/singing/comments/1vc4ouq/moving_from_full_time_professional_vocalist_to/p0zqqx0/,"Reddit r/singing: методика, голос педагога, здоровье"
100,r/singing,2026-07 (тред от 2026-07-31),"неясно (не педагог, общается с педагогами)",ученики-ожидания-YouTube,1,Подростки хотят звучать как поп-кумиры и сопротивляются советам педагога.,A huge contingent of lesson takers include the Taylor Swift effect youngers (now the Tate McRae effect?) Who are lovely but they will resist advice because they want to sound like their favorite pop singers.,нет данных,,,https://www.reddit.com/r/singing/comments/1vc4ouq/moving_from_full_time_professional_vocalist_to/p0ywghg/,"Reddit r/singing: методика, голос педагога, здоровье"
101,r/VoiceTeachers,2026-07-31,"начинающий педагог вокала, вероятно UK/AU/NZ (британское написание)",сертификация-квалификация,1,Новый педагог ищет постоянное обучение и сообщество; дальнейшая квалификация требует стажа и денег.,continuing my own education has made me more aware of how much there is to learn — including recognising areas where some of my own teachers may not have had the knowledge I now realise I want to have as a teacher myself.,комментариев нет,Рассматривает подписку Vocology in Practice,"Ищет платную подписку на обучение и сообщество (вебинары, менторство, обсуждения с коллегами); упоминает, что на дальнейшее обучение нужно копить",https://www.reddit.com/r/voiceteachers/comments/1vc1ixz/professional_development/,"Reddit r/singing: методика, голос педагога, здоровье"
102,r/VoiceTeachers,2026-02-21,"педагог вокала (частный), страна неясна",другое,2,Родитель вмешивается в урок и пытается им управлять.,Have been teaching voice lessons for years. What to do about a helicopter parent who tries to take over the lesson. Never had this one this bad before,комментариев нет,,,https://www.reddit.com/r/voiceteachers/comments/1rawr3f/helicopter_parents_in_voice_lesson/,"Reddit r/singing: методика, голос педагога, здоровье"
103,r/singing,2026-09 (тред от 2026-09-09),"педагог вокала / вокальный коуч (сертификат NYVC), США",здоровье-голоса-учеников,1,"Педагог не может отличить анатомическую проблему (рефлюкс, TMD, гипермобильность) от плохой техники без ЛОРа.","As far as how one can know if something is anatomical or bad techinque, you would need to get scoped by a laryngologist/ ENT. We as voice teachers can never make offical diagnostic assumptions.",нет данных,Направлять к ларингологу на осмотр,,https://www.reddit.com/r/singing/comments/1wbxi2m/im_a_voice_teacher_vocal_coach_ama/p8ts0a5/,"Reddit r/singing: методика, голос педагога, здоровье"
104,r/singing,2026-09 (тред от 2026-09-09),"педагог вокала / вокальный коуч (NYVC), США",методика-объяснить-невидимое,1,Упражнения приходится придумывать под каждого ученика прямо на уроке; универсальные не работают.,"Not really a fan of generic vocal exercises for everyone because every singer is a little bit different. Although, I do definitely support SOVT based things, especially for vocal health related issues.",нет данных,Придумывать упражнения по ходу урока и задавать их на дом,,https://www.reddit.com/r/singing/comments/1wbxi2m/im_a_voice_teacher_vocal_coach_ama/p8tvioc/,"Reddit r/singing: методика, голос педагога, здоровье"
105,r/singing,2026-09 (тред от 2026-09-09),студент (джаз),методика-объяснить-невидимое,2,"Ученики уходят от педагогов, у которых нет конкретной обратной связи, и не знают, как проверить педагога заранее.",ive tried 3 teachers through 2 different local music schools and none of them had any actionable feedback (every question I had they would just say things like 'keep practicing' and 'youll know it when you hear it).,нет данных,"Читать отзывы, пробовать онлайн-уроки",,https://www.reddit.com/r/singing/comments/1wbxi2m/im_a_voice_teacher_vocal_coach_ama/p8tkahc/,"Reddit r/singing: методика, голос педагога, здоровье"
106,r/singing,2018-10 (тред от 2018-10-25),"исполнитель (сценический), предлагает свою школу пения",прогресс-не-виден,2,Годы переучивания после педагогов; занятия не дают результата.,"I should not have had to teach myself. I should not have spent so much time unlearning. I feel like when people practice, they should get results.",нет данных,,,https://www.reddit.com/r/singing/comments/9r7wr6/i_wish_voice_teachers_would_learn_about_science/e8exilu/,"Reddit r/singing: методика, голос педагога, здоровье"
107,r/singing,2018-10 (тред от 2018-10-25),"исполнитель, страна неясна",методика-объяснить-невидимое,2,"Вокальная педагогика держится на интуиции отдельных педагогов, а не на проверенной методике.","pedagogy is broken right now and it’s only the individuals who rescue the process with intuition, while perpetuating the theories that keep it from progressing as a discipline.","модератор: «We don't have this thread every week, but close....» — тема возникает постоянно",,,https://www.reddit.com/r/singing/comments/9r7wr6/i_wish_voice_teachers_would_learn_about_science/e8exhva/,"Reddit r/singing: методика, голос педагога, здоровье"
108,r/singing,2018-10 (тред от 2018-10-25),неясно,методика-объяснить-невидимое,1,"Ни одна вокальная методика не проверена на результат, поэтому «научный подход» тоже под вопросом.",which also is impossible in my opinion since there are NO methods that were actually tested for results and effectiveness,нет данных,,,https://www.reddit.com/r/singing/comments/9r7wr6/i_wish_voice_teachers_would_learn_about_science/e8fnhal/,"Reddit r/singing: методика, голос педагога, здоровье"
109,r/singing,2026-08 (тред от 2026-08-09),"вокальный коуч онлайн (вокологист, преподаёт онлайн с ~2015), вероятно США",софт-инструменты,1,"Онлайн-педагогу нужно место для заметок после урока и материалов ученика, а не только чат.","What I have also found helpful on such sites is having a system that isn't just a messaging system where teachers can give notes to their students and clients at the end of the session. It's also very helpful to have a place to keep and store documents, such as lesson expectations, worksheets, pedagogy handouts","представитель Preply ответил, что передал пожелания команде",Платформы со свободным выбором цены и обменом контактами,"Явно перечисляет функции, ради которых выбирает платформу: заметки после урока, хранилище материалов, свобода цен",https://www.reddit.com/r/singing/comments/1vjzexy/i_work_at_preply_voice_teachers_are_now_a_much/p2pifdp/,"Reddit r/singing: методика, голос педагога, здоровье"
110,r/singing,2025-06-13,студент,время-неоплачиваемый-труд,1,"Ученики ждут ответов на вопросы между уроками (неоплачиваемая работа); педагог, который не отвечает, воспринимается как плохой.",She also never answers my text. It’s not like I’m texting her very often. I actually text her. Maybe once every two weeks just about a technique question and she usually doesn’t answer my text and she’ll ask me about it during the lesson instead,«Sounds like not a great teacher.»,Педагог переносит ответы на урок,,https://www.reddit.com/r/singing/comments/1laib9w/online_teaching_vs_in_person_has_anyone_found_an/,"Reddit r/singing: методика, голос педагога, здоровье"
111,r/singing,2025-06 (тред от 2025-06-13),студент (онлайн-уроки),онлайн-уроки,1,Качество онлайн-урока вокала зависит от оборудования ученика.,But if you’re going to take online lessons I’d highly suggest you invest in at the least a usb condenser microphone. But I’d really recommend getting the Scarlett bundle that comes with an interface and a AT2020 mic.,«some of the success online will depend on what your set up is» (mxnqpan),USB-микрофон или аудиоинтерфейс с микрофоном,Ученики покупают микрофон и интерфейс ради онлайн-уроков,https://www.reddit.com/r/singing/comments/1laib9w/online_teaching_vs_in_person_has_anyone_found_an/mxo98k1/,"Reddit r/singing: методика, голос педагога, здоровье"
112,r/singing,2025-05 (тред от 2025-05-06),неясно (вероятно педагог),терминология,2,"Живучие мифы о «пении диафрагмой», которые повторяют даже известные певцы, мешают объяснять технику.",OMG - my pet peeve is the false narrative that you can physically control/move/breathe by moving your diaphragm!!! It’s an INVOLUNTARY sheet of muscle,«which made me very disappointed in her honestly» про интервью певицы,,,https://www.reddit.com/r/singing/comments/1kgb89d/voice_teachers_what_are_some_common_vocal_tips/mqz9k21/,"Reddit r/singing: методика, голос педагога, здоровье"
113,r/singing,2025-05 (тред от 2025-05-06),студент (поёт в хоре),терминология,1,"Нет общей терминологии: одно и то же называют по-разному, и это сбивает с толку.",There are multiple ways to say the same thing about vocal technique. The lack of common terms and referencing obscure vocal anatomy makes learning vocal technique confusing.,нет данных,Держаться одной школы (бельканто) и подражать великим певцам,,https://www.reddit.com/r/singing/comments/1kgb89d/voice_teachers_what_are_some_common_vocal_tips/mr1m17d/,"Reddit r/singing: методика, голос педагога, здоровье"
114,r/singing,2022-07 (тред от 2022-07-01),"педагог вокала, страна неясна",методика-объяснить-невидимое,1,"Только на вдох уходит неделя уроков, а ученики хотят пошаговую инструкцию по опоре.",I spend at least a week on just taking air in with students. You can't force it.,нет данных,Начинать с расслабленного вдоха,,https://www.reddit.com/r/singing/comments/vp2gak/if_you_had_to_explain_breath_support_as_a/iejdn8y/,"Reddit r/singing: методика, голос педагога, здоровье"
115,r/singing,2022-07 (тред от 2022-07-01),неясно,методика-объяснить-невидимое,1,"Ученики ждут пошагового описания техники, а голосу так не научить.","If you saw a written explanation of the mechanics of swimming, would it help you learn to swim? Nope, not really",нет данных,,,https://www.reddit.com/r/singing/comments/vp2gak/if_you_had_to_explain_breath_support_as_a/iegu5ua/,"Reddit r/singing: методика, голос педагога, здоровье"
116,r/singing,2026-05 (тред от 2026-05-05),студент,здоровье-голоса-учеников,2,"Ученик прошёл нескольких педагогов, фонопедию и врачей, а проблема не решена; ответственность размыта между специалистами.","I've been to several vocal teachers, tried vocal therapy, went to several EMTs and tried a bunch of exercises -with straw, yawning sensation, sirens and a several others and I still can't fix it.",нет данных,"Трубочка, SOVT, ощущение зевка, сирены",,https://www.reddit.com/r/singing/comments/1t4gb4f/im_a_pro_vocal_coach_doing_an_ama_today_from/ok3czo4/,"Reddit r/singing: методика, голос педагога, здоровье"
117,r/singing,2023-10 (тред от 2023-10-07),неясно (вероятно педагог),поиск-учеников,2,"Частный педагог проигрывает школе: у него нет сообщества, концертов и площадок, поэтому ученики за ним не уходят.","Takes time, most of your students are not gonna follow you. Music schools ofer them a lot of benefits, space, community, events, band rehersals, yearly gigs in cool venues. All you offer is knowledge.",нет данных,,,https://www.reddit.com/r/singing/comments/172d97b/voice_teachers_what_was_your_experience_with/k40ixfg/,"Reddit r/singing: методика, голос педагога, здоровье"
118,r/singing,2026-05 (тред от 2026-05-18),"педагог вокала, вероятно UK («pupil», «term»)",поиск-учеников,1,"Голос — самый личный инструмент, поэтому совместимость педагога и ученика важнее, чем у других инструментов.","If they’re any good, they’ll welcome a trial. Matching people really matters, possibly more so with that most personal of instruments. I’d hate to be teaching a pupil for even a single term knowing that they didn’t really want me teaching them!",почти все ответы: пробный урок — стандарт,Пробный урок,Пробный урок обычно платный: «Trial lessons are normally like 50%»,https://www.reddit.com/r/singing/comments/1th4saj/for_voice_teachers_is_it_offensive_to_request_a/omkmehz/,"Reddit r/singing: методика, голос педагога, здоровье"
119,r/singing,2026-05 (тред от 2026-05-18),неясно (вероятно педагог),оплата-цены,1,Бесплатные пробные уроки могут занять всё расписание.,maybe more a reduced rate because you could easily fill your whole schedule up with pro bono evaluations.,«I would only study with a teacher who charged a fee for the first lesson... People who want free things are discount shoppers»,Пробный урок за 50% цены,,https://www.reddit.com/r/singing/comments/1th4saj/for_voice_teachers_is_it_offensive_to_request_a/omm3gp0/,"Reddit r/singing: методика, голос педагога, здоровье"
120,r/MusicTeachers,2026-05-18,неясно (ответ в треде «For voice teachers»),оплата-цены,1,Потенциальные ученики ждут бесплатный пробный урок; педагог защищается повышенной ставкой за разовый урок,"I'm not offended when people ask for a paid trial lesson. I don't do free trials, though, and some people seem to expect that. I do jack up my rate a bit for a one-off lesson without an ongoing contract.",«That sounds completely reasonable.» и несколько схожих ответов,Разовый урок без контракта по повышенной ставке,,https://www.reddit.com/r/MusicTeachers/comments/1th4u1v/for_voice_teachers_is_it_offensive_to_request_a/oml1b0e/,Reddit: бизнес педагога вокала
121,r/MusicTeachers,2026-05-18,"педагог вокала (частный), вероятно США",поиск-учеников,1,"В вокале первый урок — это диагностика, а «притирка» занимает месяц; пробный урок не показывает стиль педагога, а ученики судят по нему","I wouldn't say that it's offensive but I don't know any teachers who will do a trial lesson. Especially with voice, it takes more than one lesson to determine if it's a good fit... The first lesson isn't even really a lesson... In my experience as a voice teacher, it takes a solid month to settle in with someone new.",нет данных,Первый урок как интервью + оценка голоса,,https://www.reddit.com/r/MusicTeachers/comments/1th4u1v/for_voice_teachers_is_it_offensive_to_request_a/omknpci/,Reddit: бизнес педагога вокала
122,r/MusicTeachers,2026-05-18,неясно (ответ в треде «For voice teachers»),оплата-цены,2,"Клиенты, требующие бесплатного, потом нарушают правила отработок/отмен","I don’t give free trials. It’s ok to ask, but I’m only offended if people insist on something for free. And I’m happy to see them walk, since they are probably going to try to stretch my makeup policy or push boundaries in other ways.",нет данных,Отказ от бесплатных пробных уроков как фильтр клиентов,,https://www.reddit.com/r/MusicTeachers/comments/1th4u1v/for_voice_teachers_is_it_offensive_to_request_a/oml7svn/,Reddit: бизнес педагога вокала
123,r/MusicTeachers,2026-05-18,педагог вокала (частный),оплата-цены,1,"Бесплатный первый урок создаёт неловкие обязательства; педагогу нужно, чтобы время ценилось","Voice teacher, not offended at all by paid trials. In fact I prefer them to the ""first lesson is free"" thing some teachers do because the free intro lesson kind of pre-loads the relationship in a way that's harder to walk away from cleanly if it isn't a fit.",нет данных,Платный пробный урок 30–45 мин,Ученики готовы платить за пробный урок,https://www.reddit.com/r/MusicTeachers/comments/1th4u1v/for_voice_teachers_is_it_offensive_to_request_a/on155nn/,Reddit: бизнес педагога вокала
124,r/MusicTeachers,2026-05-18,неясно (выездной педагог),поиск-учеников,2,Пробные уроки превращаются в «кастинг» педагогов; время на дорогу и урок уходит впустую,"Once i did a trial lesson with 3 kids. when i arrived, found out that they were doing a lesson a day for 10 days and parents were going to let them choose the teacher. Parents didn't even sit in on the lesson. dodged a bullet on that one.",нет данных,,,https://www.reddit.com/r/MusicTeachers/comments/1th4u1v/for_voice_teachers_is_it_offensive_to_request_a/omutoh0/,Reddit: бизнес педагога вокала
125,r/MusicTeachers,2026-05-18,владелец студии с педагогами вокала на субподряде,поиск-учеников,1,Большинство педагогов вокала не хотят бесплатных пробных; нужен другой способ конвертировать лид,"I have subcontractor voice instructors. I ask them at their interview if they would do a free trial and most won’t. Instead, I ask the prospect what they have in mind for a regular schedule (hourly/30 min, day and time) first to see if I can even offer them a regular schedule to begin with.",нет данных,Сразу предлагать ежемесячную запись на удобное ученику время,,https://www.reddit.com/r/MusicTeachers/comments/1th4u1v/for_voice_teachers_is_it_offensive_to_request_a/omvtey0/,Reddit: бизнес педагога вокала
126,r/singing,2025-08-18,"педагог вокала онлайн (запускает онлайн-студию), США",поиск-учеников,2,"Люди любят петь и смотрят технику, но не идут к живому педагогу — сложно набрать учеников в онлайн-студию","I'm a professional voice teacher that is starting an online vocal studio, but I've noticed in recent weeks that while a lot of people LOVE to sing... there seems to be a hesitation to meet actual voice teachers. Are folks unaware that the majority of voice teachers offer a free or low cost meeting before you commit to lessons?",«This is a burning question on every voice instructor's mind» + десятки ответов,"Бесплатная/дешёвая встреча, платные разборы записей",,https://www.reddit.com/r/singing/comments/1mtrl4t/the_number_1_thing_stopping_you_from_voice_lessons/,Reddit: бизнес педагога вокала
127,r/singing,2025-08-18,"педагог вокала онлайн (вероятно автор треда), США",оплата-цены,2,"Педагог ставит цену вдвое ниже своей оценки, т.к. аудитория не может платить","Pricing is something I’ve been wrestling with a lot myself because I want lessons to feel like a win-win. Do I think my time and experience are worth $50 for 30 minutes? Definitely. But if most people can’t afford that, then it defeats the purpose. I’ve landed on $25 for 30 minutes as a middle ground.","Ответы студентов: «25 is average around here, maybe 30 tops»",Средняя цена $25/30 мин,"Педагог считает, что стоит $50/30 мин",https://www.reddit.com/r/singing/comments/1mtrl4t/the_number_1_thing_stopping_you_from_voice_lessons/n9ea66f/,Reddit: бизнес педагога вокала
128,r/singing,2025-08-18,студент,оплата-цены,1,Потолок цены у учеников — $25–30 за 30 минут; педагог не может поднять цену,"25 is average around here, maybe 30 tops. Not sure how I could justify 50 for only 30min of a lesson.","Много ответов «Cost. Cost. Cost.», «The cost», «It’s money»",,$25–30 за 30 мин,https://www.reddit.com/r/singing/comments/1mtrl4t/the_number_1_thing_stopping_you_from_voice_lessons/n9h8jeh/,Reddit: бизнес педагога вокала
129,r/singing,2025-08-18,педагог вокала (судя по контексту),поиск-учеников,2,Почему люди не идут на уроки вокала — «горящий вопрос» для всех педагогов,"Thanks for starting this thread. This is a burning question on every voice instructor's mind, and I find this thread very valuable.",сам является согласием с темой,,,https://www.reddit.com/r/singing/comments/1mtrl4t/the_number_1_thing_stopping_you_from_voice_lessons/n9eb49f/,Reddit: бизнес педагога вокала
130,r/singing,2025-08-18,студент,отмены-болезни,1,Фиксированное расписание и сгорающие уроки отталкивают взрослых учеников,I found a voice teacher who sells flexible scheduling packages and I love her. I'm not tied to the same time/day. I buy a bundle and schedule whenever I want. Sharing it here so other teachers see and hopefully try it! It's a game changer bc i don't lose money if I have a last minute meeting,Ответ на «Money and time. My schedule changes week to week»,Пакеты уроков с гибкой записью,Ученица покупает пакеты уроков заранее,https://www.reddit.com/r/singing/comments/1mtrl4t/the_number_1_thing_stopping_you_from_voice_lessons/n9ef9kr/,Reddit: бизнес педагога вокала
131,r/singing,2025-08-18,"родитель ученицы, США",онлайн-уроки,2,Недоверие к онлайн-формату вокала мешает онлайн-педагогам продавать,"I have a talented daughter and she takes weekly voice lessons that cost $125 for 45 minutes. For me, it’s not the money but rather that I don’t believe she can make the same progress in an online format.",нет данных,,$125 за 45 мин очно,https://www.reddit.com/r/singing/comments/1mtrl4t/the_number_1_thing_stopping_you_from_voice_lessons/n9g1lvq/,Reddit: бизнес педагога вокала
132,r/singing,2025-08-18,студент,прогресс-не-виден,2,"Ученики бросают через месяц, не видя обратной связи и прогресса",I just recently stopped my voice lessons bc I felt I paid money to not really learn anything. It’s only been a month but I felt like I wasn’t given real feedback on my voice and they just tell me to study a section of a song that I picked out.,Педагог в ответе признаёт проблему и советует follow-up,,,https://www.reddit.com/r/singing/comments/1mtrl4t/the_number_1_thing_stopping_you_from_voice_lessons/n9dpf98/,Reddit: бизнес педагога вокала
133,r/singing,2025-08-18,студент (учится и фортепиано),прогресс-не-виден,2,"Уроки вокала хуже структурированы, чем уроки инструмента: нет целей и заданий между уроками","My piano teacher assigns songs + we work in 1 song of my choice at a time... with a list of goals and tasks for the time in between lessons. All 3 of my singing teachers did none of this. Instead, I do warm ups for 5 minutes, sing a song for them and they give some minimal feedback and then the lesson is over.","«This has been my experience as well!», «Agree with this», «I want a teacher like that but I can't find one!!»",,,https://www.reddit.com/r/singing/comments/1mtrl4t/the_number_1_thing_stopping_you_from_voice_lessons/n9e6dle/,Reddit: бизнес педагога вокала
134,r/singing,2025-07-15,"педагог вокала (частный), США",оплата-цены,2,"На детях сложно заработать на жизнь; педагог получил степень, чтобы поднять цену и работать со взрослыми","You may be able to work at the entry level as a music teacher, but in my experience it can be hard to make ends meet teaching kids. Part of the reason I got a voice pedagogy degree is so that I could charge more and focus on adult clientele.",нет данных,"Степень по вокальной педагогике → выше ставка, взрослые клиенты",Инвестиция в магистратуру ради цены,https://www.reddit.com/r/singing/comments/1uwzabb/just_some_questions_for_those_who_seek_voice/oxnwh6o/,Reddit: бизнес педагога вокала
135,r/singing,2025-07-15,"педагог вокала (частный), США",сертификация-квалификация,1,Рынок наводнён «опытными певцами» без педагогических знаний; педагогам нужно доказывать квалификацию,"The reason qualifications matter in this field is because anyone can claim to be an experienced singer, and some people are naturally talented enough to have",нет данных,"Вступить в NATS, читать Journal of Singing, цитировать книги по педагогике в резюме",Членство в NATS,https://www.reddit.com/r/singing/comments/1uwzabb/just_some_questions_for_those_who_seek_voice/oxow6vc/,Reddit: бизнес педагога вокала
136,r/singing,2025-07-15,"педагог вокала (возвращается в профессию), США",выгорание-изоляция,1,"Нет онлайн-места, где собираются педагоги вокала — изоляция","Are you familiar with any non-Reddit online place in which voice pedagogs (ahem... ""Pedagogues"") gather? I would love to pick more brains.",Ответ: «online places not really. you could go to NATS conference.»,Конференции NATS,,https://www.reddit.com/r/singing/comments/1uwzabb/just_some_questions_for_those_who_seek_voice/oxnmz8e/,Reddit: бизнес педагога вокала
137,r/singing,2025-07-15,студент (хоббист),оплата-цены,2,Хоббисты не готовы платить «профессиональные» цены — нет продукта для них,I wanna take lessons so bad but the prices are crazy... a lot of teachers are charging as if they’re preparing you for the big leagues of the industry and charge based on that. I just want some tips and an actual educated perspective.,нет данных,,Нужен дешёвый формат «советы от профи»,https://www.reddit.com/r/singing/comments/1uwzabb/just_some_questions_for_those_who_seek_voice/oxsemae/,Reddit: бизнес педагога вокала
138,r/singing,2025-07-15,студент,оплата-цены,1,Высокая цена урока воспринимается как рискованная ставка без гарантии пользы,200 A MONTH?! lol most lessons these days I've seen are around 100 a lesson. A big dice to roll just to learn they're not even helpful.,нет данных,,Другой студент готов до $200/мес,https://www.reddit.com/r/singing/comments/1uwzabb/just_some_questions_for_those_who_seek_voice/oxu6naj/,Reddit: бизнес педагога вокала
139,r/singing,2025-07-15,студент,поиск-учеников,1,"Ученикам негде петь громко дома (минус онлайну); педагогу нужен сайт с отзывами, чтобы его выбрали","In person was important because I otherwise didn’t have a space where I could be “loud” in... Website - it’s helpful having a real website where you can share your experience, testimonials, pictures, etc. it just looks mo",нет данных,Сайт с отзывами и фото,,https://www.reddit.com/r/singing/comments/1uwzabb/just_some_questions_for_those_who_seek_voice/oxoip0h/,Reddit: бизнес педагога вокала
140,r/singing,2025-06-07,"педагог вокала (частный), США, бакалавр+магистр",оплата-цены,1,"Педагог с двумя степенями не понимает, сколько брать, и занижает цену",Currently charging $40 an hour in my private studio but I've had a few other musicians tell me that's too low for my level of education?? Should I charge more??,«I used to charge $40 as well but got the same feedback»,,,https://www.reddit.com/r/singing/comments/1l5a1a6/how_much_to_charge_for_1_hour_voice_lesson/,Reddit: бизнес педагога вокала
141,r/singing,2025-06-07,педагог вокала (частный),оплата-цены,1,Педагоги вокала массово занижают цены,I have my BMus and MMus and charge $50/hour. I used to charge $40 as well but got the same feedback from teacher friends that that was low.,да — повторяет опыт автора,Подняла до $50/ч по совету коллег,,https://www.reddit.com/r/singing/comments/1l5a1a6/how_much_to_charge_for_1_hour_voice_lesson/mwhgkxd/,Reddit: бизнес педагога вокала
142,r/singing,2025-06-07,"неясно (вероятно педагог), США",оплата-цены,1,Нет ориентиров цены; разброс $40–100+/ч,Your colleagues are right. Anything under $60/hr is underpriced for a person with an MM even in low cost of living areas. People with MMs charge 100+ in high cost of living areas.,«$50-60 at your level.»,,$60–100+/ч для магистров,https://www.reddit.com/r/singing/comments/1l5a1a6/how_much_to_charge_for_1_hour_voice_lesson/mwfzkjv/,Reddit: бизнес педагога вокала
143,r/singing,2025-06-07,"педагог вокала (частный), США (Милуоки)",оплата-цены,1,Самостоятельно определить цену сложно,I bass my prices off of the local music schools. There are places like Music and Arts that have locations nationwide and do lots of market research. In Milwaukee it's $36 per half hour lesson that they charge. So I charge $35.,нет данных,Цена чуть ниже сетевой музыкальной школы,$35 за 30 мин,https://www.reddit.com/r/singing/comments/1l5a1a6/how_much_to_charge_for_1_hour_voice_lesson/mwibav3/,Reddit: бизнес педагога вокала
144,r/singing,2021-09-24,"педагог вокала (начинающий частный), США (Канзас-Сити)",оплата-цены,1,"Начинающий педагог учил за $10/ч или бесплатно и не знает, как перейти к проф. ставке","This is my first time charging a professional rate for my lessons, as I have really only taught private voice as a favor or for about $10/hr before. $30/hr? $50/hr? I’m at a loss",нет данных,,,https://www.reddit.com/r/singing/comments/puoetu/what_to_charge_for_voice_lessons/,Reddit: бизнес педагога вокала
145,r/singing,2021-09-24,неясно,оплата-цены,1,После старта с низкой цены её трудно поднять,"No matter how high it is, stick to it. You can charge less through promotions, coupons, discounts and things of that nature - but it is very difficult to increase your ""value"" after it has been established",Автор: «That’s so true»,"Держать базовую цену, давать скидки промо",,https://www.reddit.com/r/singing/comments/puoetu/what_to_charge_for_voice_lessons/he4py64/,Reddit: бизнес педагога вокала
146,r/singing,2021-02-10,"педагог вокала онлайн, Индия (ученики из других стран)",онлайн-уроки,2,"Zoom глушит отдельные частоты в распевках, задержка мешает","I've been using zoom and whatsapp, funnily enough, whatsapp works better because zoom mutes out certain pitches during vocal exercises but the latency is really bumming us out.",нет данных,WhatsApp вместо Zoom,,https://www.reddit.com/r/singing/comments/lgskgd/fellow_voice_teachers_what_app_do_you_use_to/,Reddit: бизнес педагога вокала
147,r/singing,2021-02-10,педагог вокала онлайн,софт-инструменты,1,Стандартные видеозвонки плохо передают голос,I prefer using discord while running audio through cleanfeed.,нет данных,Discord (видео) + Cleanfeed (звук),,https://www.reddit.com/r/singing/comments/lgskgd/fellow_voice_teachers_what_app_do_you_use_to/gmtgjb7/,Reddit: бизнес педагога вокала
148,r/singing,2025-04-02,"педагог вокала (частный, очный)",онлайн-уроки,3,Задержка ~1 с и невозможность видеть всё тело ученика онлайн,"As a voice teacher that was forced to teach 2020-2021 online, I loathe online lessons... The lessons lag by one second. It is impossible to see the entire body therefore difficult to analyze what a student is doing.","«In person is much better...», «Personally, I need in person.»",Только очные уроки,,https://www.reddit.com/r/singing/comments/1jq03um/in_person_or_online_for_voice_lessons_does_it/ml6eyd7/,Reddit: бизнес педагога вокала
149,r/singing,2025-04-02,студент,онлайн-уроки,2,"Онлайн нельзя петь в реальном времени с фортепиано, теряются нюансы громкости","When you’re taking online lessons, you lose musicality because you’re not working in real time with a piano, and subtleties in volume are lost because you’re trying to translate through amplification.",«hearing the sound in person and not over a messaging app where it may be compromised by bitrate is huge»,"Начать онлайн, потом перейти в очный формат",,https://www.reddit.com/r/singing/comments/1jq03um/in_person_or_online_for_voice_lessons_does_it/ml7mwdw/,Reddit: бизнес педагога вокала
150,r/singing,2025-04-02,"студент, США",оплата-цены,1,Локальные педагоги требуют предоплаты пакетов; онлайн-педагоги конкурируют ценой и гибкостью,Online allows me to book as needed lessons rather than being trapped in already paid for lessons like all the teachers around me demand. The cost is also way lower than anyone near me.,«You might find an online teacher that far exceeds the quality of your in person network.»,"Онлайн-педагог с другого побережья, оплата по факту",Платит за разовые уроки онлайн,https://www.reddit.com/r/singing/comments/1jq03um/in_person_or_online_for_voice_lessons_does_it/ml4l2zb/,Reddit: бизнес педагога вокала
151,r/MusicTeachers,2026-08-30,"педагог фортепиано и вокала (выездной), США",оплата-цены,2,Родители торгуются о скидке за братьев/сестёр; при $30/30 мин с выездом,"She asked if it could be $20 each lesson (which is a hard no from me, that’s what I charged in my own home before I got my degree).","Много ответов «Don’t change your rate», «Stick to your guns!»",Предложила скидку $5; семья не ответила,,https://www.reddit.com/r/MusicTeachers/comments/1w2oo9w/what_would_you_do_private_lesson_question/,Reddit: бизнес педагога вокала
152,r/MusicTeachers,2026-08-30,неясно (частный педагог),оплата-цены,1,"Клиенты, выторговавшие скидку, — самые трудные","People will try to get you to give cheaper just to see if you will, and in my experience when you cave they always …ALWAYS end up being the hardest people to please.",«Yeah don’t do it.»,Не давать скидок,,https://www.reddit.com/r/MusicTeachers/comments/1w2oo9w/what_would_you_do_private_lesson_question/p6zh5nw/,Reddit: бизнес педагога вокала
153,r/MusicTeachers,2026-04-20,"педагог вокала + исполнитель (оперная певица), UK",поиск-учеников,2,Флаеры и профиль на Superprof не дают учеников после переезда,"I’ve done flyers and I’ve created a profile on Superprof, but I’ve had no actual luck in getting any students. Does anyone have any advice on how to secure your first students?",нет данных,"Совет: местные Facebook-группы, школы, узкий профиль «Opera trained teacher»",,https://www.reddit.com/r/MusicTeachers/comments/1sqri76/advertising_singing_lessons/,Reddit: бизнес педагога вокала
154,r/MusicTeachers,2026-06-23,частный педагог (инструмент неясен),поиск-учеников,1,Платформы берут комиссию или платный контакт с ученика; дают единицы учеников за годы,"platforms like Superprof will either take a cut from you directly and/or charge the potential client to pay to reach out to you. When potential students have reached out, I immediately move the conversation to zoom/email so they are not spending more money to book or chat with me.",нет данных,Сразу уводить ученика с платформы в Zoom/email,,https://www.reddit.com/r/MusicTeachers/comments/1uddbqo/do_online_teaching_platforms_actually_help/otlav2l/,Reddit: бизнес педагога вокала
155,r/MusicTeachers,2024-08-16,"частный педагог онлайн (инструмент неясен), США",поиск-учеников,3,Закрытие TakeLessons лишило поток учеников; альтернативы дорогие или с торгами,I've tried other platforms like Wyzant and Lessonface but they all either take too much money or you have to bid on students and they are never a good fit. TL was the only reliable one and it basically made my career work for a while.,"«I too am very upset about TL just suddenly dumping us», «I'm salvaging what I can from the site»","Рассылки директорам оркестров, Facebook-группа",TakeLessons брал 10% — приемлемо,https://www.reddit.com/r/MusicTeachers/comments/1eu0ijw/takelessons_is_shutting_down/lij9kv2/,Reddit: бизнес педагога вокала
156,r/MusicTeachers,2025-11-30,частный педагог онлайн (инструмент неясен),поиск-учеников,2,Lessonface дал одного ученика за год; используется только для оплаты,"Yes I do, but I have only gotten one student in a year. I have my old Takelessons students on there and it helps with payments, but I miss the old Takelessons.",нет данных,Lessonface как платёжный инструмент,Платит комиссию Lessonface за приём платежей,https://www.reddit.com/r/MusicTeachers/comments/1pac7jo/does_anybody_here_teach_on_lessonface/nriagb9/,Reddit: бизнес педагога вокала
157,r/MusicTeachers,2026-05-19,"педагог хора/сольного вокала (школа), США",репертуар-тональности-минусовки,3,Без навыка аккомпанемента педагог вокала теряет хорошие вакансии,"I know I can teach choir well and I know I’m a good enough teacher to teach at a good school with a good choir program, but the fact that my piano skills aren’t proficient enough for me to accompany is going to make it impossible.","«Oh man, you’ve voiced my exact fears.», «Listen, I'm like you. I SUCK at piano.»",,Готовы брать уроки аккомпанемента,https://www.reddit.com/r/MusicTeachers/comments/1thzu4i/ill_never_get_a_good_job_as_a_choir_teacher/,Reddit: бизнес педагога вокала
158,r/MusicTeachers,2026-05-19,"музыкальный руководитель/педагог вокала (детский театр), США",репертуар-тональности-минусовки,3,"Уволили из-за слабого фортепиано, хотя шоу шло под минусовки",I actually got let go from my musical director position at a children’s theatre company because of my piano skills. They used backing tracks for performances but there was this one really weird song...,"да, тред солидарности",,,https://www.reddit.com/r/MusicTeachers/comments/1thzu4i/ill_never_get_a_good_job_as_a_choir_teacher/omr6a59/,Reddit: бизнес педагога вокала
159,r/MusicTeachers,2026-05-19,"педагог хора, США",репертуар-тональности-минусовки,1,Нужны качественные записанные аккомпанементы вместо живого пианиста,"I’m a great choral teacher and I cannot accompany except for warmups and running parts. With technology, you really shouldn’t need to... On all the other days, you can use pre-recorded accompaniment.",Автор: «This is smart!»,"Ученики-пианисты, оплачиваемый аккомпаниатор раз в неделю, записанные минусовки; MIDI-треки в GarageBand",Платит аккомпаниатору раз в неделю,https://www.reddit.com/r/MusicTeachers/comments/1thzu4i/ill_never_get_a_good_job_as_a_choir_teacher/omt30nv/,Reddit: бизнес педагога вокала
160,r/singing,2026-05-05,"вокальный коуч (CCM/мюзикл), США (LA/NYC)",репертуар-тональности-минусовки,1,Песни не в той тональности для голоса ученика,"Here's a tool called Transpose - it's an extension for Google Chrome that lets you change the key of any YouTube video. Play with a song you like, and change the key until it fits snugly in your voice!",нет данных,Chrome-расширение Transpose для смены тональности YouTube,,https://www.reddit.com/r/singing/comments/1t4gb4f/im_a_pro_vocal_coach_doing_an_ama_today_from/ok3w3rf/,Reddit: бизнес педагога вокала
161,r/singing,2026-09-09,"педагог вокала, США",поиск-учеников,1,Педагоги вынуждены добывать учеников через AMA и бесплатные пробные на Reddit,I also offer FREE trial lessons. Send me a DM if interested.,нет данных,AMA на Reddit + бесплатный пробный урок,,https://www.reddit.com/r/singing/comments/1wbxi2m/im_a_voice_teacher_vocal_coach_ama/,Reddit: бизнес педагога вокала
162,r/singing,2026-03-05,"педагог вокала онлайн, Австралия",поиск-учеников,1,"Нужен контент «до/после» для соцсетей, чтобы привлекать учеников",I'm looking to work with 2 singers for the next month FREE over Zoom... The only condition is that I can document the journey as content for my social media.,"Много откликов учеников, в т.ч. из других часовых поясов",Бесплатный месяц уроков в обмен на право публиковать записи,,https://www.reddit.com/r/singing/comments/1rlulm8/voice_teacher_offering_2_singers_a_free_month_of/,Reddit: бизнес педагога вокала
163,r/singing,2026-09-20,"педагог вокала + исполнитель (классика), UK (Лондон)",поиск-учеников,1,Классически обученный педагог учит в основном эстраду; ищет учеников через бесплатный пробный,Currently offering a free trial lesson for anyone thinking about starting out with voice lessons. I'm a classically trained baritone currently based in London... My singing background is 'classical' but in reality I teach primarily contemporary,нет данных,"Бесплатный онлайн-пробный урок, сайт с бронированием",,https://www.reddit.com/r/singing/comments/1wlr1no/would_anyone_be_interested_in_a_free_first_online/,Reddit: бизнес педагога вокала
164,r/singing,2026-09-11,педагог вокала,стыд-страх-учеников,1,"Ученики боятся ошибаться и звучать странно на уроке, что тормозит прогресс",Many students come to their lessons like they are going to a recital,нет данных,Поощрять «странные» звуки и ошибки,,https://www.reddit.com/r/singing/comments/1wd6t1c/voice_teachers_what_makes_someone_a_good_student/p98x396/,Reddit: бизнес педагога вокала
165,r/opera,2021-02-11,"педагог вокала + исполнитель (сопрано), вероятно UK/Содружество (пишет «behaviour»)",поиск-учеников,3,В пандемию педагог потеряла выступления и заметную часть учеников; каждый уход бьёт по доходу,"I’m a soprano and voice teacher, but I’m doing little to no performing and have lost a good proportion of my students. [...] Now my student is telling me he doesn’t want to learn from me anymore, just when I can ill-afford to lose any more work.","~40 комментариев поддержки («I am so sorry this happened to you», «it actually affects the livelihood of real people»)",,,https://www.reddit.com/r/opera/comments/lhlzsc/misogynistic_opera_journalism/,"Reddit: классика, мюзикл, хор — педагоги и коучи"
166,r/opera,2021-02-11,"педагог вокала + исполнитель (сопрано), вероятно UK/Содружество",ученики-ожидания-YouTube,3,Ученики уходят под влиянием псевдоэкспертного онлайн-контента («женщина не может учить мужчин»); отток идёт цепочкой через друзей,"I don’t believe this - I’ve just lost ANOTHER student. A tenor this time, a friend of the first one. I just ...... can’t even. This just keeps getting worse!!","да, в треде много сочувствия и согласия, что статья — вредная чушь",,,https://www.reddit.com/r/opera/comments/lhlzsc/misogynistic_opera_journalism/gn1lc39/,"Reddit: классика, мюзикл, хор — педагоги и коучи"
167,r/opera,2021-02-11,неясно (певец/педагог классики),голос-педагога,1,"Педагог не может показать голосом то, чего нет в его типе голоса; приходится развивать словарь объяснений","I can understand the benefit of having a teacher with a similar voice for the sake of demonstration, but many teachers develop vocabulary to help students understand instead.",нет данных,словесные объяснения вместо показа,,https://www.reddit.com/r/opera/comments/lhlzsc/misogynistic_opera_journalism/gmyn69n/,"Reddit: классика, мюзикл, хор — педагоги и коучи"
168,r/opera,2026-09-13,неясно,сертификация-квалификация,2,Многие певцы уходят в преподавание ради подработки без педагогической подготовки — рынок полон неквалифицированных педагогов,"a lot of people falling back on teaching for supplemental income, and simply being a singer, even a good singer, doesn't necessarily translate to being able to teach other people how to sing well, healthily, etc.",тред целиком об этом; несколько комментариев в том же ключе,,,https://www.reddit.com/r/opera/comments/1wf8qo9/why_is_it_such_a_common_experience_to_have/p9jyz02/,"Reddit: классика, мюзикл, хор — педагоги и коучи"
169,r/opera,2026-09-13,неясно (классический певец),сертификация-квалификация,2,"Нет общего стандарта квалификации: либо сценический опыт без педагогики, либо академия без практики",Lots of teachers are unqualified to teach. Many are former singers with stage experience who don’t actually know much about teaching. Then there are also plenty whose only experience is academia [...] Classical singing pedagogy is just kind of a disaster these days.,«Just here to agree that there are a ton of hacks out there»,,,https://www.reddit.com/r/opera/comments/1wf8qo9/why_is_it_such_a_common_experience_to_have/p9k5yks/,"Reddit: классика, мюзикл, хор — педагоги и коучи"
170,r/opera,2026-09-13,неясно,поиск-учеников,2,Недоверие к частным педагогам; ученики оценивают педагога по числу успешных учеников в студии,"Some of them are bad teachers but don’t know it. [...] Then you have the schools and private teachers who accept students who clearly have no shot at a career, because they are willing to pay for years of lessons. The best strategy is to find a teacher who is 1.) not a head case and 2.) has at least 3 successful students currently in their studio.",ответ: «I don’t have such a teacher near me who has even one successful student»,выбирать педагога по успешным ученикам,,https://www.reddit.com/r/opera/comments/1wf8qo9/why_is_it_such_a_common_experience_to_have/p9k1szn/,"Reddit: классика, мюзикл, хор — педагоги и коучи"
171,r/opera,2026-09-13,"неясно (певец, не педагог — «Lol i dont intend to [teach]»)",методика-объяснить-невидимое,2,"Инструмент невидим: без спецоборудования педагог не видит, что происходит, и ученик сам не понимает свой голос",Every human has a different physiology that we cant see without specialized equipment(and even then we only see a small part). This becomes a problem both in teaching singing and also understanding your own singing.,несколько ответов развивают мысль («we built pianos...»),,,https://www.reddit.com/r/opera/comments/1wf8qo9/why_is_it_such_a_common_experience_to_have/p9jwwnb/,"Reddit: классика, мюзикл, хор — педагоги и коучи"
172,r/opera,2026-09-13,неясно (певец),методика-объяснить-невидимое,2,"Педагог вынужден работать через ощущения ученика, а не через наблюдение",Even at the highest levels of vocal training teachers have to ask you how things feel because THEY CANT SEE INSIDE YOUR THROAT.,«We got what you mean»,расспрашивать ученика об ощущениях,,https://www.reddit.com/r/opera/comments/1wf8qo9/why_is_it_such_a_common_experience_to_have/p9krnh4/,"Reddit: классика, мюзикл, хор — педагоги и коучи"
173,r/opera,2026-09-13,неясно,методика-объяснить-невидимое,2,"Двойная невидимость: педагог выводит проблему по звуку, а потом должен передать её ученику, который тоже ничего не видит — прямое отличие от фортепиано","And you can see your student's fingers on the piano and understand what they are doing. A vocal teacher has to hear the sound and infer what the problem is if it needs correction and convey it in a way that the student, who also can't see inside their throat, can understand and change.",в ветке с ним соглашаются,,,https://www.reddit.com/r/opera/comments/1wf8qo9/why_is_it_such_a_common_experience_to_have/p9lgw08/,"Reddit: классика, мюзикл, хор — педагоги и коучи"
174,r/opera,2026-09-13,неясно,методика-объяснить-невидимое,2,Большинству педагогов не хватает навыка слышать физиологию за звуком,"And the vast majority of teachers do not have the understanding of how to hear the physiology behind the vocal production (or, frankly, the awareness that such a skill is necessary).",нет данных,,,https://www.reddit.com/r/opera/comments/1wf8qo9/why_is_it_such_a_common_experience_to_have/p9l8qd9/,"Reddit: классика, мюзикл, хор — педагоги и коучи"
175,r/opera,2026-09-13,неясно,сертификация-квалификация,1,"Диплом по вокальной педагогике воспринимается как фильтр доверия; у кого его нет, тому труднее","I always recommend that singers should study with someone who has a degree in vocal pedagogy because they will actually know how to work with many voice types, whereas someone who is trained as a singer may know what works for them but not necessarily for someone else.",нет данных,смотреть на диплом по педагогике,,https://www.reddit.com/r/opera/comments/1wf8qo9/why_is_it_such_a_common_experience_to_have/p9oqil0/,"Reddit: классика, мюзикл, хор — педагоги и коучи"
176,r/opera,2026-09-13,неясно (похоже на педагога/опытного певца),прогресс-не-виден,1,"Хорошая работа медленная и незаметная — о хороших педагогах не говорят, репутацию сложно построить","a lot of teaching is focused, slow, patient busy work. So you’re less likely to hear about normal “good” teachers.",нет данных,,,https://www.reddit.com/r/opera/comments/1wf8qo9/why_is_it_such_a_common_experience_to_have/p9s292m/,"Reddit: классика, мюзикл, хор — педагоги и коучи"
177,r/opera,2026-09-13,неясно,поиск-учеников,2,"Рынок оценивает педагога по сценической карьере или звёздным ученикам, а не по умению учить","Teachers become respected either because they are prominent performers or because their best students succeed. The more highly accomplished their students, the more competitive it is to get into their studio. This MAY relate to their teaching ability, but often it doesn’t.",нет данных,,,https://www.reddit.com/r/opera/comments/1wf8qo9/why_is_it_such_a_common_experience_to_have/p9laqvs/,"Reddit: классика, мюзикл, хор — педагоги и коучи"
178,r/opera,2026-09-13,студент (певец),терминология,2,Успех зависит от совпадения «языка» педагога и ученика: слова об ощущениях приходится расшифровывать,"finding a teacher whose language translates well into your own is extremely important. Just in my personal experience as an autistic singer, getting an autistic voice teacher was life changing for me on the communication front",нет данных,искать педагога с похожим способом мышления,,https://www.reddit.com/r/opera/comments/1wf8qo9/why_is_it_such_a_common_experience_to_have/p9k3t0k/,"Reddit: классика, мюзикл, хор — педагоги и коучи"
179,r/opera,2026-09-13,студент (классика; раньше занимался фортепиано),терминология,2,"Нет общей базы: у каждого педагога вокала своя «философия», в отличие от фортепиано","In opera, however, switching teachers can expose you to a completely different echnical philosophy, and way of thinking about the voice","тред с десятками ответов, многие согласны",,,https://www.reddit.com/r/opera/comments/1wf8qo9/why_is_it_such_a_common_experience_to_have/,"Reddit: классика, мюзикл, хор — педагоги и коучи"
180,r/opera,2026-04-26,"педагог вокала (профессор вуза), вероятно США",голос-педагога,1,Педагоги перебарщивают с показом голосом; ученики застревают у неподходящего педагога,"As a voice professor, I encourage my students to explore other teachers and their methods and see which is the best fit. I realize that I’m in the minority. This is YOUR voice and your tuition money. The majority of your lessons should not be listening to modeling.",«I am also a voice professor and agree with everything here»,отпускать учеников пробовать других педагогов,,https://www.reddit.com/r/opera/comments/1sw6jjq/frustrations_with_voice_lessons/oidbk7q/,"Reddit: классика, мюзикл, хор — педагоги и коучи"
181,r/opera,2026-04-26,неясно,методика-объяснить-невидимое,2,Молодые педагоги не умеют объяснять и компенсируют это показом,"Any 1:1 lessons require a good fit between teacher and student, but voice is especially so. It sounds like your grad student teacher doesn’t have enough experience explaining things and is relying too heavily on showing, and hoping you just figure it out on your own.","да, 2 голосовых профессора в том же треде",,,https://www.reddit.com/r/opera/comments/1sw6jjq/frustrations_with_voice_lessons/oieagla/,"Reddit: классика, мюзикл, хор — педагоги и коучи"
182,r/opera,2026-04-26,"студент (вуз, США)",голос-педагога,3,"Педагог поёт половину урока, ученик почти не поёт; в итоге ученик сменил специальность",I have one 30 min lesson every week (which in my opinion isn’t enough time) and she “gives examples” for half of it. [...] my voice teacher has sung more than I have throughout my 2 years here.,"да, преподаватели в комментариях соглашаются",брать частные уроки отдельно,готов платить за частные уроки вне вуза,https://www.reddit.com/r/opera/comments/1sw6jjq/frustrations_with_voice_lessons/,"Reddit: классика, мюзикл, хор — педагоги и коучи"
183,r/opera,2024-12-28,педагог вокала (частный),мотивация-бросают,1,"Ученики боятся сказать педагогу, что уходят, и уходят молча; для педагога это внезапный отток","Voice teachers work for you, not the other way around. We are employed by our students to help guide them to their best and most free sounds. If you feel you aren’t getting what you need, you don’t owe the teacher more time.","другие советуют уходить вежливо, сославшись на расписание",,,https://www.reddit.com/r/opera/comments/1ho4ljw/how_to_tell_your_teacher_youre_leaving_lessons/m47o82r/,"Reddit: классика, мюзикл, хор — педагоги и коучи"
184,r/opera,2024-12-28,"студент (тенор, 24)",прогресс-не-виден,2,Ученик не видит своего реального прогресса из-за критики и уходит; ещё одна названная причина — нерегулярное время уроков,"She’s very old-school in approach, i.e lots of negative reinforcement. I enjoy that to an extent (I hate teachers who delude their pupils), but as a result of this, I always thought that I was measurably worse than I was","~25 комментариев, многие говорят, что менять педагога нормально («super common»)",смена педагога,,https://www.reddit.com/r/opera/comments/1ho4ljw/how_to_tell_your_teacher_youre_leaving_lessons/,"Reddit: классика, мюзикл, хор — педагоги и коучи"
185,r/opera,2024-12-28,педагог другого предмета (актёрское мастерство),другое,2,Конфликт: быстрый прогресс ученика против удержания платящего клиента,I would get call into the studio heads office for telling students they should graduate and get to work. I was scolded for doing too much. The students were improving too quickly.,нет данных,,,https://www.reddit.com/r/opera/comments/1ho4ljw/how_to_tell_your_teacher_youre_leaving_lessons/m4cnole/,"Reddit: классика, мюзикл, хор — педагоги и коучи"
186,r/Choir,2024-04-27,"хоровой педагог (школа, вероятно США)",методика-объяснить-невидимое,2,"Ученики не меняют гласные, сколько ни показывай",Students with no experience end up in the advance choir. Another thing is students not using correct vowels. They just refuse no matter how much modeling I do.,ответ: «That literally happened to me this year»,показ голосом,,https://www.reddit.com/r/Choir/comments/1ce7eoz/for_all_choir_directors_what_are_your_challenges/l1i08sy/,"Reddit: классика, мюзикл, хор — педагоги и коучи"
187,r/Choir,2024-04-27,"хоровой педагог (middle school, США)",мотивация-бросают,2,Ученики уходят из-за накладок в расписании с конкурирующими занятиями,I lost so many girls to athletics because they only had my non-varsity choir meeting at the only time eighth grade athletics,отвечает на похожую жалобу,,,https://www.reddit.com/r/Choir/comments/1ce7eoz/for_all_choir_directors_what_are_your_challenges/l1i61cj/,"Reddit: классика, мюзикл, хор — педагоги и коучи"
188,r/Choir,2024-04-27,"хоровой педагог (high school, США)",прогресс-не-виден,2,"Непонятно, как оценивать вокальный прогресс и из чего строить программу","its the grading and coming up with assignments and ""activities"" to spice up lessons. In college, we just rehearsed. But there's a lot more expectations for HS. Admin ask me what my ""curriculum"" is and I don't know what to tell them!","есть советы (сольфеджио, малые группы, «Use this to start Grading System»)",оценивать sight singing и работу в малых ансамблях,,https://www.reddit.com/r/Choir/comments/1ce7eoz/for_all_choir_directors_what_are_your_challenges/l1gtjk9/,"Reddit: классика, мюзикл, хор — педагоги и коучи"
189,r/Choir,2024-04-27,ассистент хормейстера (дети),терминология,1,Трудно перевести техническую терминологию на язык детей,as i teach kids from 9-12 it is difficult to explain in layman terms for them to understand as i’m used to technical terms.,ответ с советом объяснять термины через песню,объяснять термины через песни и игру,,https://www.reddit.com/r/Choir/comments/1ce7eoz/for_all_choir_directors_what_are_your_challenges/l1h5zi6/,"Reddit: классика, мюзикл, хор — педагоги и коучи"
190,r/Choir,2024-04-27,"хоровой педагог (школа, США)",репертуар-тональности-минусовки,2,Нет концертмейстера: педагог сам аккомпанирует и не может дирижировать почти до концерта,"Admin not being supportive Kids treating my class like recess Not having an accompanist (I majored in piano so it’s fine, except that I don’t get to conduct until right before the concert!!!!) DRAAAAAMMMAAAAAA Cellphones",нет данных,аккомпанирует сам,,https://www.reddit.com/r/Choir/comments/1ce7eoz/for_all_choir_directors_what_are_your_challenges/l1il158/,"Reddit: классика, мюзикл, хор — педагоги и коучи"
191,r/Choir,2024-04-27,"хоровой педагог (долгосрочная замена, школа, США)",ученики-практика,2,Ученики не выполняют задания; педагог сдаётся и учит партии с голоса — нагрузка на голос и нет самостоятельности,I thought learning this way would help pitch matching but no matter how many assignments they just wouldn't put in the effort. I eventually gave in to singing their parts for them and they mimicked me,нет данных,"петь партии самому, ученики повторяют",,https://www.reddit.com/r/Choir/comments/1ce7eoz/for_all_choir_directors_what_are_your_challenges/l1ljrqn/,"Reddit: классика, мюзикл, хор — педагоги и коучи"
192,r/Choir,2024-04-27,"хоровой педагог (школа, США)",стыд-страх-учеников,2,Ученики стесняются и отказываются петь в полный голос,"My altos are almost non-existent, even though they have the largest number of students they refuse to sing.",«That's a common experience»; хорист: «You can just hear me and a few other people singing»,больше поощрять,,https://www.reddit.com/r/Choir/comments/1ce7eoz/for_all_choir_directors_what_are_your_challenges/l1lk133/,"Reddit: классика, мюзикл, хор — педагоги и коучи"
193,r/Choir,2026-05-16,педагог вокала/хора (пишет «my kids»),терминология,2,"Стандартные подсказки («диафрагма», «опора») ученикам ничего не говорят и вызывают зажим","""breathe from the diaphragm"" is right up there with ""use more support"" for instructions that mean something to the teacher and absolutely nothing to the student. they hear it as ""engage muscles you can't feel"" and then they brace.","тред целиком о путанице с «диафрагмой», много подтверждений",подсказка «let your belt loosen» и упражнение лёжа на спине — «usually clicks in one lesson»,,https://www.reddit.com/r/Choir/comments/1tejaw9/why_breathe_from_the_diaphragm_confuses_so_many/om5zv3w/,"Reddit: классика, мюзикл, хор — педагоги и коучи"
194,r/Choir,2026-05-16,неясно (опытный хорист),методика-объяснить-невидимое,2,Технику нельзя показать глазами — приходится полагаться на абстрактные образы,"Singing is not like many other instruments in that most of our singing mechanisms are not external. Think of violin or piano where an instructor can visually demonstrate good technique. With singing we need to use visualizations, often of abstract ideas",созвучно треду,изучать анатомию дыхания и голосового тракта,,https://www.reddit.com/r/Choir/comments/1tejaw9/why_breathe_from_the_diaphragm_confuses_so_many/om4hfge/,"Reddit: классика, мюзикл, хор — педагоги и коучи"
195,r/Choir,2026-05-16,педагог хора/вокала (объясняет ученикам),здоровье-голоса-учеников,1,Приходится разубеждать учеников в мифах о голосе от прежних педагогов,"The number of teachers I’ve heard that say “eat Lays potato chips before you sing” or “eat honey before you sing” bc they will coat your vocal cords [...] I had to explain to students, if food is hitting your vocal cords, tone quality is not going to be your issue.",нет данных,объяснять физиологию,,https://www.reddit.com/r/Choir/comments/1tejaw9/why_breathe_from_the_diaphragm_confuses_so_many/omf71fn/,"Reddit: классика, мюзикл, хор — педагоги и коучи"
196,r/MusicalTheatre,2026-03-24,педагог вокала / вокальный коуч (мюзикл),методика-объяснить-невидимое,2,"Ученики не слышат, что фальшивят или съезжают в другую тональность; педагог не знает, как этому учить","I have a lot of students with lovely voices as in instruments—the sound that comes out is nice—but terrible ears. They can’t hear that they’re switching keys, they can’t hear that they’re sharp or flat. I’m struggling to teach to that.",нет данных,,,https://www.reddit.com/r/MusicalTheatre/comments/1s207jy/has_anyone_had_or_seen_a_massive_vocal/oc4t6bf/,"Reddit: классика, мюзикл, хор — педагоги и коучи"
197,r/MusicalTheatre,2026-03-24,"режиссёр мюзиклов и оперы, педагог (подбирал ученикам педагогов)",ученики-ожидания-YouTube,1,"Ученики ждут быстрых результатов, а вокал требует долгой «спортивной» подготовки",Singing is one of the most physically complicated things we can consciously do with our body. Taking voice isn’t as much like learning piano as it is like training as a dancer.,автор поста: «I definitely agree it's so different»,,,https://www.reddit.com/r/MusicalTheatre/comments/1s207jy/has_anyone_had_or_seen_a_massive_vocal/oc5oktk/,"Reddit: классика, мюзикл, хор — педагоги и коучи"
198,r/MusicalTheatre,2026-03-24,"студент (взрослый новичок, играет на гитаре)",прогресс-не-виден,2,"Начинающий вокалист долго не слышит «приемлемого» звука; мотивация падает сильнее, чем на инструменте","At the end of the day a guitar will still sound nice enough if a total beginner plucks at the strings, vs a voice you don't get a ""nice enough"" sound for a long long time. It takes so much more patience and dedication when the current outcome isn't good.",в треде много историй «через год стало лучше»,,уже платит за коуча,https://www.reddit.com/r/MusicalTheatre/comments/1s207jy/has_anyone_had_or_seen_a_massive_vocal/oc7cnm3/,"Reddit: классика, мюзикл, хор — педагоги и коучи"
199,r/MusicalTheatre,2026-03-24,студент (взрослый),стыд-страх-учеников,2,Ученик не верит похвале педагога из-за многолетнего стыда за свой голос,My current and past vocal coaches have said I have a decent or nice voice but I just have a hard time believing them haha.,нет данных,,,https://www.reddit.com/r/MusicalTheatre/comments/1s207jy/has_anyone_had_or_seen_a_massive_vocal/oc4ue1h/,"Reddit: классика, мюзикл, хор — педагоги и коучи"
200,r/MusicalTheatre,2026-03-24,педагог музыки + исполнитель,терминология,1,"Путаница ролей «voice teacher» и «vocal coach» у клиентов; на любительском уровне педагог делает и то, и другое","there's a difference between a voice teacher and a voice coach. A teacher is for helping you develop technique, and a coach is for helping you interpret the music (though at more amateur levels, a voice teacher could do both).",автор: «She is currently doing both for me»,,,https://www.reddit.com/r/MusicalTheatre/comments/1s207jy/has_anyone_had_or_seen_a_massive_vocal/ocfszut/,"Reddit: классика, мюзикл, хор — педагоги и коучи"
201,r/Choir,2022-04-30,"хоровой педагог (хор мальчиков, middle school, вероятно США)",методика-объяснить-невидимое,2,"Подросток с ломающимся голосом не попадает в ноты; нужны метафоры, чтобы объяснить «мягкий верх»",I have a singer who doesn’t match pitch well and he’s loud. [...] does anyone have some metaphors or advice about how to help him sing up in the high part of his range more gently? I won’t be the choir director who tells him not to sing.,советы в ответах; позже автор: «It comes down to the ability to sing high gently. I don’t know how to explain it to this kid.»,поставить рядом сильного певца; упражнения на слух; работа с дыханием,,https://www.reddit.com/r/Choir/comments/ufl0rp/what_to_do_about_a_loud_out_of_tune_13_year_old/,"Reddit: классика, мюзикл, хор — педагоги и коучи"
202,r/Choir,2022-04-30,хоровой педагог (middle school),методика-объяснить-невидимое,2,"Бессилие педагога перед учеником, который не слышит высоту",I just wish I knew how to help him more.,нет данных,посадил рядом с сильным певцом («ringer»),,https://www.reddit.com/r/Choir/comments/ufl0rp/what_to_do_about_a_loud_out_of_tune_13_year_old/i6wlhmc/,"Reddit: классика, мюзикл, хор — педагоги и коучи"
203,r/Choir,2025-10-27,"хормейстер-волонтёр (церковь UU, США), диплом консерватории",время-неоплачиваемый-труд,2,Квалифицированная работа бесплатна или «не хватает на жизнь»; анонимные жалобы бьют по мотивации,"I am a volunteer, but have been in this ”position” for about 15 years. [...] have done church music in the past semi-professionally (you know, paid, but not enough to live on).",~25 комментариев поддержки; «this happens to many of us who are in musical leadership positions and we are helpless to defend ourselves»,игнорировать анонимные жалобы,,https://www.reddit.com/r/Choir/comments/1ohl8ns/nasty_anonymous_complaint/,"Reddit: классика, мюзикл, хор — педагоги и коучи"
204,r/Choir,2026-04-24,концертмейстер хора (collaborative pianist),выгорание-изоляция,3,Выгорание концертмейстера: перегрузка и недооценённость,I am just so tired of being taken for granted daily. We’re held to such high and tight expectations by a lot of people who can barely read music and play piano.,другой концертмейстер: «I hated my life for the 4-5 months we worked together»,,,https://www.reddit.com/r/Choir/comments/1subrqk/reminder_to_thank_be_kind_to_your_collaborative/,"Reddit: классика, мюзикл, хор — педагоги и коучи"
205,r/MusicalTheatre,2026-06-13,"педагог музыки/вокала (мюзикл), США",репертуар-тональности-минусовки,2,Подготовка сокращённых версий песен (16/32 такта) для прослушиваний учеников — неоплачиваемая работа с противоречивыми правилами,I’m putting together a list of audition cuts for my students who want to audition for college programs and BFA programs. [...] So here are my questions which I am getting mixed answers on which is making me overthink even more.,"несколько профессионалов ответили: «The bar limit is a time limit, full stop»","ориентироваться на время (16 тактов ≈ 30–45 с, 32 ≈ 60–90 с), держать в папке и полную версию",,https://www.reddit.com/r/MusicalTheatre/comments/1u4mr92/16bar_and_32bar_hard_limit_piano_intro_doesnt/,"Reddit: классика, мюзикл, хор — педагоги и коучи"
206,r/MusicalTheatre,2026-06-13,неясно (актёр/исполнитель мюзикла),репертуар-тональности-минусовки,1,Длину нарезок подгоняют под тарифы платформ для подачи видео,"Actors access, which people use to submit for professional work charges $22/min for clips but rounds down if you’re only 5 seconds over a minute, so I apply that rule to all my cuts so they can function on that site efficiently.",нет данных,резать под 1 минуту,платят Actors Access $22 за минуту видео,https://www.reddit.com/r/MusicalTheatre/comments/1u4mr92/16bar_and_32bar_hard_limit_piano_intro_doesnt/orf7yll/,"Reddit: классика, мюзикл, хор — педагоги и коучи"
207,r/MusicalTheatre,2026-08-26,"родитель студентки MT, США",оплата-цены,1,Коучи по подготовке к поступлению часто берут часть учеников бесплатно; семьи не всегда готовы платить,"If you can afford a few hours with a coach, it’s worth it if you don’t have much other home or school support in this process. Most coaches also take on some free clients if there’s need.","ученица: «my parents... weren't willing to pay for one, but... I just got a new job and probably could scrap enough»",несколько часов с коучем вместо полного курса,готовы платить за несколько часов с коучем по подготовке к поступлению,https://www.reddit.com/r/MusicalTheatre/comments/1vyijwc/rant_about_prepping_for_musical_theatre_college/p5z2w4s/,"Reddit: классика, мюзикл, хор — педагоги и коучи"
208,r/opera,2025-10-15,"студент (тенор, США)",онлайн-уроки,1,Онлайн-уроки делают педагогов из разных стран конкурентами; европейские педагоги дешевле,I study online with an absolute genius for a very reasonable rate (European teachers charge less).,в треде указывают цены «under $100 per session» и что сильный педагог «completely booked for 3 months ahead»,онлайн-педагог из Европы,около $100 и меньше за онлайн-урок классики,https://www.reddit.com/r/opera/comments/1o7k27f/any_great_online_opera_voice_teachers/njqhsrn/,"Reddit: классика, мюзикл, хор — педагоги и коучи"
209,r/opera,2025-06-24,"студент (взрослый новичок, поп)",оплата-цены,2,Педагоги перескакивают базу и дают абстрактные подсказки; хороший технический педагог слишком дорог,"with the voice it seems like its just so abstract teachers jump past the basics and just go into rep and exercises. I mean they will tell me stuff "" Pull the sound back "" etc. [...] I only had one true vocal teacher ex-Julliard who taught me fundamentals but 160/hr is just too much.",нет данных (комментарии не загрузились — 429),,$160/час — «слишком дорого»; ищет технического педагога дешевле,https://www.reddit.com/r/opera/comments/1liynzo/cant_find_anyone_to_teach_a_newbie/,"Reddit: классика, мюзикл, хор — педагоги и коучи"
210,r/opera,2019-08-07,неясно (классический певец/педагог),здоровье-голоса-учеников,2,"Телешоу приучают детей и родителей к взрослому оперному звуку, а педагогу приходится этому противостоять",Every competent voice teacher agrees that mimicking a mature operatic sound is dangerous to children’s vocal cords. [...] Mostly I’m annoyed at the influence on the next generation of singers and the ignorance of the public.,"тред «collective facepalm from the nation’s voice teachers», много согласий",детский репертуар и детский хор,,https://www.reddit.com/r/opera/comments/cn7104/here_we_go_again_collective_facepalm_from_the/ew7slo0/,"Reddit: классика, мюзикл, хор — педагоги и коучи"
211,r/opera,2025-11-15,"студент (взрослый любитель, тенор, Южная Калифорния)",поиск-учеников,2,Взрослым любителям трудно найти квалифицированного педагога классики: вузовские педагоги не хотят брать любителей,I’ve heard from faculty before that they don’t like teaching amateurs or people who don’t want to actually commit to the university.,ответ: «the college level teachers I know also have students from the community»,ходить на студенческие концерты и искать педагога по ученикам,ищет частного педагога очно,https://www.reddit.com/r/opera/comments/1oxfkkv/finding_a_qualified_voice_teacher/,"Reddit: классика, мюзикл, хор — педагоги и коучи"
212,r/opera,2025-10-15,студент (классика),голос-педагога,1,"Педагога судят по его голосу сейчас; возрастные изменения голоса бьют по репутации, хотя учит он хорошо","My teacher developed a wobble in her late 60s, yet she taught rock solid technique. Her students did very well.",нет данных,,,https://www.reddit.com/r/opera/comments/1o7k27f/any_great_online_opera_voice_teachers/nk6j1gz/,"Reddit: классика, мюзикл, хор — педагоги и коучи"
213,r/singing,2024-10-09,"педагог вокала (частный, начинающий бизнес), UK",оплата-цены,2,"Не знает, как построить оплату: по четвертям (term time) с пустыми каникулами или круглый год, блоками или поурочно",Do you think parents would be reluctant to pay for rolling lessons throughout the year with maybe 6 weeks off total? How do you charge for lessons- is it pay as you go or a block of 6 lessons or something?,пост продублирован в r/MusicTeachers; в ответах делятся политиками,"думает о разных ценах: дешевле для тех, кто берёт регулярные уроки весь год, дороже для разовых",,https://www.reddit.com/r/singing/comments/1fzoi0j/advice_from_fellow_singing_teachers_please_how_to/,"Reddit: UK, Ирландия, Австралия, НЗ, Канада"
214,r/singing,2024-10-09,"педагог вокала (частный), UK",отмены-болезни,2,"Сезонность по школьным каникулам UK: боится получать деньги только за две трети года; не знает, как ввести и соблюдать правила отмен",I don’t mind having less students during school breaks but I want to ensure overall I’m not only getting paid for two thirds of a year when I don’t even really want to take leave over school breaks. Can I ask what your cancellation policy is though and how you enforce that?,нет данных,многоуровневые цены (регулярные / разовые уроки),,https://www.reddit.com/r/singing/comments/1fzoi0j/advice_from_fellow_singing_teachers_please_how_to/lr468ma/,"Reddit: UK, Ирландия, Австралия, НЗ, Канада"
215,r/MusicTeachers,2024-10-09,"педагог вокала (частный), UK",сертификация-квалификация,1,"Давление родителей в UK, которые ждут экзаменов по пению (грейды): педагог не хочет готовить к экзаменам, но боится потерять учеников",I also am unsure whether I want to train myself to prepare students for music exams or just teach how I wish to. Id rather not put my students through singing exams,"в r/singing ответили: учите как хотите и честно об этом говорите, родители не против",,,https://www.reddit.com/r/MusicTeachers/comments/1fzojbm/advice_from_fellow_singingmusic_teachers_please/,"Reddit: UK, Ирландия, Австралия, НЗ, Канада"
216,r/MusicTeachers,2024-10-09,"педагог вокала (владелец студии), страна неясна",оплата-цены,1,"Педагоги вокала не умеют строить бизнес студии (расписание, цены, программы) и ищут обучение на стороне",I HIGHLY recommend joining the SpeakEasy Collective (SECO) and watching alllllll of their trainings on this topic. I made so much money in my vocal studio business when I started applying what I was learning from the trainings.,нет данных,платное бизнес-сообщество для педагогов вокала (SpeakEasy Cooperative),платит за бизнес-обучение для вокальных студий (SECO),https://www.reddit.com/r/MusicTeachers/comments/1fzojbm/advice_from_fellow_singingmusic_teachers_please/lve195h/,"Reddit: UK, Ирландия, Австралия, НЗ, Канада"
217,r/singing,2024-10-09,"педагог вокала (частный), страна неясна (у самого ребёнок ходит на уроки музыки)",отмены-болезни,2,"Особенность вокала при отменах: жёсткая политика отмен толкает больного ученика петь, а поблажки бьют по доходу","I do make exceptions at my own discretion, especially for illnesses because I don’t want to encourage people to use their voices when they’re not healthy if they don’t have to.",OP: «sounds like a fair offering»,"закреплённый слот, один пропуск в месяц без вопросов, не пришёл без предупреждения — платит, счета в конце месяца, исключения при болезни по усмотрению",,https://www.reddit.com/r/singing/comments/1fzoi0j/advice_from_fellow_singing_teachers_please_how_to/lr4v9zn/,"Reddit: UK, Ирландия, Австралия, НЗ, Канада"
218,r/singing,2025-02-21,"педагог вокала (частный, новичок в бизнесе), UK (Мидлендс, сельская местность)",оплата-цены,1,"Не знает, можно ли поднять цену (апрель — время повышений в UK) и сколько стоит её урок",I currently charge £30 per hour (but have options to do shorter lessons as well) I am new to starting my own business so apologies for my ignorance!,ответ ученика: вполне можно поднять до £35–45,,,https://www.reddit.com/r/singing/comments/1iuwiai/uk_private_singing_teacher_should_prices_increase/,"Reddit: UK, Ирландия, Австралия, НЗ, Канада"
219,r/singing,2025-02-21,"педагог вокала (частный), UK (сельская местность)",поиск-учеников,1,"В сельской местности мало учеников: в основном взрослые поют для удовольствия и немного детей на грейды, это ограничивает цену","Mostly from older people who want to sing for fun and a few kids who want to do grades. No professionals.. I don't think there would be many in my area tbh, I'm quite rural!",нет данных,,,https://www.reddit.com/r/singing/comments/1iuwiai/uk_private_singing_teacher_should_prices_increase/me20mk6/,"Reddit: UK, Ирландия, Австралия, НЗ, Канада"
220,r/singing,2025-02-21,"студент (платил около £38 за урок), UK",оплата-цены,1,Со стороны ученика: за высокую цену ученик ждёт записи урока и заданий для практики после каждого урока,Flexible service with no late cancellation fees Book in blocks of 4 lessons for 10% off Recordings of your lessons made available for download privately Receive action points/things to practice at the end of each lesson,OP: «This is really helpful»,"записи уроков, пакеты по 4 урока со скидкой, заданий после урока","ученик готов платить £35–45 вместо £30, если получает записи уроков и список заданий",https://www.reddit.com/r/singing/comments/1iuwiai/uk_private_singing_teacher_should_prices_increase/me2e686/,"Reddit: UK, Ирландия, Австралия, НЗ, Канада"
221,r/MusicTeachers,2025-05-02,"педагог музыки (приходящий, peri, на council), инструмент не указан, UK",время-неоплачиваемый-труд,2,"Неоплачиваемая работа: планирование, концерты, мероприятия по вечерам и выходным","You also don't get paid for any of that planning, organising, concerts, weekend & evening events etc etc.",нет данных,,,https://www.reddit.com/r/MusicTeachers/comments/1kcx2z7/music_teaching_in_the_uk/mqpzsoz/,"Reddit: UK, Ирландия, Австралия, НЗ, Канада"
222,r/MusicTeachers,2025-05-02,"педагог музыки в музыкальных академиях (инструмент не указан), переезжает в UK из другой страны",выгорание-изоляция,3,"Конвейер учеников без перерывов и три летних месяца без дохода; уходит в PGCE, чтобы получать зарплату","a conveyer belt of ~10 students per day, no pay through the holidays, no lunchbreak, no staffroom, and getting royally screwed for three full months of the summer when kids are just not around for lessons so there's no pay.",нет данных,переходит в школьные учителя музыки (PGCE),,https://www.reddit.com/r/MusicTeachers/comments/1kcx2z7/music_teaching_in_the_uk/,"Reddit: UK, Ирландия, Австралия, НЗ, Канада"
223,r/MusicTeachers,2024-07-03,"педагог нескольких инструментов (частный + peri через музыкальные школы), UK",оплата-цены,3,Посредники (агентства и музыкальные службы) съедают доход: даже при полной загрузке доход около минимальной зарплаты,"What bothers me is that through the existence of a middle man, the pay gets unsustainable for me, and even if I do this as full time as possible, I can barely get over the line of what I would make in a minimum wage job",нет данных,ищет новые проекты и частную практику,,https://www.reddit.com/r/MusicTeachers/comments/1duc42l/thinking_about_possible_next_steps_in_my_career/,"Reddit: UK, Ирландия, Австралия, НЗ, Канада"
224,r/MusicTeachers,2026-03-17,"педагог вокала (стажёр, онлайн), UK-диплом, цены в евро (возможно, Ирландия/ЕС)",сертификация-квалификация,1,"Новому педагогу нужны практические часы для диплома, поэтому он даёт уроки почти бесплатно (€8 за 30 минут)",I am currently training as a voice teacher with The Voice College (UK) and am now completing the final practice modules of their Advanced Professional Diploma in Teaching Contemporary Singing.,нет данных,уроки онлайн через Zoom по сниженной «учебной» цене,платит за диплом The Voice College,https://www.reddit.com/r/MusicTeachers/comments/1rw45sf/affordable_online_singing_lessons_offered_by/,"Reddit: UK, Ирландия, Австралия, НЗ, Канада"
225,r/singing,2019-05-19,"будущий педагог вокала (учится на PGCE), UK",сертификация-квалификация,1,"Непонятно, какая квалификация нужна педагогу вокала в UK: ABRSM-грейды, курсы или диплом","How do I need to know what qualifications I would need first as a singer, and then as a teacher of singing.",в ответах советуют учиться у хорошего педагога или получить степень по вокалу,,,https://www.reddit.com/r/singing/comments/bql6dv/how_to_become_a_singing_teacher/,"Reddit: UK, Ирландия, Австралия, НЗ, Канада"
226,r/singing,2019-05-19,"студент вуза по музыке, Канада",сертификация-квалификация,1,"В Канаде ожидают университетскую степень по вокалу или педагогике, это высокий порог входа","In Canada, most people go to university for a degree in vocal performance or pedagogy if their plan is to make a career out of teaching singing.",нет данных,,,https://www.reddit.com/r/singing/comments/bql6dv/how_to_become_a_singing_teacher/eobm758/,"Reddit: UK, Ирландия, Австралия, НЗ, Канада"
227,r/MusicTeachers,2026-08-10,"педагог вокала (мюзикл, студенты уровня бакалавриата), вероятно UK (пишет «note-bash», «singing teacher»)",софт-инструменты,2,"Софт для студий закрывает счета и расписание, но не педагогику: нет журнала уроков, истории замечаний и прогресса по вокалу","A lot of music teaching software is understandably built around running a studio: billing, scheduling, parent communication etc. I wanted something much more focused on what actually happens between teacher and student in the lesson, and how that develops over time.",«This is just what I’ve been looking for!! 🤝»,"сделала свой инструмент SONIVA: журнал урока, вокальный дневник замечаний, библиотека упражнений и репертуара с диапазонами, минусовки, портал ученика",педагог сам сделал продукт; есть отклик «именно это искал»,https://www.reddit.com/r/MusicTeachers/comments/1vkqaf0/singing_teachers_ive_built_the_lesson_tracker_i/,"Reddit: UK, Ирландия, Австралия, НЗ, Канада"
228,r/MusicTeachers,2025-08-13,"педагог (вероятно вокала), страна неясна",софт-инструменты,2,Низкая маржа и отторжение AI: педагоги не платят за доп. инструменты и против AI в уроках,"Not gonna lie--as a teacher, I don't pay for extra stuff like this. I've got a thin margin, an already-optimized workflow, and all of this AI-laden crap that folks come up with just serves to disconnect us from the main teachers we have: our own bodies and quality mentorship.",несколько комментариев в треде против AI («I don't want AI in my singing lessons»),уже настроенный процесс работы,отрицательный: «I don't pay for extra stuff like this»,https://www.reddit.com/r/MusicTeachers/comments/1mpbqsj/why_arent_singing_teachers_interested_in_my_free/n8jgy90/,"Reddit: UK, Ирландия, Австралия, НЗ, Канада"
229,r/MusicTeachers,2025-08-13,"педагог онлайн (взрослые ученики, full time), страна неясна",онлайн-уроки,1,Новый инструмент — лишний расход; онлайн-педагог собирает всё из бесплатных сервисов,"I teach adults online full time. I host lessons through discord, which gives me unlimited call time for free. If students want to record their lessons, I direct them to OBS, which is free. I do scheduling through google calendar, which is free.",«AI is a red flag» — поддерживает других в треде,"Discord для звонков, OBS для записи, Google Calendar для расписания",отрицательный: считает платный инструмент «unnecessary expense»,https://www.reddit.com/r/MusicTeachers/comments/1mpbqsj/why_arent_singing_teachers_interested_in_my_free/n8joat5/,"Reddit: UK, Ирландия, Австралия, НЗ, Канада"
230,r/MusicTeachers,2025-08-13,неясно (участник r/MusicTeachers),онлайн-уроки,1,"Онлайн-уроки считаются уроками второго сорта, к технологиям в обучении музыке относятся с недоверием","teaching music is just not a tech-based discipline. Yes plenty of private teachers teach online, but it’s pretty universally considered less-than-ideal.",поддерживает комментарий «The name. Singing carrots?»,,,https://www.reddit.com/r/MusicTeachers/comments/1mpbqsj/why_arent_singing_teachers_interested_in_my_free/n8jhhn6/,"Reddit: UK, Ирландия, Австралия, НЗ, Канада"
231,r/MusicTeachers,2025-08-13,неясно (вероятно педагог),софт-инструменты,1,"Барьер: ученикам надо заводить аккаунт, а педагогу — объяснять, что будет с записями их голоса","Late to this, but I think one issue is students having to make an account. This adds a certain degree of friction to the process from the teacher's end, having to justify why they need to and what happens to the data of the recording, etc.",нет данных,,,https://www.reddit.com/r/MusicTeachers/comments/1mpbqsj/why_arent_singing_teachers_interested_in_my_free/o4amb7b/,"Reddit: UK, Ирландия, Австралия, НЗ, Канада"
232,r/singing,2020-04-08,"педагог вокала (32 частных ученика + группа), страна неясна",онлайн-уроки,2,"Онлайн нельзя аккомпанировать на фортепиано, а минусовка через Zoom звучит плоско без внешнего микрофона","The con would be if the student does not have decent internet, which means they might cut in and out or freeze. Adjusting audio settings can help a lot. The other con is that I cannot accompany on piano and playing an accompaniment track often sounds tinny unless they have an external mic.",OP-педагог: «Con - that lag tho»,"настройки звука Zoom, минусовки, внешний микрофон у ученика",,https://www.reddit.com/r/singing/comments/fx1ons/hows_it_going_on_zoom/fmu77vw/,"Reddit: UK, Ирландия, Австралия, НЗ, Канада"
233,r/singing,2026-05-08,неясно (вероятно педагог вокала онлайн),онлайн-уроки,2,"Сжатие и шумоподавление в Zoom искажают именно то, что важно в вокале: длинные ноты, динамику, верх и резонанс","A teacher will not hear exactly the same thing through Zoom, Meet, or a laptop microphone as they would in the room. Compression, noise suppression, and automatic audio processing can affect sustained notes, dynamics, high notes, and resonance.",другие советуют внешний микрофон,"внешний микрофон, отключить автообработку звука",,https://www.reddit.com/r/singing/comments/1t7ayl5/are_online_lessons_still_effective/om82it0/,"Reddit: UK, Ирландия, Австралия, НЗ, Канада"
234,r/singing,2021-12-09,"педагог вокала (около 10 лет стажа), страна неясна",методика-объяснить-невидимое,2,"Взрослая ученица не различает высоту звука: месяц без прогресса, ученица расстраивается, педагог не знает, что делать",I'll play two notes on the piano over an octave apart and she can't tell me which one is the higher or lower note. This makes it nearly impossible for me to even attempt to get her on pitch because she literally cannot hear.,большой тред; многие советуют визуальную обратную связь по высоте,"приложение для высоты тона или тюнер, Melodyne, подстройка под голос вместо фортепиано, глиссандо",,https://www.reddit.com/r/singing/comments/rclo63/teacher_advice_my_student_is_completely_tone_deaf/,"Reddit: UK, Ирландия, Австралия, НЗ, Канада"
235,r/singing,2021-12-09,"педагог (бывший репетитор по сольфеджио в вузе), страна неясна",методика-объяснить-невидимое,1,"Риск взять ученика, которому педагог не сможет помочь (амузия)",This is why I always do an interview with potential new students to assess them prior to accepting them as a student.,"«Great insight.», «Excellent advice!»",предварительное собеседование и прослушивание перед приёмом,,https://www.reddit.com/r/singing/comments/rclo63/teacher_advice_my_student_is_completely_tone_deaf/hnwcpki/,"Reddit: UK, Ирландия, Австралия, НЗ, Канада"
236,r/singing,2025-05-06,неясно (ответ в треде для педагогов вокала),ученики-ожидания-YouTube,2,Советы блогеров «одна фишка для всех голосов» создают у учеников неверные ожидания,So sick of social media teachers claiming that one thing will work for EVERY voice,"тред с множеством похожих жалоб (диафрагма, тип голоса по диапазону)",,,https://www.reddit.com/r/singing/comments/1kgb89d/voice_teachers_what_are_some_common_vocal_tips/mr0uuyw/,"Reddit: UK, Ирландия, Австралия, НЗ, Канада"
237,r/singing,2025-04-13,"педагог вокала (мюзикл/поп/рок), страна неясна (вероятно США)",прогресс-не-виден,2,Техника с урока не переносится на выступление: на сцене ученица возвращается к старым привычкам,I also don’t want her to pay me and then never use what she’s learning! I’ve heard what she’s capable of and it’s frustrating to hear her revert to bad technique.,"другой педагог: «You are not paid to keep your mouth shut… Signed, a voice teacher.»","обсудить напрямую, работать над навыками выступления",,https://www.reddit.com/r/singing/comments/1jyadhw/my_student_sings_totally_different_at_church_than/,"Reddit: UK, Ирландия, Австралия, НЗ, Канада"
238,r/singing,2025-04-13,исполнитель (неясно),методика-объяснить-невидимое,1,"Между техникой в классе и выступлением с группой разрыв: адреналин, акустика, мониторы",performance skills are a different beast than technique,«Not every instructor has the ability to teach performance skills»,репетиции с микрофоном на уроке,,https://www.reddit.com/r/singing/comments/1jyadhw/my_student_sings_totally_different_at_church_than/mmx3gn8/,"Reddit: UK, Ирландия, Австралия, НЗ, Канада"
239,r/singing,2021-12-08,"педагог вокала (дети), страна неясна (вероятно США)",репертуар-тональности-минусовки,1,"Ребёнок хочет взрослую поп-песню вне своего диапазона; смена тональности не помогает, а отказ может разбить ей сердце","I've tried raising the key, but at this point if I raise it any higher, I might as well be teaching her the aria from The Magic frickin’ Flute.","много советов, 2+ педагога делают так же","альтернативная мелодия или аранжировка, дуэт с педагогом, «песня на вырост»",,https://www.reddit.com/r/singing/comments/rbg2oe/fellow_voice_teachers_how_should_i_tell_a_young/,"Reddit: UK, Ирландия, Австралия, НЗ, Канада"
240,r/singing,2025-09-19,неясно (о Thumbtack/Superprof),поиск-учеников,2,"Платформы поиска учеников берут большую комиссию или плату за заявку, а многие заявки — боты","These are good yeah, but they do take a relatively large cut or charge per lead with lots of leads just being bots.",нет данных,"школы, музыкальные магазины, бесплатные пробные уроки","платит за лиды на платформах, но недоволен",https://www.reddit.com/r/singing/comments/1nkuyj3/how_to_get_started_as_a_voice_coach/nf35dmh/,"Reddit: UK, Ирландия, Австралия, НЗ, Канада"
241,r/singing,2025-09-19,"педагог вокала (full time), США (Милуоки)",поиск-учеников,1,Начинающим педагогам доступна только низкооплачиваемая работа через магазины и школы,small local music stores will often hire teachers part time. The pay is often bad but it’s a good place to get started.,нет данных,"связаться со школами, давать бесплатные уроки для практики",,https://www.reddit.com/r/singing/comments/1nkuyj3/how_to_get_started_as_a_voice_coach/nf35wtq/,"Reddit: UK, Ирландия, Австралия, НЗ, Канада"
242,r/singing,2025-11-05,"педагог вокала + исполнитель (классика), страна неясна",выгорание-изоляция,2,Сценический страх и неуверенность у самого педагога (импостер-синдром),"i’m a voice teacher. i sounded really good with the song i had chosen to sing when i was practicing in my room. but when i performed last night i was so nervous for some reason, i was breathless and shaky and off key at some points",нет данных,,,https://www.reddit.com/r/singing/comments/1op8q67/im_a_classically_trained_vocalist_of_almost_a/,"Reddit: UK, Ирландия, Австралия, НЗ, Канада"
243,r/AusFinance,2023-11-01,"педагог музыки (контрактор в студии, инструмент не указан), Австралия",оплата-цены,2,"Хозяйка музыкальной студии не платила пенсионные взносы (super) педагогам-контракторам, а теперь хочет вычесть их из почасовой ставки",I am a contractor (music education) and has been working at my current work place for 3 years. I recently found out that we are entitled to superannuation and have not been made aware of it,нет данных,угроза пожаловаться в налоговую (ATO),,https://www.reddit.com/r/AusFinance/comments/17kzv39/my_employer_wants_to_take_super_out_of_my_hourly/,"Reddit: UK, Ирландия, Австралия, НЗ, Канада"
244,NATS Inter Nos (Independent Voices),2018 (Spring),"педагог вокала (частный), США — Cynthia Vaughn, обзор форумов педагогов",ученики-практика,2,"Типовой набор студийных проблем: опоздания, неявки, не занимаются, не нравится репертуар, родители вмешиваются",Some of the most common boundary issues deal with: STUDIO • Students who arrive early • Students who arrive late • Students who don’t show up at all • Students who don’t like the rep • Students who don’t practice • Siblings who disrupt lessons • Parents who critique and micromanage lessons,Автор: по слову «boundaries» в соцсетевых форумах педагогов вокала «more results than you could possibly read in an evening»; ответы от «How dare they!» до «I hear you!»,"Письменная студийная политика, «paper trail», ссылка на пункт политики",,https://www.nats.org/_Library/Independent_Voices_Articles/Independent_Voices_023_-_Boundaries_and_Lesson_Rates_-_Spring_2018.pdf,"Вне Reddit: ассоциации, блоги, подкасты педагогов вокала"
245,NATS Inter Nos (Independent Voices),2018 (Spring),"педагог вокала (частный), США — обзор форумов",оплата-цены,2,Задержки оплаты и конфликты из-за оплаты пропущенных уроков,BILLING • Students/Parents who don’t pay on time • Students/Parents who are confrontational about paying for missed lessons,Тема названа одной из самых частых в Facebook-группах (NATS Chats for Voice Teachers и др.),"Жёсткая политика, письменные правила",,https://www.nats.org/_Library/Independent_Voices_Articles/Independent_Voices_023_-_Boundaries_and_Lesson_Rates_-_Spring_2018.pdf,"Вне Reddit: ассоциации, блоги, подкасты педагогов вокала"
246,NATS Inter Nos (Independent Voices),2018 (Spring),"педагог вокала (частный), США — обзор форумов",время-неоплачиваемый-труд,2,Коммуникация с учениками/родителями размывает границы рабочего времени,"COMMUNICATION • Students/Parents who don’t communicate or respond to emails, voice messages, or texts • Students/Parents who text or call at all hours and expect an immediate response",Частая тема в форумах педагогов вокала,«It is ok to ask. It is ok to say no.»,,https://www.nats.org/_Library/Independent_Voices_Articles/Independent_Voices_023_-_Boundaries_and_Lesson_Rates_-_Spring_2018.pdf,"Вне Reddit: ассоциации, блоги, подкасты педагогов вокала"
247,NATS Inter Nos (Independent Voices),2018 (Spring),"педагог вокала (частный), США — редактор Independent Voices",оплата-цены,1,"Вопрос «сколько брать» постоянно всплывает, но обсуждать цены в ассоциации нельзя — нет ориентиров по ставкам",NATS specifically does not allow discussion of rates in any of its forums because such discussion could be viewed from a legal standpoint as collusion and open the association to legal action and fines from the federal government.,"«Some discussions never die, they just recycle.»",Самостоятельно изучать локальный рынок,,https://www.nats.org/_Library/Independent_Voices_Articles/Independent_Voices_023_-_Boundaries_and_Lesson_Rates_-_Spring_2018.pdf,"Вне Reddit: ассоциации, блоги, подкасты педагогов вокала"
248,NATS Inter Nos (Independent Voices),2019 (Spring),"педагог вокала (частный), США — Cynthia Vaughn, ~30 получасовых уроков в неделю",отмены-болезни,2,Отмены из-за болезней в сезон простуд и риск заразиться от учеников,"One of the biggest challenges for independent studio teachers, especially during cold and flu season, is how to avoid cancellations while keeping sickness out of your studio.",нет данных,"Политика «No Make-Up», предоплата за семестр, ученик может «поделиться» уроком с братом/другом/родителем",,https://www.nats.org/_Library/Independent_Voices_Articles/Independent_Voices_Spring_2019_-_Drop-In_Lesson_Sharing_for_Cancellations.pdf,"Вне Reddit: ассоциации, блоги, подкасты педагогов вокала"
249,NATS Inter Nos (Independent Voices),2019 (Spring),"педагог вокала (частный), США",отмены-болезни,2,Отработки пропущенных уроков разоряют и вызывают обиду,"If I offered a “makeup” for every student who was sick or out of town or had a tech rehearsal for the high school play, then I’d become resentful and, most likely, broke.",нет данных,Lesson-sharing вместо отработок,,https://www.nats.org/_Library/Independent_Voices_Articles/Independent_Voices_Spring_2019_-_Drop-In_Lesson_Sharing_for_Cancellations.pdf,"Вне Reddit: ассоциации, блоги, подкасты педагогов вокала"
250,NATS Inter Nos (Independent Voices),2019 (Spring),"педагог вокала (частный), США",голос-педагога,2,"Больные ученики приходят, чтобы не терять оплаченный урок, и заражают педагога (угроза голосу педагога)","In the past, a student who was sick might opt to come to their lesson anyway since they had already paid, bringing their germs with them!",нет данных,Разрешить передать урок другому человеку,,https://www.nats.org/_Library/Independent_Voices_Articles/Independent_Voices_Spring_2019_-_Drop-In_Lesson_Sharing_for_Cancellations.pdf,"Вне Reddit: ассоциации, блоги, подкасты педагогов вокала"
251,NATS Inter Nos (Independent Voices),2025 (Fall),"педагог вокала (частный) + преподаватель NYU, США (Нью-Йорк) — David Sisco",мотивация-бросают,2,Ученики исчезают без объяснений — удар по доходу и самооценке,"There is nothing quite like being ghosted by a student. It’s like a pratfall into the abyss. It can be especially hard on the independent voice teacher, who prides themselves not only on cultivating a healthy, flourishing studio, but also on maintaining steady income through consistent clients.","«I am struck by how rarely we discuss how to process a student leaving our studio, despite many of us having experienced it.»","Вводная диагностика целей, регулярно спрашивать обратную связь, SWOT по отношениям",,https://www.nats.org/_Library/Independent_Voices_Articles/Ghosted_-_When_a_Student_Leaves_the_Studio.pdf,"Вне Reddit: ассоциации, блоги, подкасты педагогов вокала"
252,NATS Inter Nos (Independent Voices),2025 (Fall),"педагог вокала (частный), США",выгорание-изоляция,2,Уступчивость ученикам ведёт к перегрузке и обиде,"I, for one, struggle with boundaries. I want to be seen as accommodating by my clients, and yet, this sometimes leads me to overextend myself and feel resentful when it is not acknowledged.",нет данных,"Work-life balance, границы",,https://www.nats.org/_Library/Independent_Voices_Articles/Ghosted_-_When_a_Student_Leaves_the_Studio.pdf,"Вне Reddit: ассоциации, блоги, подкасты педагогов вокала"
253,NATS Inter Nos (Independent Voices),2025 (Fall),"педагог вокала (частный), США — Felix Graham (цит. в статье Sisco)",мотивация-бросают,1,Ученики уходят из-за денег или неготовности к процессу,"A lot of times, there are financial considerations. Sometimes, you’re saying things they absolutely need to hear, but they’re not ready to internalize the process and they need to be at that point before they can move on.",нет данных,"«99% of the time, it is not about you at all»",,https://www.nats.org/_Library/Independent_Voices_Articles/Ghosted_-_When_a_Student_Leaves_the_Studio.pdf,"Вне Reddit: ассоциации, блоги, подкасты педагогов вокала"
254,NATS Inter Nos (Independent Voices),2026 (Spring),"педагог вокала (частный) + исполнитель, США (Колорадо) — Dr. Juline Gilmore",сертификация-квалификация,2,Частного педагога воспринимают ниже университетских коллег; синдром самозванца,His assumption — that he was the expert and I was the one in need of guidance — hit me like a tidal wave.,нет данных,"Сообщества (The SpeakEasy Cooperative, NATS), сертификация по CCM",Получила сертификат commercial music (Shenandoah),https://www.nats.org/_Library/Independent_Voices_Articles/Imposter_Syndrome_as_a_Private_Voice_Teacher_-_Spring_2026_Inter_Nos.pdf,"Вне Reddit: ассоциации, блоги, подкасты педагогов вокала"
255,NATS Inter Nos (Independent Voices),2026 (Spring),"педагог вокала (частный), США",выгорание-изоляция,2,Синдром самозванца сохраняется даже при полной студии (30 учеников и лист ожидания),imposter syndrome doesn’t vanish when you achieve something. It doesn’t disappear when your business is thriving. It doesn’t disappear when students succeed or when colleagues praise your work.,«Hearing others speak openly about their own doubts made mine feel less isolating»,Сообщества педагогов,,https://www.nats.org/_Library/Independent_Voices_Articles/Imposter_Syndrome_as_a_Private_Voice_Teacher_-_Spring_2026_Inter_Nos.pdf,"Вне Reddit: ассоциации, блоги, подкасты педагогов вокала"
256,NATS Inter Nos (Independent Voices),2026 (Spring),"педагог вокала (частный), США",стыд-страх-учеников,1,"Ученики-подростки боятся осуждения, сравнения, срыва голоса","Most singers, especially teenagers and young adults, wrestle with their own versions of “not enough.” They fear being judged, being seen, being compared, and being disappointed. They fear the cracking voice, the missed entrance, the imperfect breath.",нет данных,Эмоциональная безопасность на уроке,,https://www.nats.org/_Library/Independent_Voices_Articles/Imposter_Syndrome_as_a_Private_Voice_Teacher_-_Spring_2026_Inter_Nos.pdf,"Вне Reddit: ассоциации, блоги, подкасты педагогов вокала"
257,NATS Inter Nos (Independent Voices),2026 (Spring),"педагог вокала (частный), США",поиск-учеников,1,"Построение студии с нуля в новом городе требует бизнес-навыков, которых у педагога нет","I hired a professional to develop my branding and scheduled new headshots so everything looked intentional. [...] I also worked with a business coach and completed an intensive 10-month program for voice teachers, which helped me streamline my systems and learn how to run my studio more effectively.",нет данных,"Брендинг, бизнес-коуч, 10-месячная программа для педагогов вокала, соцсети, школьные концерты","Платила за брендинг, фотосессию, бизнес-коуча и 10-месячную программу для педагогов вокала",https://www.nats.org/_Library/Independent_Voices_Articles/Imposter_Syndrome_as_a_Private_Voice_Teacher_-_Spring_2026_Inter_Nos.pdf,"Вне Reddit: ассоциации, блоги, подкасты педагогов вокала"
258,NATS Inter Nos (Independent Voices),2023 (Spring),"педагог вокала (детский) + создатель контента, Канада — Nikki Loney (FULL VOICE Music)",время-неоплачиваемый-труд,2,"30 минут не хватает на теорию, сольфеджио, подготовку к прослушиваниям; бесплатные отработки и групповые",The 30-minute lesson was now a stressful rush for my students and me. It was misery when they were a few minutes late. I struggled at recital time. I gave away my time for free with group lessons and endless make-up lessons.,нет данных,Перешла на 45-минутные уроки для всех,,https://www.nats.org/_Library/Independent_Voices_Articles/The_End_of_the_30-Minute_Lesson.pdf,"Вне Reddit: ассоциации, блоги, подкасты педагогов вокала"
259,NATS Inter Nos (Independent Voices),2023 (Spring),"педагог вокала (детский), Канада",время-неоплачиваемый-труд,1,Отчётные концерты — неоплачиваемая подготовка,"Recitals are a lot of work. The more students you have, the longer the concert will be and the more unpaid prep work and worry for the teacher.",нет данных,"Меньше учеников, длиннее уроки",,https://www.nats.org/_Library/Independent_Voices_Articles/The_End_of_the_30-Minute_Lesson.pdf,"Вне Reddit: ассоциации, блоги, подкасты педагогов вокала"
260,NATS Inter Nos (Independent Voices),2023 (Spring),"педагог вокала (детский), Канада",время-неоплачиваемый-труд,2,"Много коротких уроков = много админки: подбор репертуара, письма, сообщения родителям; усталость к концу дня","I could have up to 14 students in my early teaching days in a workday. Now my max is FIVE. [...] That means fewer repertoire dilemmas, emails, texts, phone calls, and follow-ups with mom and dad.",нет данных,Сократить число учеников,,https://www.nats.org/_Library/Independent_Voices_Articles/The_End_of_the_30-Minute_Lesson.pdf,"Вне Reddit: ассоциации, блоги, подкасты педагогов вокала"
261,NATS Inter Nos (Independent Voices),2018 (Spring),"педагог вокала (частный), США — Cynthia Vaughn",выгорание-изоляция,2,Работа до полного истощения,It would be very helpful to have a FUEL RANGE INDICATOR for my life. Like many of my colleagues I often keep going and going until I run out of mental and physical fuel.,«Like many of my colleagues»,«12 Tiny Changes» — мелкие привычки,,https://www.nats.org/_Library/Independent_Voices_Articles/Independent_Voices_02_-_Associate_Editor_-_Running_on_Empty_-_Spring_2018.pdf,"Вне Reddit: ассоциации, блоги, подкасты педагогов вокала"
262,NATS Inter Nos (Independent Voices),2019 (Spring),"владелец студии/педагог вокала, США (Портленд) — Deanna Maio",время-неоплачиваемый-труд,2,"Педагог сам делает всё: звонки, напоминания, расписание, маркетинг, почту, ноты","Let’s face it. If you are an independent teacher or studio owner, your time and money are worth more when you are able to concentrate on what you do best. But when it’s just you, you’ve got to do it all.",нет данных,"Виртуальный ассистент; Google Calendar, Acuity, My Music Staff, forScore, Evernote","Предлагает платить VA; упомянуты платные My Music Staff, Acuity",https://www.nats.org/_Library/Independent_Voices_Articles/Independent_Voices_Spring_2019_-_Virtual_Asistant.pdf,"Вне Reddit: ассоциации, блоги, подкасты педагогов вокала"
263,NATS Inter Nos (опрос в соцсетевых форумах педагогов вокала),2017 (Spring),"педагог вокала + исполнитель, США — Maryann Kyle",выгорание-изоляция,2,Длинные учебные дни изматывают,"Regarding self care for the voice teacher, I realize that I'm not a good model. I would probably teach until I dropped. [...] If I look at the number of hours I have to teach that day it will exhaust me.",Много ответов педагогов в той же подборке про усталость и выходные,"Не смотреть на всё расписание, хобби «zone out»",,https://www.nats.org/_Library/Independent_Voices_Articles/InterNos_spring_2017_-_Independent_Voices_-_Self_Care_for_Studio_Teachers.pdf,"Вне Reddit: ассоциации, блоги, подкасты педагогов вокала"
264,NATS Inter Nos (опрос в форумах),2017 (Spring),"педагог вокала + исполнитель, США — Gina Razon",выгорание-изоляция,2,"Преподавание вытесняет собственное творчество, появляется обида на учеников","Know your work personality and try to accommodate your needs. I need time for artistic pursuits or I resent my students. My solution is three hard-packed teaching days and four days ""off"" to be an artist.",нет данных,"3 плотных дня преподавания, 4 дня для творчества",,https://www.nats.org/_Library/Independent_Voices_Articles/InterNos_spring_2017_-_Independent_Voices_-_Self_Care_for_Studio_Teachers.pdf,"Вне Reddit: ассоциации, блоги, подкасты педагогов вокала"
265,NATS Inter Nos (опрос в форумах),2017 (Spring),"педагог вокала (частный), США — Catherine Coleman Boone",голос-педагога,2,Вечерние уроки → недосып → болезни педагога,"No teaching past 8:30pm, no exceptions. If I teach later, then getting to bed at a decent hour isn't probable, and, since I get up with my children in the morning to get them to school, little sleep leads me to illness.",нет данных,"Жёсткий лимит времени уроков, закрытые недели без преподавания",,https://www.nats.org/_Library/Independent_Voices_Articles/InterNos_spring_2017_-_Independent_Voices_-_Self_Care_for_Studio_Teachers.pdf,"Вне Reddit: ассоциации, блоги, подкасты педагогов вокала"
266,NATS Inter Nos (Independent Voices),2026 (Spring),"педагог вокала онлайн (Outschool), США — Elizabeth Turner",выгорание-изоляция,2,Онлайн-рост до 100+ учеников в неделю привёл к выгоранию и тревоге за результаты учеников,"In 2020, my private online teaching skyrocketed, with more than 100 voice and piano students a week. [...] But I was starting to feel burnt out and wasn’t sure I could give so many private students my time and energy. I was stressing myself out if a student didn’t get a full scholarship to Berklee.",нет данных,"Сместить цель на радость от пения, а не конкурсы",Работает через платформу Outschool,https://www.nats.org/_Library/Independent_Voices_Articles/Singing_for_Joy_-_Spring_2026_Inter_Nos.pdf,"Вне Reddit: ассоциации, блоги, подкасты педагогов вокала"
267,NATS Inter Nos (Independent Voices),2023 (Spring),"педагог вокала (частный, пожилые ученики), США — Anna Diemer",онлайн-уроки,2,"Потеря учеников при переходе в онлайн; звук, задержка, связь","At the beginning of the pandemic, I sadly lost a few students because they were unable or unwilling to make the switch to online lessons. [...] In the beginning, we had the typical audio, latency, and internet connectivity problems that everyone had while figuring out the shift to going online",«the typical ... problems that everyone had»,FaceTime/Skype; при сбое — FaceTime на телефоне или аудиоурок; forScore на iPad,,https://www.nats.org/_Library/Independent_Voices_Articles/Teaching_Older_Adult_Singers_Online.pdf,"Вне Reddit: ассоциации, блоги, подкасты педагогов вокала"
268,NATS Inter Nos (Feature),2021 (Fall),"педагог вокала (университет), США — Lynn Eustis",онлайн-уроки,2,"Технический хаос онлайн-уроков вокала: звук, оборудование, спецсофт","Eventually we learned how to share files and links in the chat, how to draw using the Whiteboard function, and how to say “You’re on mute” approximately 35 times a day without going insane. By the summer we were all settling into the dreaded new normal: our FaceBook feeds were full of posts about SoundJack, Cleanfeed, open-back headphones, and external microphones.","«our FaceBook feeds were full of posts about SoundJack, Cleanfeed...» — массовое обсуждение","SoundJack, Cleanfeed, открытые наушники, внешние микрофоны",Покупка внешних микрофонов/наушников,https://www.nats.org/_Library/Inter_Nos_Issues/InterNos_Fall21_reduced.pdf,"Вне Reddit: ассоциации, блоги, подкасты педагогов вокала"
269,NATS Inter Nos (Feature),2021 (Fall),"педагог вокала (университет), США",выгорание-изоляция,2,"Изоляция профессии, усиленная онлайном",Our profession has often been described as a lonely one because we do most of our work apart from our colleagues. The online environment has exacerbated this.,«has often been described as a lonely one»,Онлайн-студийные классы для сообщества,,https://www.nats.org/_Library/Inter_Nos_Issues/InterNos_Fall21_reduced.pdf,"Вне Reddit: ассоциации, блоги, подкасты педагогов вокала"
270,nats.org,2016-05-20,"педагог вокала (частный), США — Diana McCullough",выгорание-изоляция,1,"Одиночество частного педагога, коллеги воспринимаются как конкуренты",Teaching in a private studio can be a lonely endeavor,нет данных,"Совместные отчётные концерты, обмен ресурсами с коллегами",,https://www.nats.org/cgi/page.cgi/_article.html/What_s_New/Lessons_in_Collegiality,"Вне Reddit: ассоциации, блоги, подкасты педагогов вокала"
271,NATS Inter Nos (Independent Voices),нет даты (ок. 2016),"педагог вокала (частный), США (Сиэтл) — Nancy Bos",выгорание-изоляция,1,"Изоляция; нужен круг коллег для замен при болезни, аккомпаниаторов, направлений учеников","It is tempting for an independent voice teacher, especially a fiercely independent voice teacher like me, to keep to myself.",нет данных,"Локальная сеть коллег: «Substitute-teacher pool for when I was sick», «Accompanist referrals»",,https://www.nats.org/_Library/Independent_Voices_Articles/voice_teachers_networking_community.pdf,"Вне Reddit: ассоциации, блоги, подкасты педагогов вокала"
272,NATS Inter Nos (Independent Voices),2023 (Spring),"педагог вокала, владелец студии, США (Огайо) — Christin Coffee Rondeau",стыд-страх-учеников,1,Подростки винят себя за любые трудности в пении,Pre-teens and teens are so quick to blame themselves for any difficulty in their singing!,нет данных,Мини-группы («semi-private lessons»),,https://www.nats.org/_Library/Independent_Voices_Articles/The_Elevation_of_Semi-Private_Lessons.pdf,"Вне Reddit: ассоциации, блоги, подкасты педагогов вокала"
273,NATS Inter Nos (Independent Voices),2023 (Spring),"педагог вокала (частный), США — Cynthia Vaughn",оплата-цены,1,"Клиенты не принимают групповые форматы, доход ограничен 1:1","Let’s face it. “Group Voice” in the independent studio has had a serious image problem. [...] However, we’ve lamented the lack of buy-in from clients. Most parents and students have been conditioned to believe that private lessons are always best.",«As a voice teacher community we’ve been discussing ... for years»,Ребрендинг групп в «semi-private lessons»,,https://www.nats.org/_Library/Independent_Voices_Articles/The_Elevation_of_Semi-Private_Lessons.pdf,"Вне Reddit: ассоциации, блоги, подкасты педагогов вокала"
274,NATS Inter Nos (Independent Voices),2022 (Fall),"педагог вокала/фортепиано, США (Нью-Йорк) — Brenda Earle Stokes",репертуар-тональности-минусовки,2,Педагоги вокала не умеют аккомпанировать; нанять аккомпаниатора/коуча слишком дорого,"Unfortunately, they still can’t function properly at the keyboard, which is a source of great frustration and shame.",«I have taught hundreds of singers and voice teachers to play piano»,"Функциональное фортепиано: упражнения, аккорды в 12 тональностях, «fake» аккомпанемент",Педагоги платят за курсы фортепиано для вокалистов,https://www.nats.org/_Library/Independent_Voices_Articles/Piano_Skills_for_Singers_and_Voice_Teachers.pdf,"Вне Reddit: ассоциации, блоги, подкасты педагогов вокала"
275,NATS Inter Nos (Independent Voices),2025 (Fall),"педагог вокала (частный, только взрослые), США — Kim Lamoureux",стыд-страх-учеников,1,Отчётные концерты вызывают у взрослых учеников тревогу и разочарование,"Preparing intensively for just one or two songs often placed a lot of pressure on singers. [...] This often led to a perfectionistic mindset, preparation anxiety, and, too often, the end result of this combination was a performance that my students couldn’t help but be disappointed with.",нет данных,"Длинный формат «Showcase» по 10–20 минут с темой, подготовка 4 месяца",,https://www.nats.org/_Library/Independent_Voices_Articles/Why_I_ll_Never_Do_Another_Student_Recital.pdf,"Вне Reddit: ассоциации, блоги, подкасты педагогов вокала"
276,NATS Inter Nos (Independent Voices),2021 (Fall),"педагог вокала (частный, взрослые), США — Dr. Heather Nelson",стыд-страх-учеников,1,"Взрослые приходят с привычками и стыдом, стыд проявляется как зажим","Adults rarely come in as clean slates when it comes to singing. There are habits, compensations, well-developed skills, and baggage to sift through. [...] Shame can manifest as tension when we are afraid to really let loose in case we are judged.",нет данных,"Быстрые победы для доверия, работа со «слоями»",,https://www.nats.org/_Library/Independent_Voices_Articles/_21Fall_Let_s_Kick_Shame_to_the_Curb.pdf,"Вне Reddit: ассоциации, блоги, подкасты педагогов вокала"
277,Journal of Singing (колонка The Independent Teacher),2018 (Sept/Oct),"педагог вокала (частный + университет), США — Brian Manternach",терминология,1,"Терминология вокала субъективна, каждый ученик понимает слова по-своему","“Support,” “open throat,” and “head voice” are examples of terms that can have vastly different definitions from student to student.",Цитирует противоречащих друг другу оперных певцов о «placement»,"Строить общий словарь с каждым учеником, спрашивать об ощущениях",,https://vocology.utah.edu/_resources/documents/loaded_words_finding_the_right_place_for_placement_manternach.pdf,"Вне Reddit: ассоциации, блоги, подкасты педагогов вокала"
278,Journal of Singing (колонка The Independent Teacher),2018 (Sept/Oct),"педагог вокала, США",методика-объяснить-невидимое,1,Образные термины (placement) — источник путаницы и споров,Placement offers a treasure trove of tried and true solutions for some teachers while it presents a Pandora’s box of problems for others.,Ссылка на 1945: «confusion has been widespread and harmful»,Связывать термин с индивидуальным ощущением,,https://vocology.utah.edu/_resources/documents/loaded_words_finding_the_right_place_for_placement_manternach.pdf,"Вне Reddit: ассоциации, блоги, подкасты педагогов вокала"
279,NATS Inter Nos (Independent Voices),2025 (Fall),"педагоги вокала, США — Megan Durham и Christina Kent",здоровье-голоса-учеников,1,"Педагог берёт на себя ответственность за вокальное здоровье ученика — роль «спасателя», перфекционизм, compassion fatigue","With the best of intentions, we may position ourselves as the one who knows best — we are responsible for the student’s vocal health, beauty, and freedom.",«Compassion fatigue and burnout are not signs of failure; they are signs of deep investment.»,Давать ученику агентность,,https://www.nats.org/_Library/Independent_Voices_Articles/A_Place_to_Fall_-_Unlearning_Perfectionism_in_the_Voice_Studio.pdf,"Вне Reddit: ассоциации, блоги, подкасты педагогов вокала"
280,NATS Inter Nos,2015 (Fall),"педагог вокала (университет), США — Theresa Brancaccio",здоровье-голоса-учеников,1,"Ученики не отслеживают нагрузку на голос (речь, хор, работа)","Since so many students and young professionals are often unaware of the actual workload their vocal folds manage on a daily basis, I created a simple tool.",«At least half the students are surprised at how much voice they have “spent.”»,Бумажный трекер «Vocal Use Points» — неделя учёта,,https://www.nats.org/_Library/Independent_Voices_Articles/F15_vocal_use_points_tracker.pdf,"Вне Reddit: ассоциации, блоги, подкасты педагогов вокала"
281,NATS Inter Nos (Independent Voices),2022 (Spring),"педагог вокала, США (Сан-Франциско) — Heidi Moss Erickson",ученики-ожидания-YouTube,1,"YouTube-уроки, шоу и «гуру» перегружают учеников техникой","Of course, with that, came the techniques, the strategies, the YouTube tutorials, the American Idol contests, and (not surprisingly) the gurus.",нет данных,Добавлять «игру» в практику,,https://www.nats.org/_Library/Independent_Voices_Articles/Making_Play_a_Part_of_Practice_-_Spring_2022_-_Heidi_Moss_Erickson.pdf,"Вне Reddit: ассоциации, блоги, подкасты педагогов вокала"
282,susandaviesvoice.com (блог),нет года (16 марта),"педагог вокала (частный), США (Милуоки) — Susan Davies",ученики-ожидания-YouTube,1,"Ученики приходят запутанными соцсетями, ждут быстрых результатов","Learning to sing from social media can increase confusion & frustration, with few vocal gains.",нет данных,"Объяснять, что пение — моторный навык, требующий времени",,https://www.susandaviesvoice.com/post/are-singing-lessons-worth-it-what-you-really-gain-from-voice-training,"Вне Reddit: ассоциации, блоги, подкасты педагогов вокала"
283,susandaviesvoice.com (блог),нет года (16 марта),"педагог вокала (частный), США",ученики-ожидания-YouTube,1,Ожидание быстрого результата под влиянием коротких видео,"Singing isn't a quick fix, no matter what social media would lead you to believe.",нет данных,,,https://www.susandaviesvoice.com/post/are-singing-lessons-worth-it-what-you-really-gain-from-voice-training,"Вне Reddit: ассоциации, блоги, подкасты педагогов вокала"
284,voicescience.org (подкаст/блог),2026-02-01,"вокальный коуч, США — Timothy Wilds",ученики-практика,2,"Не занимаются между уроками, неявки, опоздания, нерегулярное посещение",students who do nothing between lessons; the 'no show' student or those always late; or the 'on-and-off' student,нет данных,Ставить ясные цели и ожидания,,https://www.voicescience.org/2026/02/podcast/improving-the-voice-training-experience/,"Вне Reddit: ассоциации, блоги, подкасты педагогов вокала"
285,voicescience.org (подкаст/блог),2026-02-01,"вокальный коуч, США",прогресс-не-виден,2,"Отсутствие практики и прогресса ведёт к уходу ученика, причём винят педагога («they usually blame the teacher, not themselves»)","Left unaddressed, they often result in disinterest leading to the student disappearing",нет данных,Обещать результат при условии работы,,https://www.voicescience.org/2026/02/podcast/improving-the-voice-training-experience/,"Вне Reddit: ассоциации, блоги, подкасты педагогов вокала"
286,The SpeakEasy Cooperative (блог для бизнеса педагогов вокала),2022-08-11,"педагог вокала + бизнес-коуч для педагогов, США — Michelle Markwart Deveaux, Jessica Baldwin",оплата-цены,3,Хроническое занижение цен: педагоги вокала не могут платить аренду и кредиты,You have colleagues right now who can't pay rent. Can't pay off their student loans. Can't buy a car.,«the first creative block the voice teachers in my business face is that they're overworked and underpaid» — наблюдение по многим клиентам,Повышать ставки; «they lose few to no students once they raise their rates»,Педагоги платят за членство/коучинг SECO,https://thespeakeasycooperative.com/blog/imperative-voice-teachers-increase-rates/,"Вне Reddit: ассоциации, блоги, подкасты педагогов вокала"
287,The SpeakEasy Cooperative (блог),2023-06-26,"бизнес-коуч для педагогов вокала, США (цитирует типичный страх педагогов)",оплата-цены,2,Страх поднять цены и потерять учеников/разозлить клиентов,Am I gonna break my business and lose all my clients?,«They are afraid to make clients angry with them» — типичный паттерн клиентов коуча,"Расчёт минимальной выручки, решение на данных",,https://thespeakeasycooperative.com/blog/should-you-raise-your-rates-data-driven-guide/,"Вне Reddit: ассоциации, блоги, подкасты педагогов вокала"
288,The SpeakEasy Cooperative (блог),2021-03-18,"бизнес-коуч для педагогов вокала, США — Michelle Markwart Deveaux",отмены-болезни,2,"Оплата за урок = тревога об отменах, отработках, нестабильном доходе; низкие цены ведут к выгоранию",There is also fret about getting paid when a service is canceled. Introduces make-ups and no-shows and cancellation policies.,нет данных,"Абонемент/tuition-модель: «No more worrying about cancellation, and time, and inconsistent paychecks»",,https://thespeakeasycooperative.com/blog/tuition-pricing-models-for-voice-studios/,"Вне Reddit: ассоциации, блоги, подкасты педагогов вокала"
289,airandinkstudio.com (блог),нет даты,"педагог вокала онлайн, неясно (вероятно США) — Christina White",онлайн-уроки,2,Задержка и шумоподавление Zoom портят онлайн-урок («Zoom doesn't recognize music as anything but noise»),Lag can make or break an online voice lesson.,нет данных,"Инструкции ученикам: проводной интернет, отключить шумоподавление, внешний микрофон, открытые наушники",,https://airandinkstudio.com/online-voice-lessons/,"Вне Reddit: ассоциации, блоги, подкасты педагогов вокала"
290,rebeccareidsingingstudio.com (блог),2024-12-30,"педагог вокала (частный, онлайн), UK (Северная Ирландия) — Rebecca Reid",онлайн-уроки,2,Задержка; Zoom глушит минусовку и аккомпанемент («can cause backing tracks and piano accompaniment to cut out»),Latency (audio delay) is one of the biggest challenges in online lessons.,нет данных,"Ученик включает минусовку у себя, настройка «original sound»",,https://www.rebeccareidsingingstudio.com/post/backing-tracks-online-singing-lessons,"Вне Reddit: ассоциации, блоги, подкасты педагогов вокала"
291,lauraboonvoice.co.uk (блог),нет года (6 октября),"педагог вокала (частный + онлайн), UK (Кентербери) — Laura Boon",репертуар-тональности-минусовки,2,Онлайн нельзя аккомпанировать — ученик должен сам найти минусовку в нужной тональности; при плохом свете педагог не видит лицо и челюсть,"I can't accompany you live at the piano online, so please: Find backing tracks in the correct keys to match your sheet music",нет данных,"Минусовки на отдельном устройстве, a cappella и call-and-response",,https://www.lauraboonvoice.co.uk/blog/how-to-get-the-best-out-of-online-singing-lessons,"Вне Reddit: ассоциации, блоги, подкасты педагогов вокала"
292,novarmusic.com (блог Novar Music Learning Centre),2013-09,"педагог вокала (частный), неясно (вероятно Австралия — «Speech Pathologist»)",голос-педагога,3,"Педагог потеряла голос на 7 недель и октаву диапазона, петь больно — а голос нужен для работы каждый день",a tight strained throat reminded me each day how much I use my voice when teaching students.,нет данных,ЛОР и логопед (speech pathologist),Оплата ЛОРа и логопеда,https://novarmusic.com/oh-dear-ive-lost-my-voice/,"Вне Reddit: ассоциации, блоги, подкасты педагогов вокала"
293,nats.org (опрос NATS + PracticeCraft),2021-08-17,"опрос членов NATS (педагоги вокала), США и др.",оплата-цены,2,"Пандемия: 59% потеряли доход, у 34% смена/потеря работы; потерявшие доход почти вдвое чаще оценивали опыт негативно",more than 70% of respondents reported an income change,Опрос членов ассоциации (количественные данные),Большинство планирует оставить онлайн-преподавание,,https://nats.org/cgi/page.cgi/_article.html/What_s_New/Majority_of_singing_teachers_plan_to_teach_online_post-pandemic_according_to_survey,"Вне Reddit: ассоциации, блоги, подкасты педагогов вокала"
294,community.thumbtack.com,2025-04,"педагог вокала (частный), US (ник Voiceteacheremily)",поиск-учеников,2,Платные лиды на Thumbtack в основном пустые — деньги на привлечение учеников уходят впустую,"I tend to get my leads from Thumbtack, but there are a lot of wasted leads and therefore a lot of wasted money","в треде другие педагоги музыки делятся альтернативами (Lessons.com, сарафан, Facebook ads, Nextdoor, флаеры) — проблема общая","ищет альтернативы: сарафанное радио, свой сайт, Lessons.com","платит за лиды на Thumbtack, но недовольна отдачей",https://community.thumbtack.com/discussion/1825/independent-music-teachers-where-do-you-get-your-leads,Вне Reddit: платформы и инструменты педагогов вокала
295,community.thumbtack.com,2025-05,"частный педагог музыки (инструмент неясен), US",поиск-учеников,3,"Педагог влез в кредитные долги, покупая лиды для поиска учеников",I have gone into credit card debt trying to find leads!,"тот же тред, где педагог вокала жалуется на пустые лиды",ограничила максимальную цену лида на Thumbtack — лиды всё равно приходят,тратит деньги на лидогенерацию сверх возможностей,https://community.thumbtack.com/discussion/1825/independent-music-teachers-where-do-you-get-your-leads,Вне Reddit: платформы и инструменты педагогов вокала
296,community.thumbtack.com,"нет точной даты (Feb 24, год не указан)","неясно (музыкант на Thumbtack), US",поиск-учеников,2,"$30–40 за лид, клиент не отвечает",Spending $30–$40 per lead only to get radio silence is exhausting,"тред целиком о том же: другие пишут, что ~75% клиентов не отвечают",,платит $30–40 за лид,https://community.thumbtack.com/discussion/201/musicians-and-event-professionals-on-thumbtack-paying-for-non-responsive-clients,Вне Reddit: платформы и инструменты педагогов вокала
297,community.thumbtack.com,2021-09,"неясно (музыкант-исполнитель/преподаватель), NYC, US",поиск-учеников,2,Три четверти купленных лидов не отвечают,about 75% of the clients simply won't respond to texts or phone calls,поддержано в треде несколькими профессионалами,использует несколько маркетинговых платформ,"платит за лиды, цена выше в NYC",https://community.thumbtack.com/discussion/201/musicians-and-event-professionals-on-thumbtack-paying-for-non-responsive-clients,Вне Reddit: платформы и инструменты педагогов вокала
298,community.thumbtack.com,2023-11,"педагог другого инструмента (гитара), US",поиск-учеников,2,"Списание денег за лид, которого даже не видно в кабинете и который не ответил",I just got charged $30 for a lead that never posted on my 'direct leads' tab and the potential client never responded.,другие про: 'you really have to work it'; админ советует выставить Max Lead Price,настройка максимальной цены лида,$30 за лид,https://community.thumbtack.com/discussion/1151/help-with-non-responsive-leads,Вне Reddit: платформы и инструменты педагогов вокала
299,trustpilot.com (Lessonface),2025-07-24,преподаватель на Lessonface (инструмент неясен),поиск-учеников,2,Платформа не приводит учеников — педагог сам ищет учеников и ещё платит комиссию 5%,There is no matching and no students contact teachers.,"нет данных; Lessonface ответил, что 5% включает процессинг платежей",приводить своих учеников,платит комиссию платформе 5% (15% за учеников от платформы),https://www.trustpilot.com/review/www.lessonface.com,Вне Reddit: платформы и инструменты педагогов вокала
300,sidehusl.com (цитата педагога Lessonface),2025-04-17 (обновление страницы),преподаватель Lessonface (инструмент неясен),поиск-учеников,1,"Маркетплейс уроков перенасыщен, ученики сами не приходят",the idea is not to set up a profile and sit back and wait for students to sign up. There are lots of teachers for many instruments. Teachers need to be proactive about recruiting their own students.,нет данных,активно привлекать своих учеников,комиссия Lessonface 5–30% в зависимости от формата,https://sidehusl.com/lessonface/,Вне Reddit: платформы и инструменты педагогов вокала
301,alignable.com (форум),2020-03-30,"педагог вокала + флейты, вокальный коуч, Northampton MA, US",онлайн-уроки,2,Из-за задержки невозможно петь вместе с учеником онлайн,"There is a lag in sound delivery, so it is really impossible to sing duets or do any kind of sing-along live without some serious cacaphony.","несколько ответивших подтверждают: задержка — свойство интернета, а не приложения","заранее записанные минусовки, ученики поют под них по отдельности, потом свести",,https://www.alignable.com/forum/music-needs,Вне Reddit: платформы и инструменты педагогов вокала
302,alignable.com (форум),2020-03-30,"концертмейстер (collaborative pianist), Milton MA, US",онлайн-уроки,2,Ни одно приложение не решает проблему задержки при совместном пении/аккомпанементе,"There is no app that can account for digital delay. It's a function of the internet, not a specific app.",консенсус треда,"JamKazam (нужен ethernet и спец-оборудование), Acapella app (по партиям)",,https://www.alignable.com/forum/music-needs,Вне Reddit: платформы и инструменты педагогов вокала
303,alignable.com (форум),2020-03-30,"владелец музыкальной студии, Holland MI, US",онлайн-уроки,1,Групповое/совместное пение онлайн не работает как ожидают клиенты,"Virtual sing-alongs are not what most people think they are. They only way to do it is to use a program like zoom and have everyone on headphones, listening only to the head leader as they sing.",консенсус треда,"все в наушниках, остальные выключены, слышат только ведущего",,https://www.alignable.com/forum/music-needs,Вне Reddit: платформы и инструменты педагогов вокала
304,uncagedbird.studio (блог),нет точной даты (May 21),"педагог вокала (частный), NYC, US",онлайн-уроки,2,Онлайн педагог не может аккомпанировать ученику на фортепиано,Any lag more than about 40 milliseconds means your teacher won't be able to play the piano while you sing.,в той же статье то же отмечают другие педагоги,,,https://www.uncagedbird.studio/blog/do-online-singing-lessons-really-work,Вне Reddit: платформы и инструменты педагогов вокала
305,"uncagedbird.studio (блог, цитата педагога Cymber Quinn)",нет точной даты,"педагог вокала, US",мотивация-бросают,2,Без выступлений ученики теряют мотивацию,The hardest part is keeping my students motivated when there aren't performances.,нет данных,,,https://www.uncagedbird.studio/blog/do-online-singing-lessons-really-work,Вне Reddit: платформы и инструменты педагогов вокала
306,uncagedbird.studio (блог),нет точной даты,"педагог вокала (частный), NYC, US",онлайн-уроки,2,Новичкам онлайн нельзя подыграть мелодию — хуже для интонации,"During a face-to-face lesson, your teacher can help by playing the notes along with you while you sing. When online, this is difficult or impossible, depending on the amount of latency.",нет данных,,,https://www.uncagedbird.studio/blog/do-online-singing-lessons-really-work,Вне Reddit: платформы и инструменты педагогов вокала
307,ensembleschools.com (The Inside Voice),нет данных,"владелица школы музыки/вокала (Molly's Music), US",онлайн-уроки,2,Нельзя аккомпанировать онлайн; нельзя физически показать технику,"Because of the delay in video chat, it's still not possible for that to work during online lessons.",нет данных,заранее записанные аккомпанементы и упражнения для ученика,,https://www.ensembleschools.com/the-inside-voice/what-to-expect-from-online-singing-lessons/,Вне Reddit: платформы и инструменты педагогов вокала
308,resources.trinitycollege.com,нет данных,"экзаменационная организация (Trinity College London), UK — ресурс для педагогов",репертуар-тональности-минусовки,1,Живой аккомпанемент педагога онлайн невозможен; нужен трек у ученика,"The only way a student can play with accompaniment in an online lesson is using a recording of the accompaniment in their room, rather than their teacher's.",нет данных,минусовка и метроном — на стороне ученика; короткие чёткие инструкции,,https://resources.trinitycollege.com/teachers/music/dealing-with-latency,Вне Reddit: платформы и инструменты педагогов вокала
309,tunelark.com (блог вендора),2026-05-18,"неясно (вендор платформы уроков, US)",онлайн-уроки,1,Zoom по умолчанию режет выдержанные ноты как шум; настройку надо включать каждый урок,"switch on the in-meeting Original Sound for Musicians control at the start of every lesson, because it does not always persist.",нет данных,"Original Sound for Musicians, high fidelity music mode; минусовка на стороне ученика; запись дублей между уроками",,https://www.tunelark.com/blog/transition-from-in-person-to-online-music-teaching/,Вне Reddit: платформы и инструменты педагогов вокала
310,"Journal of Voice (PMC), опрос 387 педагогов вокала",2020-10-13,"исследование: опрос педагогов вокала, в основном Северная Америка и Европа",онлайн-уроки,2,"Педагоги вокала недовольны технологиями онлайн-уроков (задержка, безопасность данных) и устают от них","participants expressed gratitude that teaching may continue, but voiced discontent with the technology used to do so and the fatigue that using it may cause.",обобщение по 387 ответам; педагоги лишь умеренно удовлетворены виртуальными уроками,учатся полагаться на слух вместо визуальных сигналов,,https://pmc.ncbi.nlm.nih.gov/articles/PMC7553062/,Вне Reddit: платформы и инструменты педагогов вокала
311,kathleenkellymusic.substack.com,2023-10-13,"концертмейстер и вокальный коуч, US",репертуар-тональности-минусовки,2,Концертмейстер на урок вокала слишком дорог — педагоги и певцы не хотят платить за целый час,these days many singers and teachers don't want to engage and pay the pianist for an entire hour,комментарии концертмейстеров подтверждают,педагоги аккомпанируют сами или используют Appcompanist,сигнал: педагоги выбирают приложение-аккомпанемент вместо живого пианиста,https://kathleenkellymusic.substack.com/p/worth-it,Вне Reddit: платформы и инструменты педагогов вокала
312,kathleenkellymusic.substack.com (комментарий Beth Parker),2023-10-13,"концертмейстер (collaborative pianist), US",репертуар-тональности-минусовки,2,Экономика живого аккомпанемента на уроках вокала не сходится — пианисты отказываются,why would I drive for 50 minutes round trip and pay to park at the school for the pleasure of playing for a 30-minute lesson to make $20?,поддержка автора поста,,,https://kathleenkellymusic.substack.com/p/worth-it/comments,Вне Reddit: платформы и инструменты педагогов вокала
313,kathleenkellymusic.substack.com (пост/комментарии),2023-10-13,"концертмейстер / вокальный коуч, US",репертуар-тональности-минусовки,2,Педагоги вокала не могут найти пианиста для уроков,"The teachers complain that they can't get pianists to play for lessons, so they are forced to accompany themselves or use Appcompanist",нет данных,сам аккомпанирует или Appcompanist,используют платное приложение Appcompanist,https://kathleenkellymusic.substack.com/p/worth-it,Вне Reddit: платформы и инструменты педагогов вокала
314,cfvocalstudio.com (блог),2024-02-23,"педагог вокала (частная студия), South Salt Lake UT, US",отмены-болезни,2,Ученики злоупотребляют отменами — педагогам приходится вводить жёсткие политики,"We usually have one in place, because we have been taken advantage of.",нет данных,политика отмены за 24 часа,,https://www.cfvocalstudio.com/post/vanessa-cfvocalstudio-com-3,Вне Reddit: платформы и инструменты педагогов вокала
315,cfvocalstudio.com (блог),2024-02-23,"педагог вокала (частная студия), Utah, US",голос-педагога,2,Больной ученик на уроке — риск для голоса педагога и всей студии,pretending you are not sick might just get your teacher sick too and as a result the whole studio.,нет данных,"объясняет ученикам, когда отменять, а когда приходить",,https://www.cfvocalstudio.com/post/vanessa-cfvocalstudio-com-3,Вне Reddit: платформы и инструменты педагогов вокала
316,markcrayton.com (политика студии),нет данных,"педагог вокала (частная студия), US",отмены-болезни,2,Больные ученики угрожают голосу педагога; приходится прописывать жёсткие правила,"If you show up at a lesson sick, I will send you home and you will not be eligible for a make-up.",нет данных,"предоплата $90/час, отмена за 24 часа, отработка в том же месяце",,http://www.markcrayton.com/voice-studio/private-studio/private-studio-policies.html,Вне Reddit: платформы и инструменты педагогов вокала
317,barbaraeshirvis.substack.com (Well Canto),2024-09-20,"педагог вокала (классика), US",прогресс-не-виден,2,Отсутствие видимого прогресса ученика — главный признак неэффективного обучения,"Much more common than ruinous teaching is simply ineffective teaching, evinced by a frustrating lack of progress for the student.",комментаторы поддерживают,,,https://barbaraeshirvis.substack.com/p/bad-voice-teacher-rant,Вне Reddit: платформы и инструменты педагогов вокала
318,barbaraeshirvis.substack.com (Well Canto),2024-09-20,"педагог вокала (классика), US",ученики-практика,2,"Прогресс зависит от ежедневной практики между уроками, которую педагог не контролирует","The student must do the intensive work in between lessons. This means practicing consistently, deliberately, and joyfully on a near-daily basis.",нет данных,,,https://barbaraeshirvis.substack.com/p/bad-voice-teacher-rant,Вне Reddit: платформы и инструменты педагогов вокала
319,barbaraeshirvis.substack.com (комментарий Brian Witkowski),2024-09-20,неясно,ученики-ожидания-YouTube,1,Ученики ждут от педагога вокала чуда — нереалистичные ожидания,Some students really do need to do away with this sort of 'Messiah or bust' type of expectation with their voice teachers and learn to be more realistic about the scope of the working relationship.,комментарий согласия с постом; другие соглашаются,направлять учеников к коучам и менторам в дополнение,,https://barbaraeshirvis.substack.com/p/bad-voice-teacher-rant/comments,Вне Reddit: платформы и инструменты педагогов вокала
320,kainehayward.substack.com,2023-04-13,"педагог вокала (блог о вокальной педагогике), страна неясна",методика-объяснить-невидимое,2,Идиосинкратичные инструкции и образы не понятны ученикам — фрустрация с обеих сторон,They will often get frustrated at students who aren't able to follow their highly idiosyncratic and simplistic instruction.,нет данных,,,https://kainehayward.substack.com/p/12-qualities-of-bad-voice-teaching,Вне Reddit: платформы и инструменты педагогов вокала
321,kainehayward.substack.com,2023-04-13,"педагог вокала, страна неясна",терминология,1,Конфликт «ощущения vs функция/наука» в объяснении невидимого инструмента,"This teacher has no idea about function and only refers to sensation, which is only the result of other processes.",нет данных,опора на функцию и качественный показ голосом,,https://kainehayward.substack.com/p/12-qualities-of-bad-voice-teaching,Вне Reddit: платформы и инструменты педагогов вокала
322,anneleatherland.co.uk (статья для AOTOS),нет данных,"педагог пения (частный), UK",софт-инструменты,1,"Педагог вынужден собирать урок из множества разрозненных приложений (анатомия, дикция, транспонирование, спектрограф, интонация)","I have not had space here to include spectrographic apps, apps to help with volume and pitching or numerous others that I use in my teaching.",нет данных,"Essential Anatomy 5, Larynx ID, ForScore, Any Tune, Musicnotes Player, One Minute Voice Warm Up; часть без Android","пользуется платными приложениями (ForScore, Any Tune и др.)",https://anneleatherland.co.uk/appy-ever-after-apps-for-singing-teachers/3021/,Вне Reddit: платформы и инструменты педагогов вокала
323,singwell.eu (блог),2026,"педагог вокала, Нидерланды (пишет на англ.)",репертуар-тональности-минусовки,1,"Караоке/минусовочные приложения не дают базовых функций для практики: пауза, перемотка","Pausing the song, rewinding and forwarding is a must (you'll see it's not granted though).",нет данных,подбирает приложения с транспонированием и записью,"премиум-подписки на караоке-приложения, но критикует скачок цены",https://singwell.eu/karaoke-apps/,Вне Reddit: платформы и инструменты педагогов вокала
324,singwell.eu (блог),2026,"педагог вокала, Нидерланды (пишет на англ.)",репертуар-тональности-минусовки,1,Оригинальная тональность песни не подходит ученику; нужны минусовки с транспонированием,the original key would not suit their voice,нет данных,"приложения с транспонированием («game changer»), Transpose extension","готова платить за транспонирование, запись и широкую библиотеку",https://singwell.eu/karaoke-apps/,Вне Reddit: платформы и инструменты педагогов вокала
