id,name_ru,name_en,skill,how,fixes,level,load,solo_ok_default,popularity,coaches,sources,video_url,video_title,video_channel,video_match,video_alt_url,video_note
BR-01,"Низкий вдох «в пояс»: диафрагмальный, «на 360°»",Low breath: diaphragmatic / belly / 360° low-and-slow inhale,BREATH,"Стоя или лёжа, рука на животе. Вдох медленный и низкий: расширяются живот, бока и спина («на 360°»). Плечи и ключицы не двигаются. Затем медленный ровный выдох. У Felicia Ricci каждая распевка выполняется как дыхательное упражнение.","Ключичное, поверхностное дыхание, поднятые плечи, напряжение шеи, нестабильная опора",новичок,1,да,4,"Felicia Ricci, Madeleine Harvey, Roger Love, Ken Tamplin","сырые №77, 96, 176. Ricci (пересказ видео): https://www.facebook.com/FeliciaRicciOfficial/videos/fix-your-singing-using-breath-breathing-for-singers/947146352031014/ ; Harvey «Maximize Your Breath – The Inhale» (по названию видео): https://www.youtube.com/watch?v=rbNt9yxcgk4 ; Love, Tamplin: по памяти модели, не проверено (https://www.youtube.com/@RogerLove). Соответствует BR-02 стартового набора.",https://www.youtube.com/watch?v=nNXKshArVks,Lesson 2: Breathing for Singing & The 360 Breath,Felicia Ricci,точное,https://www.youtube.com/watch?v=KiZ8vyUkdx0,Урок Felicia Ricci про дыхание «на 360°». Запасная ссылка: «Keep Your Breath Low! Book Breathing Exercise for Singers» (канал в выдаче не указан).
BR-02,Длинный выдох на «с-с-с» (и «ш»),Hiss breathing / S-hiss airflow control (sustained 'sss'),BREATH,"Тихий низкий вдох (живот и бока), затем ровный долгий выдох на «сссс», от 15 до 30+ секунд. С каждым повтором выдох немного длиннее. Варианты: «ш» или «с-с-с» толчками. Плечи не поднимать, без задержек дыхания и без головокружения.","Короткое дыхание, не хватает воздуха на фразу, неровный выдох",новичок,1,да,3,"Cheryl Porter, Ken Tamplin, Aaron Anastasi (+ классическая школа appoggio)","сырые №10, 132, 175. Porter (вторичный источник): https://www.tiktok.com/discover/cheryl-porter-singing-exercises ; Tamplin, Anastasi: по памяти модели, не проверено (https://www.kentamplinvocalacademy.com/). Соответствует BR-01.",https://www.youtube.com/watch?v=3Ah0zgW1FrA,Breathing Hissing Exercise for Singers - 30 Second Sssss,неизвестно (канал в выдаче не указан),то же упражнение у другого коуча,https://www.youtube.com/watch?v=K67vIp7_93I,"Отдельного видео Cheryl Porter про «ссс» не нашёл. Запасная ссылка: Berklee Online, «Voice Techniques: Hissing Breath Exercise». Есть и серия по длительности: 20, 40, 60 секунд."
BR-03,Мышцы опоры через бытовые и речевые действия (Free Your Voice №1),Primary support muscles / Where your vocal energy really comes from (everyday-muscle drills),BREATH,"Мышцы опоры включаются через знакомые бытовые и речевые действия, после чего это ощущение переносится в пение («true support»). Разбирается, как ощущается правильная работа. Конкретные действия в открытом доступе не раскрыты.","Нет понимания опоры, слабый, «безэнергичный» звук",новичок,1,после показа педагогом,1,Chris Liepe,"сырые №52, 55 (объединены: одна идея). https://chrisliepe.com/free-your-voice/ ; https://chrisliepe.com/where-your-vocal-energy-really-comes-from/ (вторичный источник, описание курса)",https://www.youtube.com/playlist?list=PLM6ZqKY9g4g8dA_1uMhmAJQ2nic7uwAgI,"Chris Liepe ""Free Your Voice"" Free Course",Chris Liepe (плейлист),"видео, где упражнение есть внутри распевки",https://www.youtube.com/watch?v=xen8frkK6ok,"Отдельного видео с урока №1 в выдаче нет, дал плейлист курса Free Your Voice. Запасная ссылка: Chris Liepe, «How To Sing With Better Breath Support (Cues From Aretha Franklin)»."
BR-04,Дыхание лёжа с книгой на животе,Diaphragmatic breathing lying down (book on belly),BREATH,"Лечь на спину, книгу положить на живот. На вдохе книга поднимается, грудь и плечи неподвижны. На выдохе книга медленно опускается.","Ключичное дыхание, нет ощущения низкого вдоха",новичок,1,да,1,Roger Love,"сырой №144. https://rogerlove.com (книга «Set Your Voice Free»). НЕ ПРОВЕРЕНО: по памяти модели, веб был недоступен. Соответствует BR-03.",https://www.youtube.com/watch?v=nx8rKfhd0-g,"How to sing. Vocal Breathing Technique :BOOKS ON BELLY""","неизвестно (не Roger Love, судя по выдаче)",то же упражнение у другого коуча,https://www.youtube.com/watch?v=KiZ8vyUkdx0,Видео Roger Love именно про книгу на животе не нашёл. Запасная ссылка: «Keep Your Breath Low! Book Breathing Exercise for Singers».
BR-05,«Дай услышать „Х“»: импульсы выдоха на «х»,"Let me hear the ""H"" (breathing pulses)",BREATH,"Серия отчётливых беззвучных импульсов выдоха на «h» от живота. Рекомендация коуча: 3 подхода подряд, 5 раз в неделю.","Слабая опора, голос устаёт и пропадает",новичок,1,да,1,Cheryl Porter,"сырой №9. https://www.tiktok.com/@cherylporterdiva/video/7395424724106415392 (вторичный источник, описание в поиске)",https://www.youtube.com/watch?v=MwvdFUpUK10,SUPER Breathing Vocal Workout for SINGERS w/Vocal Coach Cheryl Porter,Cheryl Porter Vocal Coach,"видео, где упражнение есть внутри распевки",https://www.youtube.com/watch?v=uFznyTlHmr0,"Упражнения с отдельным названием «Let me hear the H» в выдаче нет. Это дыхательная тренировка Cheryl Porter, импульсы на «h», скорее всего, внутри неё. Не проверено."
BR-06,"«Вдох, выдох»: расслабление тела перед пением","Breath In, Breath Out",BREATH,Пре-разогрев: расслабить тело и спокойно дышать. Урок 1 блока Warm-Ups & Warm-Downs.,Общее напряжение перед пением,новичок,1,да,1,Cheryl Porter,сырой №14. https://course.cherylportermethod.com/courses/823327/lectures/14965920 (оглавление курса),https://www.youtube.com/watch?v=qwjD-KvdjAs,Easy Vocal Warmup for SINGERS w/Vocal Coach Cheryl Porter,Cheryl Porter Vocal Coach,"видео, где упражнение есть внутри распевки",https://www.youtube.com/watch?v=9dVW9E40-Gw,"Упражнение из платного курса (Warm-Ups & Warm-Downs, урок 1), отдельного видео нет. Дал открытые распевки Cheryl Porter. Не проверено, что упражнение в них есть."
BR-07,Планирование вдохов между фразами,Breath planning between phrases,BREATH,"Разметить в песне места вдохов и заранее добирать воздух перед длинными трудными строками, учитывая соседние фразы. Плюс три теста для проверки опоры.",Не хватает воздуха на длинных фразах,новичок,1,да,1,Chris Liepe,сырой №63. https://chrisliepe.com/why-you-run-out-of-breath/ (подтверждено),https://www.youtube.com/shorts/lrDhnPfVzK0,"WHERE DO YOU BREATHE IN A SONG? Where to Breathe When Singing #shorts, #singinglessons,",Chris Liepe (по описанию в выдаче),точное,https://www.youtube.com/watch?v=Qn0T0qZBYvU,"Short о том, где брать дыхание в песне. Запасная ссылка: Chris Liepe, «Why You Run Out Of Breath When Singing (And How to Fix It)»."
BR-08,"Тихие упражнения на диафрагму: «У меня секрет», «Тише», «В библиотеке»",I've Got A Secret / Be Quiet / In The Library,BREATH,"Серия из урока 1: дыхательный разогрев и включение диафрагмы, затем диафрагма с сопротивлением выдоху. Судя по названиям, выполняется тихо. Детали не найдены.","Включение диафрагмы, сопротивление выдоху",новичок,1,после показа педагогом,1,Cheryl Porter,"сырой №15. https://course.cherylportermethod.com/courses/823327/lectures/14965920 (только оглавление курса, паттерн неизвестен)",https://www.youtube.com/watch?v=uFznyTlHmr0,Super Diaphragm - Cheryl Porter vocal workout (EN subts),Cheryl Porter,"видео, где упражнение есть внутри распевки",https://www.youtube.com/watch?v=MwvdFUpUK10,Видео с названиями «I've Got A Secret / Be Quiet / In The Library» не нашёл. Это похоже на материал её курса. Дал тренировки Cheryl Porter на диафрагму.
BR-09,Полный выдох для снятия зажима шеи,Full exhalation release,BREATH,"Мягко и осторожно выдохнуть почти до ощущения пустоты. Многие чувствуют, как отпускает шея. При астме не перенапрягаться, до головокружения не доводить.",Зажатая шея и горло,новичок,1,после показа педагогом,1,Dr Dan Robinson,"сырой №34. https://www.djarts.com.au/blog/2023/09/dr-dans-guide-to-alleviating-singing-tension/ (подтверждено). Dr Dan — австралийский коуч, не американский.",https://www.youtube.com/watch?v=SEdCYhnStrk,Top Breathing Exercises to Improve Your Singing Voice | #DrDan 🎤,Dr Dan's Voice Essentials,"видео, где упражнение есть внутри распевки",https://www.youtube.com/watch?v=3FwtDTo3yKk,"Отдельного видео про полный выдох для снятия зажима шеи не нашёл. Дал подборку дыхательных упражнений Dr Dan. Не проверено, что оно там есть."
BR-10,«Максимум дыхания»: выдох с включением диафрагмы,Maximize Your Breath – The Exhale: Engage the Diaphragm,BREATH,"Включить мышцы, которые управляют выдохом, и получить поддержанный естественный выдох. Заниматься в свободной одежде. Конкретные упражнения не раскрыты.","Неуправляемый выдох, не хватает дыхания на фразу",новичок,1,после показа педагогом,1,Madeleine Harvey,сырой №97. https://www.skillshare.com/en/classes/Maximize-Your-Breath-Part-2-The-Exhale-Engage-the-Diaphragm/381840943 (описание урока),https://www.youtube.com/watch?v=XPk2ULiEIUU,Maximize Your Breath: The Exhale - Engage the Diaphragm,Madeleine Harvey (судя по точному совпадению названия),точное,,Название совпадает дословно. Канал в выдаче не указан.
BR-11,Управление дыханием (Top 2 Breathing Exercises),Breath management exercises,BREATH,"Как тело дышит при пении, плюс практика. Конкретные упражнения в открытых фрагментах не найдены.","Опора, длина фраз",новичок,1,после показа педагогом,1,Dr Dan Robinson,"сырой №42. https://www.djarts.com.au/singing-tips/breath-management-exercises/ (по названию видео, содержание не проверено)",https://www.youtube.com/watch?v=0EzBQAJBNkU,Top 2 Breathing Exercises for Singers | #DrDan 🎤,Dr Dan's Voice Essentials,точное,https://www.youtube.com/watch?v=gvb9jQm_GVs,"Запасная ссылка: Dr Dan, «Breath Management for Voice | Singer's Breath»."
BR-12,Контроль дыхания и опора (Vendera),Breath control / support exercises,BREATH,Упражнения на опору и выносливость. Детали не найдены.,"Опора, выносливость",новичок,1,после показа педагогом,1,Jaime Vendera,"сырой №137. https://www.jaimevendera.com/ СОМНИТЕЛЬНО: по памяти модели, содержание неизвестно, не проверено",https://www.youtube.com/watch?v=mEWOoQ20F0s,Sing With BETTER Breath Control | DoctorVox Breathing Exercises,DoctorVox,то же упражнение у другого коуча,https://www.youtube.com/channel/UC0Fs0EBHEoi85TvWvEeadBA,"Видео Jaime Vendera про дыхание в выдаче нет, есть только его канал (запасная ссылка). DoctorVox — канал в выдаче не подписан, взят из названия видео."
BR-13,«Сила дыхания»: 3 упражнения старых мастеров и тренировка диафрагмы,Breath Power (3 exercises from the masters) / Diaphragm exercises (Breathing Bootcamp),BREATH,Тренировать дыхательные мышцы с сопротивлением и не набирать лишний воздух. Серия из 3 упражнений и бонусный раздел курса о диафрагме. Конкретные упражнения в открытом доступе не найдены.,"Длинные ноты, стабильная интонация, выносливость, свобода голоса",новичок,2,после показа педагогом,1,Eric Arceneaux,"сырые №88, 89 (объединены: одна тема, один коуч). https://www.facebook.com/Eric-Arceneaux-26641386464/videos/part-1%EF%B8%8F%E2%83%A3-breath-power/1373670086150650/ (по названию видео); https://webmusicstar.com/reviews/elite-singing-techniques-phase-1.php (вторичный источник)",https://www.youtube.com/watch?v=TNaOcls6rEQ,Breath Support for Singers - Vocal Coach Eric Arceneaux,Eric Arceneaux,то же упражнение у другого коуча,https://www.youtube.com/watch?v=RMsRo6iR5xQ,"Видео с названием «Breath Power / 3 exercises from the masters» не нашлось. Это общее видео Эрика Арсено про опору дыхания. Запасная ссылка: «Professional Vocal Workout - Part 1 Advanced Breathing Technique», канал в результатах не указан (вероятно, Arceneaux)."
BR-14,«Мухаммед Али»: диафрагма и позиция гласных,Muhammad Ali,BREATH,Работа диафрагмы вместе с позицией гласных (Breathing Bootcamp). Детали не найдены.,"Активация диафрагмы, позиция гласных",средний,2,после показа педагогом,1,Cheryl Porter,сырой №12. https://course.cherylportermethod.com/courses/823327/lectures/14965922 (оглавление курса),https://www.youtube.com/watch?v=MwvdFUpUK10,SUPER Breathing Vocal Workout for SINGERS w/Vocal Coach Cheryl Porter - YouTube,Cheryl Porter Vocal Coach,"видео, где упражнение есть внутри распевки",https://www.youtube.com/watch?v=nBQH1c20xbs,"Упражнение «Muhammad Ali» есть только в платном Breathing Bootcamp. Это близкая по сути дыхательная тренировка Шерил Портер; неизвестно, есть ли в ней именно «Мухаммед Али». Запасная ссылка: «Vocal Exercise for Breathing and Agility»."
BR-15,Апподжо и «подвешенное» дыхание («вдыхать голос»),Appoggio / breath suspension (inhalare la voce),BREATH,"Голос опирается на дыхательные мышцы корпуса. После вдоха дыхание на мгновение «подвешивается», затем звук начинается без сброса воздуха (принцип бел канто inhalare la voce).","Слабая опора, выдох «обвалом», пережатые связки",средний,2,только с педагогом,1,Madeleine Harvey,"сырой №95. https://www.youtube.com/watch?v=G1zgE1SZ7-4 (описание видео). Только с педагогом, потому что есть элемент задержки дыхания (§2.6).",https://www.youtube.com/watch?v=_3HTdW3GjMM,Madeleine Harvey - Get Better Breath Control,Madeleine Harvey,точное,https://www.youtube.com/watch?v=RzSpxcj9gZc,"Видео Мадлен Харви про контроль дыхания; вероятно, об апподжо, но это не проверено. Запасная ссылка: «Breath Support Made Simple - Appoggio for Beginner Singers», канал не указан. Есть ещё Харви «easy way to develop great breath support»: https://www.youtube.com/watch?v=G1zgE1SZ7-4"
BR-16,"Кряхтение борца, переходящее в ноту (опора)",Wrestler's grunt into note,BREATH,"Приготовиться и «кряхнуть» из самого низа живота: живот идёт к позвоночнику, воздух останавливается связками. Получившийся тон превратить в ноту.","Нет реальной опоры, слабый звук",средний,2,только с педагогом,1,Chris Liepe,сырой №49. https://jamplay.com/articles/5-guides/193-action-points-for-rock-singers-part-2 (статья автора). Только с педагогом: глоттальная остановка равна твёрдой атаке (§2.6).,https://www.youtube.com/watch?v=xen8frkK6ok,"How To Sing With Better Breath Support (Cues From Aretha Franklin, Queen Of Soul) - YouTube",Chris Liepe,"видео, где упражнение есть внутри распевки",https://www.youtube.com/watch?v=1ljMcYk-rvM,"Видео Криса Липе про опору; кряхтение борца в названии не упоминается, это не проверено. Запасная ссылка: «Vocal Exercise - Tip #03 - The Grunts», канал неизвестен. Ещё у Липе есть «INSTANTLY get better Breath Support»: https://www.youtube.com/watch?v=N-YaYVtqqS0"
BR-17,«Рокки против Аполло Крида»: дыхательная тренировка боксёра,Rocky VS Apollo Creed,BREATH,Дыхательная тренировка на выносливость из урока Singer Breathing Bootcamp. Паттерн не найден.,Дыхательная выносливость,средний,2,только с педагогом,1,Cheryl Porter,сырой №11. https://course.cherylportermethod.com/courses/823327/lectures/14965922 (оглавление курса). Упражнение «на выносливость» (§2.6).,,,,не найдено,https://www.youtube.com/watch?v=MwvdFUpUK10,Упражнение «Rocky VS Apollo Creed» есть только в платном курсе Singer Breathing Bootcamp. Запасная ссылка ведёт на общую дыхательную тренировку Шерил Портер (SUPER Breathing Vocal Workout).
BR-18,"«Беги, спасая жизнь»: интенсивное сопротивление",Run For Your Life,BREATH,Высокоинтенсивная работа диафрагмы с «экстремальным сопротивлением» и позицией гласных (уроки 3 и 10).,"Выносливость, опора на длинных и сложных фразах",продвинутый,3,только с педагогом,1,Cheryl Porter,сырой №13. https://course.cherylportermethod.com/courses/823327/lectures/14965930 (оглавление курса),,,,не найдено,https://www.youtube.com/watch?v=MwvdFUpUK10,Упражнение «Run For Your Life» есть только в платном курсе Шерил Портер. Запасная ссылка ведёт на её общую дыхательную тренировку SUPER Breathing Vocal Workout.
BR-19,VFE 4 Стемпла: долгие ноты до–соль на «ол»,Vocal Function Exercises 4 — power exercise: sustained C-D-E-F-G on 'ol',BREATH,"Каждая нота (C4–G4 у женщин, на октаву ниже у мужчин) тянется максимально долго на «ol», тихо. По 2 раза, 2 раза в день, 6–8 недель.",Выносливость и эффективность фонации,средний,2,только с педагогом,1,"Joseph Stemple (клинический протокол, не YouTube-коуч)","сырой №189. https://pubmed.ncbi.nlm.nih.gov/?term=Stemple+vocal+function+exercises (по памяти модели, не проверено). В таксономии VF ближе к SUSTAIN: в v1 не больше 20 с на ноту.",https://www.youtube.com/watch?v=uM2TLN7nQW0,"Vocal Function Exercises by Joseph Stemple, PhD - YouTube",Joseph Stemple,точное,https://www.youtube.com/watch?v=C9PzSTbGw88,"Видео о протоколе VFE, судя по названию — от самого Стемпла. Запасная ссылка: «REVIVE your VOICE! Vocal Function Exercises (Stemple)», пошаговая демонстрация, включая долгие ноты на «ol»."
BR-20,Простое упражнение на вокальную выносливость,Vocal stamina simple exercise,BREATH,Разбор заблуждений о выносливости и одно простое упражнение. Суть не найдена.,Голос быстро устаёт,средний,2,только с педагогом,1,Chris Liepe,сырой №59. https://www.youtube.com/watch?v=QdU3lpOeIr0 (по названию видео). Навык условный (SUSTAIN); «на выносливость» по §2.6.,https://www.youtube.com/watch?v=QdU3lpOeIr0,the RIGHT way to build Vocal STAMINA (simple exercise) - YouTube,Chris Liepe,точное,https://www.youtube.com/watch?v=Bp_ReXbOJxs,Название совпадает с описанием упражнения. Запасная ссылка: шорт Липе «Tired? Tense? No stamina? You're doing it wrong!!».
FR-01,Язык наружу «я-я-я» и массаж челюсти,"Tongue/jaw release: tongue-out 'yah-yah', jaw (TMJ) self-massage",FREEDOM,"Язык лежит на нижней губе, «yah-yah-yah» поётся на 5-4-3-2-1. Массаж жевательных мышц: основания ладоней на линии челюсти, вести вниз.","Зажатые язык и челюсть, задавленные гласные",новичок,1,да,4,"Felicia Ricci, Matt Ramsey, Cari Cole, Dr Dan Robinson","сырые №193, 36. Массаж у Dr Dan подтверждён: https://www.djarts.com.au/blog/2023/09/dr-dans-guide-to-alleviating-singing-tension/ ; «я-я» у Ricci, Ramsey, Cole — по памяти модели, не проверено (https://www.youtube.com/@FeliciaRicci). Соответствует FR-04.",https://www.youtube.com/watch?v=VKUss-76aeA,Ya Ya Tongue Isolation Exercise - YouTube,неизвестен,то же упражнение у другого коуча,https://www.youtube.com/watch?v=hwk3It813z8,Упражнение «я-я» на изоляцию языка; канал в результатах не указан. Запасная ссылка: Dr Dan «How to Relax Your Tongue for Singing | Tongue Root Tension». Отдельного видео про массаж челюсти не нашлось.
FR-02,"Отпустить язык: думать «UH», петь «как пьяный», разговорная версия",Tongue release triggers: think UH / sing 'drunk' / conversational version,FREEDOM,"Три приёма: (1) во время пения думать нейтральное «UH»; (2) представить, что слегка пьян, и отпустить язык; (3) проговорить или пропеть распевку либо песню в разговорной манере.",Зажатый корень языка и связанное с ним напряжение гортани,новичок,1,да,1,Felicia Ricci,сырой №78. https://www.youtube.com/playlist?list=PLMLNc6Z2yl64IDQB_v0Mp11PntsYKd_aL (пересказ видео),https://www.youtube.com/watch?v=i0WAfU-T1yI,FREE UP Your Singing! Get Rid of TONGUE TENSION - YouTube,неизвестен,то же упражнение у другого коуча,https://www.youtube.com/watch?v=zjH5Hyu33xE,"Видео Фелиции Риччи именно с приёмами «думай UH / пой как пьяный» не нашлось; основная ссылка — общее видео про напряжение языка от неизвестного канала. Запасная ссылка: «3 Easy Tricks to Improve Your Singing Now», Felicia Ricci (перезалив); что в нём этот приём, не проверено."
FR-03,«Рыбьи губы»,Fish lips,FREEDOM,"Во время распевок и мелизмов губы слегка вытянуты вперёд, «как у рыбы». Используется и в BWAH.","Зажатые челюсть и язык, звук и дыхание уходят назад",новичок,1,да,1,Felicia Ricci,сырой №75. https://www.tumblr.com/mynameisfel (вторичный источник),,,,не найдено,,Видео про «рыбьи губы» (fish lips) или BWAH у Фелиции Риччи в поиске не нашлось.
FR-04,Вытянуть язык вперёд 3 раза,Tongue extension x3,FREEDOM,Перед пением трижды вытянуть язык вперёд.,Скрытое напряжение языка,новичок,1,да,1,Dr Dan Robinson,сырой №35. https://www.djarts.com.au/blog/2023/09/dr-dans-guide-to-alleviating-singing-tension/ (подтверждено). Без звука.,https://www.youtube.com/watch?v=jp8OXXp7JZI,Give your tongue a good stretch before singing 👅 #tongue #singingtips #vocaltips #vocalrange #sing - YouTube,Dr Dan's Voice Essentials (Dr Dan Robinson),точное,https://www.youtube.com/watch?v=feBm38H1q4A,Растяжка языка перед пением от Dr Dan. Запасная ссылка: его же «Do this EVERY TIME before you sing! | Vocal Warm Up».
FR-05,Беззвучный смех (ретракция ложных связок),Silent laugh (false vocal fold retraction),FREEDOM,"Беззвучно «рассмеяться» или представить приятный сюрприз, почувствовать расширение в горле. Затем петь, сохраняя это ощущение.","Сдавленный, зажатый звук, констрикция",новичок,1,да,1,Estill Voice Training (школа),"сырой №179. https://www.estillvoice.com/ (по памяти модели, не проверено)",https://www.youtube.com/watch?v=T6VjMdGyFaQ,0783 – The 'Silent Laugh' Vocal Exercise,не указан в выдаче (не официальный канал Estill),то же упражнение у другого коуча,https://www.youtube.com/watch?v=Mp0rjEaiEE8,Видео с официального канала Estill не нашлось. Запасное видео: «False Vocal Folds - Constriction/Retraction». Есть и «Vocal constriction and retraction for singers» от Sarah Brickel: https://www.youtube.com/watch?v=Nt_iom4wql0
FR-06,«Укротить непослушный язык»: снятие зажима языка,Tame that terrible tongue,FREEDOM,"Серия упражнений против зажима языка. Какие именно движения показаны в видео, не подтверждено.",Зажатый язык тянет гортань и зажимает голос,новичок,1,после показа педагогом,1,Madeleine Harvey,сырой №98. https://www.youtube.com/watch?v=gki1OAvFBDc (по названию видео),https://www.youtube.com/watch?v=gki1OAvFBDc,Singing exercises to release tongue tension - Tame that terrible tongue,вероятно Madeleine Harvey (канал в выдаче не указан),точное,https://www.youtube.com/shorts/Ul9FSYz72lU,"Название совпадает с упражнением из каталога. Запасная ссылка: короткое видео «Tame that tongue», канал не подтверждён. Видео «Singing Tip 9: Tame That Terrible Tongue!» (GfH2HKV3AA0) снято другим коучем, Angie Arsenault."
FR-07,Стабилизация мышц глотания и шеи,Stabilizing the swallowing muscles,FREEDOM,"Вокальные упражнения, которые отделяют работу голоса от внешних мышц глотания, чтобы при добавлении силы звук оставался стабильным. Детали не найдены.","Пережатая, «сжатая» шея на громких и высоких нотах",средний,2,после показа педагогом,1,Madeleine Harvey,сырой №100. https://www.skillshare.com/en/classes/Extend-Your-Vocal-Range-Sing-with-Power-Projection/1582457669 (вторичный источник),https://www.youtube.com/watch?v=q6WOTuPirQc,Swallowing Muscles & Humming Vocal Exercise Final (PART 1) | #singingtips #singbetter #sing - YouTube,вероятно Madeleine Harvey (по сводке поиска),точное,https://www.youtube.com/watch?v=auXI69WyzmE,Это серия видео. Часть 2: «Swallowing Muscles & Nay Nay Vocal Exercise». Финальная часть: «Swallowing Muscles & Ah Ah» (https://www.youtube.com/watch?v=gp4wOeEzzyQ). Автор не подтверждён на 100%.
PI-01,Попадание в ноту и подъезд к ноте,Pitch matching / slide-to-pitch,PITCH,"Прослушать ноту и спеть её на «mm» или «ah», сверить по тюнеру. Вариант: слайд снизу к целевой ноте с остановкой на ней.","Фальшь, неточное попадание в ноту",новичок,1,да,2,"Madeleine Harvey, Matt Ramsey (30 Day Singer)","сырой №192. https://www.youtube.com/@30DaySinger (по памяти модели, не проверено). Соответствует PI-01 и PI-03.",https://www.youtube.com/watch?v=-PExRMSit_I,How To Match Pitch for Beginning Singers - How To Sing: Part 1 | 30 Day Singer - YouTube,30 Day Singer (Matt Ramsey),точное,https://www.youtube.com/watch?v=2QDfJGrC2uI,"Запасное видео: «Learn to Sing In Tune. Exercise to help you with ear training and relative pitch.», по сводке поиска, вероятно, от Madeleine Harvey."
PI-02,Точная интонация на знакомых песнях и разных гласных,Pitch accuracy exercises (on familiar songs),PITCH,"Теория и практика. Упражнения переносятся на знакомые песни, интонация отдельно тренируется на разных гласных.",Неточная интонация,новичок,1,да,1,Dr Dan Robinson,сырой №44. https://www.djarts.com.au/singing-tips/pitch-accuracy/ (вторичный источник),https://www.youtube.com/watch?v=eE68ahQMl4E,Intonation Issues? Improve Pitch Accuracy - Vocal Exercises,Dr Dan's Voice Essentials (по сводке поиска),точное,https://www.youtube.com/shorts/Y9alaQRI7yA,Запасное видео: «Sing Perfectly In Tune: Secrets to Matching Pitch! | #DrDan #Shorts». Есть ещё «Fix Your Pitch Fast with This!» (https://www.youtube.com/watch?v=SvFJdmNdfTY).
PI-03,«Диско-гласные»,Disco Vowels,PITCH,Гласные под диско-ритм с точным попаданием в ноты.,"Позиция гласных, точность высоты",новичок,1,да,1,Cheryl Porter,сырой №17. https://course.cherylportermethod.com/courses/823327/lectures/14965921 (оглавление курса),,,Cheryl Porter Vocal Coach,не найдено,https://www.youtube.com/watch?v=-wQRr8NFIDI,"Видео «Disco Vowels» в поиске нет. Запасная ссылка не на это упражнение, а на близкую тренировку по гласным у того же коуча: «Cheryl Porter Vocal Workout - Voice agility, linking registers and vowels»."
RE-01,Мычание «мм» на гамме и скольжениях («переднее» мычание),Humming ('mm') on 5-tone scale / hum slides / forward-placed hum,RESONANCE,"Губы сомкнуты, зубы разомкнуты. Лёгкое «мм» с вибрацией в губах и носу, звук ощущается «впереди». Паттерн 1-2-3-4-5-4-3-2-1 или скольжения в пределах октавы. Следующий шаг: «mm → ah».","Нет переднего резонанса, жёсткий вход в звук",новичок,1,да,5,"Dr Dan Robinson, Felicia Ricci, Cari Cole, Eric Arceneaux, Matt Ramsey","сырые №28, 72, 151, 173. Dr Dan подтверждено: https://www.djarts.com.au/singing-tips/singing-warm-up/ ; Ricci (оглавление курса): https://docplayer.net/37593567-Singing-transformation-360-degrees-of-vocal-training-by-felicia-ricci.html ; Cole, Arceneaux, Ramsey — по памяти модели, не проверено. Близко к SOVT-03 стартового набора.",https://www.youtube.com/watch?v=lH6cZFk5iPg,BEST beginner SINGING exercise | The 5 Note Scale | #DrDan 🎤 - YouTube,Dr Dan's Voice Essentials,"видео, где упражнение есть внутри распевки",https://www.youtube.com/watch?v=rOoK_8_OM8g,"У Dr Dan это пятинотная гамма, где среди вариантов есть мычание (m/ng). Запасная ссылка: «Train Your Voice with Humming - Vocal Exercise & Warm-up - The Hum», канал не подтверждён."
RE-02,"Твэнг: «ня», смех ведьмы, «кряканье»",Twang / 'Nyah' / witch cackle / duck quack,RESONANCE,"Узкий яркий «гнусавый» звук «nyah» или «nyeh» на 1-3-5-3-1 и на сиренах. Затем тот же твэнг на гласных без носового призвука. Твэнг не равен носовому звуку (Dr Dan). Тихо, без крика.","Тихий или глухой голос, желание продавить громкостью. Даёт яркость и помогает на переходе",средний,2,после показа педагогом,5,"Estill Voice Training, Robert Lunte (TVS), Cathrine Sadolin (CVT), Tristan Paredes (Vocal Basics), Dr Dan Robinson","сырые №38, 169. Dr Dan (вторичный источник): https://www.djarts.com.au/singing-tips/vocal-twang-2/ ; остальные по памяти модели: https://www.youtube.com/@TheVocalistStudio (не проверено)",https://www.youtube.com/watch?v=9FX49_AbcyY,Singing with Vocal Twang | including exercises | #DrDan 🎤 - YouTube,Dr Dan's Voice Essentials,точное,https://www.youtube.com/watch?v=XGSvtWD5Ji0,"Запасное видео: «Everything you need to know about TWANG in Singing | #DrDan». Есть также «Twang Vocal Exercise: Nay» (https://www.youtube.com/watch?v=s1aN8BCuKpY), канал не подтверждён."
RE-03,"«Мам» на пятинотной гамме (звук вперёд, в «маску»)",Mum (M-Ah-M) on 5-tone scale,RESONANCE,"Начать на закрытом «М», раскрыть в «А» и вернуться в «М»: «mum-mum-mum» на 1-2-3-4-5-4-3-2-1. Вибрация ощущается в лице.","Передний резонанс теряется на открытой гласной, неровное смыкание",новичок,1,да,3,"Eric Arceneaux, Roger Love, Brett Manning","сырые №81, 146, 158. Arceneaux (вторичный источник): https://flypaper.soundfly.com/tips/it-only-takes-5-minutes-to-master-these-3-simple-vocal-warm-up-exercises/ ; Love, Manning — по памяти модели, не проверено. Регистровая версия на арпеджио — RG-04.",https://www.youtube.com/watch?v=tMjkntAGnDA,Vocal Warm Up Mum Mum MALE | Resonance and Pitch - YouTube,не указан в выдаче,то же упражнение у другого коуча,https://www.youtube.com/watch?v=RBZd9plwK4I,"Видео про «mum» от Eric Arceneaux, Roger Love или Brett Manning не нашлось. Запасная ссылка: версия для женского голоса, «Resonance Vocal Warm Up | Mum Mum for Female Voice». Упражнение может быть внутри «Roger Love's 30 min Vocal Warm Up» (https://m.youtube.com/watch?v=_WPHob-rQns), но это не проверено."
RE-04,"Открытое горло: преувеличенный зевок, метод «открытого горла»",Exaggerated open throat / yawn; OPEN THROAT Singing Method,RESONANCE,"Намеренно преувеличенный зевок и подъём мягкого нёба, чтобы выстроить новую нейтральную позицию (основа из бел канто). Затем упражнения на резонанс. Слоги у Harvey не найдены.","Зажатое горло, бедный резонанс, узкий диапазон",средний,2,после показа педагогом,2,"Eric Arceneaux, Madeleine Harvey","сырые №90, 106. https://www.tiktok.com/@ericrcno/video/7408994509729598751 (подпись к видео); https://www.youtube.com/watch?v=HChTcNfnynw (по названию видео). Предупреждение: не «давить» гортань вниз.",https://www.youtube.com/watch?v=XVxtUiI2eGU,Fix a Tight Throat When Singing (Just Yawn),Madeleine Harvey (по сводке поиска),точное,https://www.youtube.com/watch?v=NMFH6Ob801I,"Запасная ссылка от Eric Arceneaux: «Professional Vocal Warmup 3 - ""Improving Vocal Tone (Freeing The Throat)""». Видео с названием «OPEN THROAT Singing Method» в поиске нет."
RE-05,«Ми-ме-ма-мо-му»: вирусная распевка,Mimemamomu (viral warm-up),RESONANCE,"Слоги mi-me-ma-mo-mu на короткой повторяющейся мелодии, по полутонам вверх. Есть много вариантов: с детьми, дуэтом, в быстром темпе.","Универсальная распевка: дыхание, резонанс, артикуляция",новичок,1,да,1,Cheryl Porter,"сырой №6. https://www.tiktok.com/@cherylporterdiva/video/7020945226613181701 (по названию видео). Подвижная версия — AG-04, версия на выносливость — ON-07.",https://www.youtube.com/watch?v=A9JdMloNJ18,Vocal Coach EXPLAINS Viral Vocal Exercise for Singers (Mimemamomu) - YouTube,Cheryl Porter Vocal Coach (вероятно),точное,https://www.youtube.com/watch?v=EpoOInahj3I,Запасная ссылка: «Fun VIRAL Singer's Vocal Warmup Exercise w/Vocal Coach». Есть вариант с ребёнком: https://www.youtube.com/watch?v=HE72EidWYjI
RE-06,«Спокойные гласные»,Calm Down Vowels,RESONANCE,"Выравнивание гласных в спокойном темпе. Используется и для того, чтобы услышать свои регистры (уроки 2 и 6).","Разная позиция гласных, неровный тембр",новичок,1,да,1,Cheryl Porter,сырой №16. https://course.cherylportermethod.com/courses/823327/lectures/14965921 (оглавление курса),,,Cheryl Porter Vocal Coach,не найдено,https://www.youtube.com/watch?v=-wQRr8NFIDI,"Видео «Calm Down Vowels» в поиске нет. Запасная ссылка не на это упражнение, а на близкую тренировку по гласным и регистрам у того же коуча."
RE-07,«УА»: открытая задняя часть глотки,WAA (open singing / open back of throat),RESONANCE,Слог WAA по шаблону арпеджио (урок 2 курса Singing Transformation и модуль компрессии). Точный нотный паттерн не найден.,"Глотка закрывается, хотя смыкание есть",новичок,1,после показа педагогом,1,Felicia Ricci,сырой №71. https://docplayer.net/37593567-Singing-transformation-360-degrees-of-vocal-training-by-felicia-ricci.html (оглавление курса),https://www.youtube.com/watch?v=HChTcNfnynw,OPEN THROAT Singing Method | Resonance EXERCISES ( 2021) - YouTube,неизвестен (не Felicia Ricci),то же упражнение у другого коуча,https://www.youtube.com/watch?v=q7UIIHH36aM,"Видео Felicia Ricci именно про WAA не найдено (упражнение из платного курса Singing Transformation). Даны общие видео про открытое горло; канал по результатам поиска не определён. alt: 'The Easy Way to sing with an ""OPEN Throat"" (One Simple Hack)'."
RE-08,«Ха-О»,Huh-Oh,RESONANCE,Слоги «huh-oh» в разных вариантах. Цель: открыть горло и при этом сомкнуть связки. Нотный паттерн не найден.,Узкое зажатое горло при слабом смыкании,новичок,1,после показа педагогом,1,Eric Arceneaux,сырой №85. https://webmusicstar.com/reviews/elite-singing-techniques-phase-1.php (обзор курса),,,Eric Arceneaux,не найдено,https://www.youtube.com/watch?v=NMFH6Ob801I,"Отдельного видео с «huh-oh» не найдено. В alt: распевка Eric Arceneaux 'Professional Vocal Warmup 3 - Improving Vocal Tone (Freeing The Throat)' — возможно, упражнение есть внутри, не подтверждено."
RE-09,Лицевой резонанс на разных гласных (Free Your Voice №3),Facial resonance over different vowels,RESONANCE,"Сохранять полный лицевой резонанс при смене гласных и других звуков, то есть на реальных словах.",Тембр неровный на тексте,средний,1,после показа педагогом,1,Chris Liepe,сырой №54. https://chrisliepe.com/get-my-free-training-series/ (описание курса),https://www.youtube.com/playlist?list=PLM6ZqKY9g4g8dA_1uMhmAJQ2nic7uwAgI,"Chris Liepe ""Free Your Voice"" Free Course - YouTube",Chris Liepe,"видео, где упражнение есть внутри распевки",https://www.youtube.com/shorts/GIVEEPoFvAI,"Найден только плейлист бесплатного курса Chris Liepe Free Your Voice (урок №3 внутри), а не отдельное видео. alt: short 'Keep all the vowels spinning in the mask' (автор неизвестен)."
RE-10,Три упражнения на тёплый тембр,Warmer vocal tone exercises (3),RESONANCE,Три упражнения на тёплый насыщенный тембр. Содержание в открытых фрагментах не найдено.,Узкий или слишком яркий тембр,средний,1,после показа педагогом,1,Dr Dan Robinson,сырой №45. https://www.djarts.com.au/singing-tips/singing-exercises-for-warmer-vocal-tone/ (по названию видео),https://www.youtube.com/watch?v=Vfpj4CFnWvk,How to Develop a Rich Warm Tone | Better Singing Voice - YouTube,неизвестен (вероятно не Dr Dan),то же упражнение у другого коуча,https://www.youtube.com/watch?v=VaWk-ZYOAqE,Видео Dr Dan про 3 упражнения на тёплый тембр в поиске не нашлось. alt: 'Choral Warm up #4: Vocal Warm up for richer tone'.
RE-11,"«З-И-А»: жужжание, переходящее в «И» и «А»",ZZ-EE-AAH,RESONANCE,"Цепочка ZZ → EE → AAH на 1-3-5-8-8-5-3-1. На ZZ звук жужжит впереди лица, фокус «И» сохраняется, когда гласная раскрывается в «А».","Нет переднего фокуса, «А» без фокуса «И». Помогает белту и миксу",новичок,2,после показа педагогом,1,Felicia Ricci,сырой №66. https://www.tumblr.com/mynameisfel (пересказ её поста в поисковой выдаче). Нагрузка 2: паттерн на октаву.,https://www.youtube.com/watch?v=atPid_sPeHo,HOW TO IMPROVE VOCAL RESONANCE (Lesson 2): 'Frontal Buzz' - YouTube,неизвестен (не Felicia Ricci),то же упражнение у другого коуча,https://www.youtube.com/shorts/XPR2vR67_0o,Видео Felicia Ricci с ZZ-EE-AAH не найдено. Даны похожие упражнения (жужжание впереди → гласная). alt: short 'Z Sound - Vocal Warm Up Exercise'.
RE-12,Упражнение на яркий тон «ХАН-ГИ»,Bright Tone Exercise (HUN GHI),RESONANCE,Слоги «hun – ghi»: носовое ng переходит в звонкое gi. Нотный рисунок не найден.,"Открывает резонанс, выравнивает грудной, головной и микст",средний,2,после показа педагогом,1,Cheryl Porter,сырой №7. https://www.tiktok.com/@cherylporterdiva/video/7548701427351162142 (описание в поиске),,,Cheryl Porter,не найдено,https://www.youtube.com/watch?v=9dVW9E40-Gw,"Упражнение HUN-GHI в поиске не найдено. alt: 'Cheryl Porter's 10 Minute Daily VOCAL WORKOUT (For Singing All Levels!)' — общая распевка, есть ли там упражнение, не подтверждено."
RE-13,Гаммы на гласные «с открытым горлом» (и-э-а-о-у),Open throat vowel scales (ee-ay-ah-oh-oo),RESONANCE,"Гаммы и арпеджио на цепочку гласных. Челюсть свободна, гортань стабильна.","Неровные гласные, зажим на закрытых гласных",средний,2,после показа педагогом,1,Ken Tamplin,"сырой №180. https://www.youtube.com/@KenTamplinVocalAcademy (по памяти модели, не проверено). Близко к RE-02 стартового набора.",https://www.youtube.com/watch?v=M0-Pc2k4V2Y,Open Throat Singing Method - How It Really Works - Ken Tamplin Vocal Academy 4K - YouTube,Ken Tamplin Vocal Academy,"видео, где упражнение есть внутри распевки",https://www.youtube.com/watch?v=YkXHQJc9L6s,Видео Ken Tamplin про открытое горло; гаммы на гласные показаны в его распевках. alt: 'Free Vocal Warm Up Exercises - Daily Vocal Warm Ups - Ken Tamplin Vocal Academy'.
RE-14,"Hooty («совиный», тёмный) и Bratty («капризный», твэнг)",Hooty vs Bratty workouts,RESONANCE,Контрастная пара на гаммах: тёмная округлая «hooty»-гласная и узкая яркая «bratty»-гласная (вроде «nyah»).,"Нет баланса резонанса, нет управления яркостью",средний,2,после показа педагогом,1,Robert Lunte,"сырой №140. https://www.thevocaliststudio.com/ (по памяти модели, не проверено)",https://www.youtube.com/watch?v=OVBRpwddqgo,"Power To Sing Live #38: When Singing Why Use Bratty, Dopey and Hootie Sounds? - YouTube",Power To Sing,то же упражнение у другого коуча,https://www.youtube.com/watch?v=3A_rU8bIcf0,"У Robert Lunte видео про hooty/bratty не найдено. alt: 'OO Vowel Singing - SQUEEZED, HOOTY OR TIGHT?'."
RE-15,Опора и лицевой резонанс по диапазону (Free Your Voice №2),Support + facial resonance across range,RESONANCE,Держать опору и «лицевой» резонанс на разных нотах диапазона.,Опора и резонанс пропадают при смене высоты,новичок,2,после показа педагогом,1,Chris Liepe,сырой №53. https://chrisliepe.com/get-my-free-training-series/ (описание курса),https://www.youtube.com/playlist?list=PLM6ZqKY9g4g8dA_1uMhmAJQ2nic7uwAgI,"Chris Liepe ""Free Your Voice"" Free Course - YouTube",Chris Liepe,"видео, где упражнение есть внутри распевки",https://www.youtube.com/watch?v=cz4sXKahELY,"Отдельного видео урока №2 не найдено, только плейлист курса. alt: Chris Liepe 'STOP ""supporting"" your voice like this (please) It's TRAPPING your voice!' (про опору)."
RE-16,«Разогрев Джеймса Чарльза» и «Дай пять»,James Charles Warm Up / High Five,RESONANCE,Два упражнения из урока Vowel Placement на гибкость и позицию гласных. Паттерн не найден.,Негибкие гласные,средний,2,после показа педагогом,1,Cheryl Porter,сырой №18. https://course.cherylportermethod.com/courses/823327/lectures/14965921 (оглавление курса),https://www.youtube.com/watch?v=w2byAES0OlY,"Singing tips on ""Vowel placement"" from Cheryl Porter Vocal ...",Cheryl Porter Vocal Coach,"видео, где упражнение есть внутри распевки",https://www.youtube.com/watch?v=-wQRr8NFIDI,"Урок Cheryl Porter про позицию гласных; упражнения «James Charles Warm Up» / «High Five» по названию не найдены, их наличие в видео не подтверждено. alt: 'Cheryl Porter Vocal Workout - Voice agility, linking registers and vowels'."
RE-17,Профессиональная распевка 3: улучшение тембра и освобождение горла,Professional Vocal Warmup 3 – Improving Vocal Tone (Freeing The Throat),RESONANCE,Распевка в формате «пой вместе». Паттерны не найдены.,"Зажатое горло, тусклый тембр",средний,2,после показа педагогом,1,Eric Arceneaux,сырой №93. https://www.youtube.com/watch?v=NMFH6Ob801I (по названию видео),https://www.youtube.com/watch?v=NMFH6Ob801I,"Professional Vocal Warmup 3 - ""Improving Vocal Tone (Freeing The Throat)"" - YouTube",Eric Arceneaux,точное,,Название совпадает точно.
ON-01,"Атаки: твёрдая, придыхательная, одновременная (сбалансированная) и окончания звука",Onsets & offsets: glottal / aspirate / simultaneous (balanced onset drills),ONSET,"Одна гласная на удобной ноте, три типа атаки по очереди. Цель: мягкая одновременная атака «ah» без щелчка и без «хх». Отдельно отрабатывается окончание звука.",Удар или воздух в начале ноты,средний,2,после показа педагогом,3,"Dr Dan Robinson, Robert Lunte, Estill Voice Training","сырые №39, 138, 178. Dr Dan (вторичный источник): https://www.djarts.com.au/singing-tips/vocal-onsets-and-offsets/ ; Lunte, Estill — по памяти модели, не проверено. Дома только одновременная атака, твёрдую не давать (§2.6).",https://www.youtube.com/watch?v=3IKXjTZUs-s,"Vocal Onsets and Offsets | Glottal, Aspirate and Simultaneous | #DrDan 🎤 - YouTube",Dr Dan's Voice Essentials,точное,https://www.youtube.com/watch?v=Y7dZffsDpKE,Точное видео Dr Dan. alt: Robert Lunte 'Robert Lunte Live: Onset Techniques Every Singer NEEDS'. Также есть 'Glottal vs Aspirate vs BALANCED ONSET for singers' https://www.youtube.com/watch?v=pttjdYJEOVA.
ON-02,Стаккато «ха» (толчки опоры),Staccato 'ha' / panting support pulses,ONSET,"Короткие «ha-ha-ha» на одной ноте или на 1-3-5-3-1. Импульс идёт от живота, горло свободно.","Вялая опора, неточная атака",средний,2,после показа педагогом,2,"Ken Tamplin, Cathrine Sadolin (CVT) (+ классика appoggio)","сырой №177. https://www.youtube.com/@KenTamplinVocalAcademy (по памяти модели, не проверено). Мягкая версия близка к ON-02 стартового набора («ха → а»).",https://www.youtube.com/watch?v=mhSYK9PpzPk,Day 14: Staccato (Vocal & Breath Exercise)- 30 days of Breath Support,"не указан в выдаче (по описанию, серия Ken Tamplin «30 Days of Breath Support»)",то же упражнение у другого коуча,https://www.youtube.com/watch?v=hjgIAu0-S4w,"Отдельного видео Ken Tamplin или CVT именно про стаккато «ха» в выдаче нет. Поисковик относит «Day 14» к серии Ken Tamplin, но канал не подтверждён. Запасная ссылка: «Master Breath Support - Staccato Exercise for Advanced Singers», канал не указан. Близкое по теме видео Tamplin: https://www.youtube.com/watch?v=Wv3T-xA28fE (Increase Vocal Range with Diaphragmatic Support)."
ON-03,Вокальный фрай для смыкания (компрессия),Vocal fry (compression / resistance training),ONSET,"Лёгкое ровное «потрескивание» на низах без зажима горла, по шаблонам арпеджио.","Воздух утекает, слабое смыкание. По словам Arceneaux, это «тренировка с сопротивлением» для диафрагмы",новичок,2,только с педагогом,2,"Felicia Ricci, Eric Arceneaux","сырые №70, 82. https://docplayer.net/37593567-Singing-transformation-360-degrees-of-vocal-training-by-felicia-ricci.html ; https://flypaper.soundfly.com/tips/it-only-takes-5-minutes-to-master-these-3-simple-vocal-warm-up-exercises/ (вторичные источники). Фрай только по назначению (§2.6).",https://www.youtube.com/watch?v=X0YHDKZ7hU0,Sing With Compression - Vocal Fry - Gabriela Gunčíková Before and After - Ken Tamplin Vocal Academy,Ken Tamplin Vocal Academy,то же упражнение у другого коуча,https://www.youtube.com/watch?v=_1lQN6rB7zg,"Видео про фрай у Felicia Ricci и Eric Arceneaux в выдаче не нашлось. Запасная ссылка: «How To Practice Vocal Fry (Vocal Tutorial)», канал не указан. Ещё вариант: https://www.youtube.com/shorts/2MxKXXCwn24 («The Vocal Fry Exercise»)."
ON-04,Пятинотная гамма с одновременной атакой,Five Note Scale with Simultaneous Onset,ONSET,"1-2-3-4-5-4-3-2-1 вверх и вниз по полутонам. Каждая фраза начинается одновременной атакой: воздух и смыкание вместе, без придыхания и без удара. Dr Dan называет его лучшим упражнением для новичка.","Грязная атака, базовая координация, интонация",новичок,1,да,1,Dr Dan Robinson,сырой №30. https://www.djarts.com.au/singing-tips/best-beginner-singing-exercise/ (подтверждено),https://www.youtube.com/watch?v=lH6cZFk5iPg,BEST beginner SINGING exercise | The 5 Note Scale | #DrDan,Dr Dan (Dr Dan's Voice Studio),точное,,Видео Dr Dan о пятинотной гамме как лучшем упражнении для новичка (сентябрь 2015).
ON-05,Стаккато на «М» закрытым ртом,Staccato M,ONSET,Короткие отрывистые ноты на закрытом «М». Модуль курса Elite Singing Techniques Phase I.,"Точное смыкание, координация мышц гортани",новичок,1,после показа педагогом,1,Eric Arceneaux,сырой №83. https://brainlearns.org/courses/eric-arceneaux-elite-singing-techniques-phase-i/ (описание курса). Близко к ON-01 стартового набора.,https://www.youtube.com/shorts/rTQsN_LZdvc,Breathy voice? Improve vocal fold closure with staccato & legato,не указан в выдаче,то же упражнение у другого коуча,https://www.youtube.com/watch?v=J0oYL0I9WnM,"«Staccato M» — модуль платного курса Eric Arceneaux, отдельного видео на YouTube не найдено. Найденный shorts посвящён стаккато и легато для смыкания, но звук «М» по названию не подтверждён. Запасная ссылка: «Staccato Vocal Exercises», канал не указан."
ON-06,От стаккато «М» к легато «М»,Staccato M to Legato M,ONSET,"Сначала фраза стаккато на «М», затем та же фраза связно, с тем же контролем смыкания.",Переход от точной атаки к ровному связному звуку,средний,1,после показа педагогом,1,Eric Arceneaux,сырой №84. https://www.soundfro.com/elite-singing-techniques-review/ (обзор курса),https://www.youtube.com/shorts/rTQsN_LZdvc,Breathy voice? Improve vocal fold closure with staccato & legato,не указан в выдаче,то же упражнение у другого коуча,,"Видео Eric Arceneaux «Staccato M to Legato M» не найдено: это модуль платного курса. Shorts показывает ту же идею (стаккато, потом легато ради смыкания), но звук «М» по названию не подтверждён."
ON-07,«Тайсон Фьюри»: выносливость и атака на «ми-ме-ма-мо-му»,Tyson Fury,ONSET,"«mi me ma mo mu» с чёткой атакой каждой ноты, на выносливость. «Жечь» должно в корпусе, а не в горле. При хрипоте или боли остановиться.","Выносливость голоса, контроль дыхания, атака, интонация",средний,3,только с педагогом,1,Cheryl Porter,сырой №4. https://braghq.com/cheryl-porter-vocal-warm-ups/ (подтверждено). Упражнение «на выносливость» (§2.6).,https://www.youtube.com/watch?v=T4jZYYUBwoc,The Mi Me Ma Mo Mu Vocal Exercise,"не указан в выдаче (вероятно, Cheryl Porter Vocal Coach)",точное,https://www.youtube.com/watch?v=Sm8bHo04Z5k,"Видео с названием «Tyson Fury» не найдено. Это упражнение Cheryl Porter «mi me ma mo mu». Запасная ссылка: «WORLDS most VIRAL Vocal Exercise w/#1 VOCAL COACH», канал Cheryl Porter."
ON-08,Гамма с фокусом на нижнем прессе (твёрдая атака),Scale/melody with lower-ab focus (glottal attack),ONSET,"Простая мелодия или кусок гаммы. Внимание на нижних мышцах живота, начало звука твёрдой (глоттальной) атакой.","Вялая атака, звук не связан с опорой",средний,2,только с педагогом,1,Chris Liepe,сырой №51. https://jamplay.com/articles/5-guides/193-action-points-for-rock-singers-part-2 (вторичный источник). Твёрдая атака (§2.6).,https://www.youtube.com/watch?v=763Kuo9UUl0,Strengthen Your Head Voice: Glottal Onsets,не указан в выдаче (найдено по запросу про Chris Liepe),то же упражнение у другого коуча,https://www.youtube.com/watch?v=QdU3lpOeIr0,"Видео про твёрдую атаку. Что оно с канала Chris Liepe, не подтверждено. Запасная ссылка: «the RIGHT way to build Vocal STAMINA (simple exercise)», вероятно Chris Liepe. Там же есть его shorts про пресс: https://www.youtube.com/shorts/WdLnWduKxdU."
ON-09,Профессиональная распевка 4: укрепление голоса,Professional Vocal Warmup 4 – Strengthening The Voice,ONSET,Распевка в формате «пой вместе». Паттерны не найдены.,"Слабый голос, выносливость",средний,2,после показа педагогом,1,Eric Arceneaux,сырой №94. https://www.youtube.com/watch?v=Lyl_yt0RN0s (по названию видео). Навык назначен условно.,https://www.youtube.com/watch?v=Lyl_yt0RN0s,"Professional Vocal Warmup 4 - ""Strengthening The Voice""",EricArceneaux,точное,,"Именно эта распевка, опубликована 16.07.2013."
RG-01,«Вредное» гнусавое «Нэй» (bratty nay),"Bratty 'Nay' / 'Neigh' (5-tone scale, octave arpeggio, long scale)",REGISTER,"«Nay» капризным, «ведьминым» тоном с твэнгом. Паттерны: 1-2-3-4-5-4-3-2-1, 1-3-5-8-5-3-1, 5-4-3-2-1, длинная гамма или полторы октавы через переход. Не громко. SLS даёт его как временный инструмент.","Провал в фальцет на переходе, воздушный слабый микст, срывы. Истончает связки без «вытягивания» грудного. При злоупотреблении может поднимать гортань",средний,2,после показа педагогом,7,"Brett Manning, Seth Riggs, Roger Love, Kevin Richards, Robert Lunte, Tristan Paredes, Kegan DeBoer","сырые №114, 115, 126, 147, 154, 157, 163. Manning (вторичные источники): https://singingsuccess.com/master-chest-voice/ ; https://www.scribd.com/document/343823750/Brett-Manning-s-Singing-Success ; Riggs: https://www.scribd.com/document/970815877/Speech-Level-Singing-by-Seth-Riggs ; Love, Richards, Lunte, Paredes, DeBoer — по памяти модели, не проверено",https://www.youtube.com/watch?v=mYaicBcsUAI,Brett Manning's Top 10 Pop Exercises - Singing Success,Singing Success,"видео, где упражнение есть внутри распевки",https://www.youtube.com/watch?v=lCnW14uicPo,"Отдельного видео Brett Manning про bratty nay не найдено. Подборка его упражнений, «Nay» в ней не подтверждён. Запасная ссылка: «Nay Nay Nay Vocal Exercise : Top Singing Exercises Part 4», канал не указан. Ещё вариант: https://www.youtube.com/watch?v=Xg8UGDfEpcQ («#3 Daily Singing Exercise | NAY NAY»)."
RG-02,Модификация гласных к верху (и почему не петь «И» на верхах),"Vowel modification (ah→uh/aw, ee→ih; Don't sing 'EE' on high notes)",REGISTER,"Гамма или арпеджио вверх. На подходе к переходу гласная постепенно «сужается» или «затемняется»: ah→uh/aw, ee→ih. По словам Dr Dan, это не делается нарочно, а «происходит» в ходе упражнения.","Крикливый «раскрытый» верх, поднятая гортань, зажим на закрытых гласных, неровный переход",средний,2,после показа педагогом,5,"Dr Dan Robinson, Ken Tamplin, Chris Liepe, Tristan Paredes, Robert Lunte (+ классика aggiustamento)","сырые №40, 41, 134, 183. Dr Dan (вторичный источник): https://www.djarts.com.au/singing-tips/vowel-modification/ ; https://www.youtube.com/watch?v=WOodJ_6bfw8 (по названию видео, чем заменять «И» — не найдено); Tamplin, Liepe, Paredes, Lunte — по памяти модели, не проверено. Применение в песне — DI-02.",https://www.youtube.com/watch?v=WOodJ_6bfw8,DON'T Sing 'EE' on High Notes - Do This Instead | #DrDan,Dr Dan,точное,https://www.youtube.com/watch?v=GkLV8FVQcek,"Запасная ссылка: «Vowel Modification for Singers: with singing exercises | #DrDan», тоже Dr Dan."
RG-03,«Ги» / «Гэ» / «Гаг» / «Гу» / «Гуг» («глуповатый» звук),Gee / Guh / Gug / Goo / Goog (dopey G-syllables),REGISTER,"Слоги с «г» чуть глуповатым, затемнённым звуком. «Гу» (закрытая «у») и «гаг» держат гортань ниже, «ги» даёт больше смыкания. 5-тоновая гамма, октавное арпеджио или полторы октавы (1-3-5-8-10-12-11-9-7-5-4-2-1), по полутонам через переход. В SLS это временный инструмент.","Гортань поднимается на переходе, тянется грудной, воздушный «разваливающийся» верх, провал в фальцет",средний,2,после показа педагогом,4,"Brett Manning, Seth Riggs, Roger Love, Kegan DeBoer","сырые №113, 118, 129, 145, 153 (часть про gug), 156, 165. https://www.scribd.com/document/343823750/Brett-Manning-s-Singing-Success ; https://singingsuccess.com/mastering-mix-is-a-manning-masterpiece/ ; https://www.foundationvocalcourse.com/pages/blog/what-i-learned-from-speech-level-singing-sls-and-why-it-doesnt-work ; Love, DeBoer — по памяти модели, не проверено",https://www.youtube.com/watch?v=QoPMULLceaU,Lesson #9 - How to do the Gug Exercise,не указан в выдаче,то же упражнение у другого коуча,https://www.youtube.com/watch?v=6IW4cd87HsA,"Видео Brett Manning или Seth Riggs про «Гаг»/«Гуг» не найдено. Запасная ссылка: «Lesson #8 How to do the Goog Exercise», вероятно тот же канал. Ещё вариант: https://www.youtube.com/watch?v=aeaGo4j1JXY («Vocal Tone Exercise #5 - On Gug»)."
RG-04,«Мам» на октаве и арпеджио: «глуповатый» или «вредный»,Mum (dopey / bratty) on octave scale / arpeggio,REGISTER,"Слог «mum» на октавной гамме или на 1-3-5-8-5-3-1 через переход. «Dopey»-версия с тёмным звуком нужна, когда гортань поднимается. «Bratty»-версия — когда нужно больше смыкания.","Высокая гортань (dopey), воздушный или распадающийся звук (bratty), разрыв регистров",средний,2,после показа педагогом,4,"Brett Manning, Seth Riggs, Roger Love, Kegan DeBoer","сырые №116, 128, 153 (часть про mum), 164. https://www.scribd.com/document/343823750/Brett-Manning-s-Singing-Success ; https://www.youtube.com/watch?v=F2VcHgA_tkw (по названию видео); Love, DeBoer — по памяти модели, не проверено",https://www.youtube.com/watch?v=Z0rnN8wTQzI,Vocal Tone Exercise #7 - On Mum,не указан в выдаче,то же упражнение у другого коуча,https://www.youtube.com/watch?v=F0nXWKp74-A,"Видео Brett Manning про «Mum» не найдено. Запасная ссылка: «How to Warm Up Voice with Mum Exercise | Vocal Lessons», канал не указан. Варианты «bratty»/«dopey» по названиям не подтверждены."
RG-05,Сирены по диапазону и глиссандо фальцетом,Full range vocal sirens / falsetto slides / bridging sirens,REGISTER,"Плавное скольжение снизу вверх и обратно через переход, отдельно в фальцете. Тихо, без толчков. Дома только до верха урока (в оригинале через весь диапазон).","Разрыв между регистрами, негибкая гортань, узкий диапазон",новичок,2,после показа педагогом,4,"Dr Dan Robinson, Jaime Vendera, Madeleine Harvey, Robert Lunte","сырые №32, 103, 136, 141. Dr Dan (фрагмент оглавления курса): https://www.voiceessentials.com.au/courses/dr-dan-s-singing-warm-ups-and-vocal-cool-downs ; Harvey (НЕНАДЁЖНО: состав упражнений взят из сводки поиска, среди них ещё «transcending tones»): https://www.youtube.com/watch?v=temMd2x6ErE ; Vendera, Lunte — по памяти модели, не проверено. Близко к FR-02 и RG-01 стартового набора.",https://www.youtube.com/watch?v=BGrCKzvAapA,Vocal Sirens are AWESOME! Learn three different Sirens | #DrDan 🎤,Dr Dan's Voice Essentials (Dr Dan Robinson),точное (видео именно об этом упражнении от указанного коуча),https://www.youtube.com/watch?v=DR35ycLaO6E,"Запасная ссылка: «Singing Exercise - Increase Your Vocal Range Using Sirens», канал по поиску не указан."
RG-06,"«Плач», всхлип, «детский плач»",Cry / Whimper / Sob / Baby cry,REGISTER,"Лёгкий «плачущий», поскуливающий звук на «wah», «ooh», «ee». Нисходящие фразы 5-1 и слайды через переход. У Ricci это имитация хныканья младенца для резонанса.","Жёсткий, кричащий верх. Гортань остаётся низкой, щитовидный хрящ наклоняется, верх становится мягким",средний,2,после показа педагогом,4,"Seth Riggs (SLS cry), Estill Voice Training (Sob), Justin Stoney, Felicia Ricci","сырые №73, 168. https://www.tumblr.com/mynameisfel (упоминание у Ricci, вторичный источник); https://www.estillvoice.com/ ; Riggs, Stoney — по памяти модели, не проверено",https://www.youtube.com/watch?v=8BYJ5tmlW84,Cry Like a Baby to Strengthen Your Mix!,Felicia Ricci (вероятно; по выдаче поиска),точное (видео именно об этом упражнении от указанного коуча),https://www.youtube.com/watch?v=1w1Ng5qVwAI,"Запасная ссылка: Justin Stoney, «How to apply CRY and WHIMPER to Songs: Contemporary Vocal Techniques (Lesson 1)». По выдаче нельзя однозначно сказать, чей канал у основного видео."
RG-07,«Баб-баб-баб» на гамме,Bub scales,REGISTER,"Слог «bub» на гамме, звук слегка приглушённый. Взрывная B создаёт небольшое обратное давление. Можно стаккато или легато.","Слабое смыкание, разрыв регистров, мягкая точная атака, высокая гортань",новичок,1,после показа педагогом,2,"Brett Manning, Roger Love","сырые №119, 148, 159. https://singingsuccess.com/mastering-mix-is-a-manning-masterpiece/ (вторичный источник); Love — по памяти модели, не проверено",https://www.youtube.com/watch?v=mYaicBcsUAI,Brett Manning's Top 10 Pop Exercises - Singing Success,Singing Success (Brett Manning),"видео, где упражнение есть внутри распевки",,"Отдельного видео про «bub» не нашлось. Что «bub» входит в этот топ-10, по поиску не подтверждено."
RG-08,Цепочка «гу» → «го» → «ги» → «ба» → «на»,Progression goo → go → gee → ba → na,REGISTER,"Сначала закрытые слоги goo, go, gee. Когда они даются легко, переход к открытым ba и na.",Перенос связного голоса с закрытых гласных на открытые,средний,2,после показа педагогом,1,Brett Manning,сырой №120. https://singingsuccess.com/mastering-mix-is-a-manning-masterpiece/ (вторичный источник),https://www.youtube.com/watch?v=XzKWpVUrlNE,Vocal Exercise 10 - Goo Gee,не указан (в выдаче связан с упражнениями Brett Manning),то же упражнение у другого коуча,https://www.youtube.com/watch?v=TRhT2aJCMyo,"Показана только часть цепочки: goo/gee. Запасная ссылка: «#4 more goo and gee», канал не указан."
RG-09,"Проговаривание-пропевание BUB, MUM, NAY, NAAY, GUH",Speak-sing BUB / MUM / NAY / NAAY / GUH on 5-tone scale,REGISTER,Слоги по очереди произносятся речевым тоном на 5-тоновой гамме.,Грудной голос без форсирования,новичок,1,после показа педагогом,1,Brett Manning,сырой №117. https://singingsuccess.com/master-chest-voice/ (вторичный источник),https://www.youtube.com/watch?v=F2VcHgA_tkw,"SLS - Speech Level Singing ""Mum"" Exercise explained",не указан,то же упражнение у другого коуча,https://www.youtube.com/watch?v=mYaicBcsUAI,Показан только слог «mum» из серии SLS. Запасная ссылка: Brett Manning's Top 10 Pop Exercises.
RG-10,«Ма» снизу вверх без усиления громкости,'Ma' exercise,REGISTER,"Слог «ma» поётся снизу вверх так, чтобы громкость не росла.","Громкость растёт с высотой, «дотягивание» верха",новичок,1,после показа педагогом,1,Seth Riggs,сырой №127. https://www.scribd.com/document/970815877/Speech-Level-Singing-by-Seth-Riggs (вторичный источник),https://www.youtube.com/watch?v=6FsevxE3hNQ,Learn to Sing: Vocal Exercise 1 from Singing for the Stars,не указан,то же упражнение у другого коуча,https://www.youtube.com/watch?v=vohOTEkl_N8,"Упражнения из книги Seth Riggs «Singing for the Stars». Что там поётся именно «ma», по названию не подтверждено. Запасная ссылка: «Seth Riggs speech level singing chapter exercise 1»."
RG-11,Скольжение из грудного вверх с «ломкой» в головной,Chest-to-head slide with break,REGISTER,"Слайд из грудного вверх до предела, затем позволить голосу «сломаться» в головной. Ломку принять и изучить.","Страх перехода, не понятно, где граница регистров",новичок,2,после показа педагогом,1,Chris Liepe,сырой №50. https://jamplay.com/articles/5-guides/193-action-points-for-rock-singers-part-2 (статья автора). Дома не выше верха урока.,https://www.youtube.com/watch?v=8qL-nU4Bd8w,DO NOT try to eliminate your vocal break!! Songs like THIS show WHY!,Chris Liepe (по выдаче поиска),точное (видео именно об этом упражнении от указанного коуча),https://www.youtube.com/watch?v=fE-A8XXWSq4,Тема та же: принять ломку голоса. Сам слайд по названию не подтверждён. Запасная ссылка: «Fool Yourself into eliminating your BREAK».
RG-12,VFE 2 и 3 Стемпла: глиссандо вверх и вниз на «knoll»,Vocal Function Exercises 2 & 3 — stretching and contracting glides on 'knoll',REGISTER,"Слайд от самой низкой ноты к самой высокой (VFE 2) и обратно (VFE 3) на слове «knoll». Губы округлены, тихо, по 2 раза.","Связки растягиваются и сокращаются, диапазон соединяется",новичок,1,после показа педагогом,1,Joseph Stemple (клинический протокол),"сырой №188. https://pubmed.ncbi.nlm.nih.gov/?term=Stemple+vocal+function+exercises+systematic+review (по памяти модели, не проверено)",https://www.youtube.com/watch?v=uM2TLN7nQW0,"Vocal Function Exercises by Joseph Stemple, PhD",не указан,точное (видео именно об этом упражнении от указанного коуча),https://www.youtube.com/watch?v=C9PzSTbGw88,Запасная ссылка: «REVIVE your VOICE! Vocal Function Exercises (Stemple)».
RG-13,«БВА» на октавном арпеджио («пробка» на губах),BWAH on octave arpeggio (bottle-stopper B),REGISTER,"Вдох «на 360°». Губы на «B» держат воздух, как пробка, затем звук «лопается» в «BWAH». Паттерн 1-3-5-8-8-8-8-5-3-1. Фокус у передней части губ, «рыбьи губы». Челюсть сзади отпущена, глотка раскрывается по мере подъёма.","Звук уходит вперёд «в маску», развиваются белт и микст, верх не проседает по интонации",средний,2,после показа педагогом,1,Felicia Ricci,сырой №65. https://mynameisfel.tumblr.com/post/101772460795/heres-another-lil-vocal-warmup-to-add-to-your (пересказ поста; сама страница заблокирована),,,Felicia Ricci,не найдено,https://www.youtube.com/playlist?list=PLMLNc6Z2yl64IDQB_v0Mp11PntsYKd_aL,Видео с «BWAH» не нашлось. Запасная ссылка: плейлист «Voice Lessons - Felicia Ricci».
RG-14,«Крылья ангела»: сглаживание перехода,Angel's Wings,REGISTER,Смешивание регистров и чистый проход через passaggio (урок 6). Паттерн не найден.,"«Ломка» на переходе, неровные регистры",средний,2,после показа педагогом,1,Cheryl Porter,сырой №19. https://course.cherylportermethod.com/courses/823327/lectures/14965926 (оглавление курса),,,Cheryl Porter,не найдено,https://www.youtube.com/watch?v=IwvHxM_sb-k,"«Angel's Wings» не нашлось. Запасная ссылка: «Cheryl Porter Vocal Workout - Mixed Voice», упражнение на тот же навык."
RG-15,"«Послушай красивую песню», «Все подпевают», «Малиновка поёт»",Listen To The Pretty Song / Ev'rybody Sing Along / The Robin Sings,REGISTER,Серия урока 6: грудной соединяется с головным и микстом. В «The Robin Sings» добавлена позиция гласных на переходе.,"Регистры не смешиваются, нет микста",средний,2,после показа педагогом,1,Cheryl Porter,сырой №20. https://course.cherylportermethod.com/courses/823327/lectures/14965926 (оглавление курса),,,Cheryl Porter,не найдено,https://www.youtube.com/watch?v=-wQRr8NFIDI,"Упражнения с этими названиями не нашлись. Запасная ссылка: «Cheryl Porter Vocal Workout - Voice agility, linking registers and vowels», тема похожая."
RG-16,Распевка микста,Warm-Up Your Vocal Mix,REGISTER,"Распевка, в которой смешиваются грудной и головной регистры (2022). Слоги и паттерн не найдены.","Регистровые переломы, «ступенька» на переходе",средний,2,после показа педагогом,1,Madeleine Harvey,сырой №102. https://www.youtube.com/watch?v=InuHdlwkndg (по названию видео),https://www.youtube.com/watch?v=InuHdlwkndg,Warm-Up Your Vocal Mix - blend your head and chest voice,Madeleine Harvey,точное (видео именно об этом упражнении от указанного коуча),,Опубликовано 15.07.2022.
RG-17,«Сильвия Долорес»: продвинутое смешивание в подвижности,Silvia Dolores,REGISTER,Смешивание регистров вместе с подвижностью (урок 6).,Микст на подвижных пассажах,продвинутый,2,после показа педагогом,1,Cheryl Porter,сырой №21. https://course.cherylportermethod.com/courses/823327/lectures/14965926 (оглавление курса),https://www.youtube.com/watch?v=-wQRr8NFIDI,"Cheryl Porter Vocal Workout - Voice agility, linking registers and vowels",Cheryl Porter Vocal Coach,"видео, где упражнение есть внутри распевки",https://www.youtube.com/watch?v=9dVW9E40-Gw,"Видео с названием «Silvia Dolores» не нашлось. Взята распевка Cheryl Porter на подвижность и соединение регистров. Есть ли там именно это упражнение, не проверено."
RG-18,Уплотнение микста,Thicken up your mixed voice,REGISTER,Экспериментальные «странные» звуки на нотах между верхом грудного и низом головного. Внимание и фокус важны не меньше самого звука.,Тонкий микст на средних верхних нотах,продвинутый,2,только с педагогом,1,Chris Liepe,сырой №58. https://chrisliepe.com/how-to-thicken-up-your-mixed-voice/ (вторичный источник),https://www.youtube.com/watch?v=cH6hj9uLYwE,"How to Get a Thicker, Beefier Mixed Voice (Combine These 3 Steps)",Chris Liepe,точное,,"Видео коуча об уплотнении микста. Судя по названию, это та самая тема."
RG-19,«Фаринкс»: фальцет с фарингальным резонансом,Farynx,REGISTER,"Фальцетное звучание с узким «твэнговым» фарингальным резонансом, затем соединение с грудным.","Бриджинг, построение верхнего микста",продвинутый,2,только с педагогом,1,Robert Lunte,"сырой №139. https://www.thevocaliststudio.com/ (по памяти модели, не проверено)",https://www.youtube.com/watch?v=xAfz_OEE1c8,Lifting The Pharynx When Singing | Vocal Exercises | The Vocalist Studio,Robert Lunte & The Vocalist Studio,"видео, где упражнение есть внутри распевки",https://www.youtube.com/watch?v=BACPf4A8QjA,Видео с названием «Farynx» не нашлось. Взято близкое видео Лунте о фаринксе. Запасная ссылка: «How to Sing Falsetto» того же автора.
RG-20,"Фрай, переходящий в головной голос",Vocal fry to head voice,REGISTER,"Тихий фрай на низу, из него слайд в головной голос с сохранением смыкания.","Воздушный верх, слабое смыкание",продвинутый,2,только с педагогом,2,"Robert Lunte, Jaime Vendera","сырой №182. https://www.youtube.com/@TheVocalistStudio (по памяти модели, не проверено). Фрай только по назначению (§2.6).",https://www.youtube.com/shorts/2MxKXXCwn24,The Vocal Fry Exercise,не указан в результатах,то же упражнение у другого коуча,https://www.youtube.com/watch?v=uK40ONgG_N4,"Видео Лунте или Вендеры именно про переход из фрая в головной не нашлось. Основная ссылка — общее упражнение на фрай, неизвестного автора. Запасная — Robert Lunte, «Vocal Training To Build the Head Voice»."
RG-21,"Усиленный фальцет, переходящий в микст",Reinforced falsetto to mix,REGISTER,"Начать наверху фальцетом, постепенно добавлять плотность и яркость и спускаться через переход без переключения.","Разрыв между грудным и фальцетом, тонкий верх у мужчин",продвинутый,3,только с педагогом,1,Ken Tamplin,"сырой №181. https://www.youtube.com/@KenTamplinVocalAcademy (по памяти модели, не проверено)",https://www.youtube.com/watch?v=Ru2JZxYupg8,How To Build Mixed Voice | Mixed Voice Exercises | Ken Tamplin Vocal Academy,Ken Tamplin Vocal Academy,"видео, где упражнение есть внутри распевки",https://www.youtube.com/watch?v=GpWE0n3j0TU,"Отдельного видео «reinforced falsetto to mix» не нашлось. Взяты упражнения Тамплина на микст. Запасная — его стрим про грудной, фальцет, головной и микст."
AG-01,"Разбор мелизма: медленно по нотам, потом в темп",Riff breakdown (slow → up to tempo),AGILITY,"Выписать ноты рифа, петь по одной, затем группами на «ah» или на слогах. Медленно под метроном, постепенно ускоряясь. Часто пентатоника 1-2-3-5-6.","«Смазанные» мелизмы, неточная интонация в быстрых пассажах",средний,2,после показа педагогом,2,"Natalie Weiss (Breaking Down the Riffs), Cheryl Porter","сырой №184. https://www.youtube.com/@natalieweiss (по памяти модели, не проверено)",https://www.youtube.com/watch?v=EVg3Pj93kIo,Natalie Weiss Explains Breaking Down the Riffs,Natalie Weiss,точное,https://www.youtube.com/watch?v=BIIhUJwfSyA,Натали Вайс объясняет свой метод. Запасная — 1-й эпизод серии («Halo»).
AG-02,Беглость: пентатоника и гамма на нону,Pentatonic / 9-note agility scales,AGILITY,"1-2-3-4-5-6-7-8-9-8-7-…-1 или пентатонические ходы на «ah», легато и стаккато, темп постепенно растёт.","Тяжёлый, негибкий голос",средний,2,после показа педагогом,2,"Mathilde Marchesi, Giuseppe Concone (классическая педагогика); эстрадные коучи без имён","сырой №185. https://pubmed.ncbi.nlm.nih.gov/?term=vocal+agility+singers (по памяти модели, ссылка общая). СОМНИТЕЛЬНО: американский YouTube-коуч не назван.",https://www.youtube.com/watch?v=qVcVy4iXauw,Major Pentatonic Scale Vocal Exercise | Practice for Riffs & Runs,не указан в результатах,то же упражнение у другого коуча,https://www.youtube.com/watch?v=pabIEGm1ihI,"Коучи в каталоге — классическая педагогика, поэтому взято эстрадное упражнение на пентатонику. Запасная — «Pentatonic Riffs and Runs Vocal Warm Up | Vocal Agility Ee Ay Ah»."
AG-03,Дуэт на подвижность «повтори за мной»,Vocal Agility Duet (repeat after me),AGILITY,"Коуч поёт короткую фразу, ученик повторяет. Фразы поднимаются по тональностям. Есть версии для сопрано и тенора и версия «runs & riffs».","Подвижность, точность, смена регистров, выносливость микста",средний,2,после показа педагогом,1,Cheryl Porter,сырой №25. https://www.youtube.com/watch?v=NO3Iw6bvYsQ (по названию видео). Формат совпадает с PI-02 стартового набора («повтор фраз»).,https://www.youtube.com/watch?v=NO3Iw6bvYsQ,VOCAL AGILITY Exercise DUET w/Vocal Coach Cheryl Porter,Cheryl Porter Vocal Coach,точное,https://www.youtube.com/watch?v=67WbTNQ2hp4,Дуэт на подвижность «повтори за мной». Запасная — «Vocal Exercise DUET w/Cheryl Porter Vocal Coach».
AG-04,«Ми лайк ту дэнс»: подвижность на «ми-ме-ма-мо-му»,Mi Like to Dance,AGILITY,"«mi mi mi mi – mi me ma mo mu» быстрым мелодическим рисунком под танцевальный бэкинг. Позиция стабильная, без напряжения.","Интонация, подвижность, резонанс",средний,2,после показа педагогом,1,Cheryl Porter,сырой №2. https://sonichits.com/video/Cheryl_Porter_Vocal_Coach/10_Minute_Daily_VOCAL_WORKOUT!_Vocal_Exercise_(subtitles) (подтверждено по таймкодам),https://www.youtube.com/watch?v=pj219prQH00,FUN Vocal Exercise (Cheryl Porter Vocal Coach),Cheryl Porter Vocal Coach,"видео, где упражнение есть внутри распевки",https://www.youtube.com/watch?v=Sm8bHo04Z5k,"Видео с названием «Mi Like to Dance» не нашлось. Это только предположение: весёлое упражнение Портер, есть ли в нём «mi-me-ma-mo-mu», не проверено."
AG-05,Мелизмы на узкой гласной с согласными G или B,Riffs on narrow vowel with G/B onset,AGILITY,"Рифф поётся на узкой, не придыхательной гласной. Согласные G или B перед нотами «запечатывают» связки. Плюс «рыбьи губы» и контроль дыхания.","Неточные runs и riffs, утечка воздуха",средний,2,после показа педагогом,1,Felicia Ricci,сырой №76. https://www.goodreads.com/author/show/5251327.Felicia_Ricci/blog (пересказ блога),,,,не найдено,https://www.youtube.com/watch?v=LJfKEU9A8ps,"Видео Felicia Ricci про риффы не нашлось, есть только её плейлисты. Запасная — «Riffs and Runs Vocal Warm-Up you can do EVERY DAY (4 exercises!)», автор не указан, это не то же упражнение."
AG-06,«Острое» мычание для мелизмов,Edgy hum,AGILITY,"Найти мычание с яркой, «колючей» окраской и исполнять на нём runs.","Нечёткие, тяжёлые мелизмы",средний,2,после показа педагогом,1,Eric Arceneaux,сырой №87. https://www.tiktok.com/@ericrcno?lang=en (описание в TikTok),,,,не найдено,https://www.youtube.com/watch?v=JvKWRwA2sLQ,"Видео Eric Arceneaux про «edgy hum» не нашлось. Запасная — «""MMM - AH"" Exercise for an Edgy Sound | Live Voice Lesson», автор не указан, это близкое, но не то же упражнение."
AG-07,«Я чувствую музыку»: свинговая подвижность,I Feel The Music,AGILITY,"Подвижный пассаж в свинговом ритме с упором на точность (урок 9, Agility & Intonation).","Подвижность, точность, чувство ритма",средний,2,после показа педагогом,1,Cheryl Porter,сырой №24. https://course.cherylportermethod.com/courses/823327/lectures/14965929 (оглавление курса),,,,не найдено,https://www.youtube.com/watch?v=PQynEer2JAY,"Видео «I Feel The Music» не нашлось. Запасная — дуэт Cheryl Porter на диапазон и темп, это не то же упражнение."
AG-08,«Девушка Гвидо»: открытые и закрытые гласные в пассаже,Guido's Girl,AGILITY,Открытые и закрытые гласные в подвижном пассаже (урок 10).,Позиция открытых и закрытых гласных в движении,средний,2,после показа педагогом,1,Cheryl Porter,сырой №23. https://course.cherylportermethod.com/courses/823327/lectures/14965930 (оглавление курса),https://www.youtube.com/watch?v=-wQRr8NFIDI,"Cheryl Porter Vocal Workout - Voice agility, linking registers and vowels",Cheryl Porter Vocal Coach,"видео, где упражнение есть внутри распевки",https://www.youtube.com/watch?v=NO3Iw6bvYsQ,Отдельного видео «Guido's Girl» не найдено; взята тренировка Портер на подвижность и связку гласных. Запасная ссылка: VOCAL AGILITY Exercise DUET w/Vocal Coach Cheryl Porter. Совпадение не подтверждено.
RA-01,"Губная трель на октавном арпеджио, полутора октавах и гамме Россини",Lip bubble on octave arpeggio / octave-and-a-half (Rossini) scale,RANGE,"Губная трель на 1-3-5-8-5-3-1, на арпеджио в полторы октавы или на полуторооктавной «гамме Россини», по полутонам. Тихо, ровно.","Расширяет диапазон, связывает регистры, верх берётся без напряжения",средний,2,после показа педагогом,4,"Brett Manning, Seth Riggs, Roger Love, Ken Tamplin","сырые №110, 123, 131 (часть), 142 (часть). https://singingsuccess.com/vocal-warmup-exercises/ ; https://singscales.com/singing-for-the-stars-by-seth-riggs/ (вторичные источники); Love, Tamplin — по памяти модели, не проверено. Дома не выше верха урока.",https://www.youtube.com/watch?v=5RmqjUGXy0s,Basic Exercise #2: Rossini Exercise (low voice; with guide melody) - YouTube,неизвестен (по результатам поиска),то же упражнение у другого коуча,https://www.youtube.com/watch?v=XaF5ZeZBeHo,"Видео Бретта Мэннинга, Риггса, Лава или Тамплина именно про губную трель на арпеджио не найдено. Запасная ссылка: Vocal Warm Up Exercise #9 - Lip Roll Arpeggio. Ещё вариант: SOVT - Octave and a Half Scale (https://www.youtube.com/watch?v=4bR0CrzEL0g)."
RA-02,Арпеджио на полторы октавы (базовый паттерн SLS),Octave-and-a-half arpeggio (base pattern),RANGE,"1-3-5-8-10-12-11-9-7-5-4-2-1 (упрощённо: до децимы или дуодецимы и обратно). На нём поются слоги SLS: трель, nay, mum, gee.",Голос проходит через первый и второй переход «одним регистром»,продвинутый,2,после показа педагогом,2,"Seth Riggs, Brett Manning","сырые №130, 167. https://www.scribd.com/document/970815877/Speech-Level-Singing-by-Seth-Riggs (вторичный источник). Паттерн лучше проверить. Дома обрезается по верху урока.",https://www.youtube.com/watch?v=R_Q6-JrjC4c,Vocal Range Extension Exercise | 1.5 Octave Arpeggio - Male - YouTube,неизвестен,то же упражнение у другого коуча,https://www.youtube.com/watch?v=V5_L0hpnsgo,"Основная ссылка — мужская тональность, запасная — женская (Vocal Range Extension Exercise | 1.5 Octave Arpeggio - Female). Видео Риггса или Мэннинга не найдено."
RA-03,Мажорная гамма до ноны вверх и вниз,Ascending and Descending Major Scale with a 9th,RANGE,"1-2-3-4-5-6-7-8-9-8-…-1 по полутонам. Упражнение №15 в Voice Essentials 1, есть и в курсе разогревов и заминок.","Диапазон, ровность по регистрам",средний,2,после показа педагогом,1,Dr Dan Robinson,сырой №31. https://www.voiceessentials.com.au/courses/dr-dan-s-singing-warm-ups-and-vocal-cool-downs (фрагмент оглавления),https://www.youtube.com/watch?v=_XPObIzCrT8,9 Note Major Scale Vocal Exercise,"неизвестен (в поиске рядом с каналом Dr Dan's Voice Essentials, принадлежность не подтверждена)",то же упражнение у другого коуча,https://www.youtube.com/watch?v=feBm38H1q4A,"Паттерн тот же (9 нот мажорной гаммы). Отдельного видео Dr Dan про это упражнение не нашлось. Запасная ссылка — разогрев Dr Dan «Do this EVERY TIME before you sing!»; есть ли там это упражнение, не проверено."
RA-04,Повторы октав,Octave repeats,RANGE,"Скачки на октаву несколько раз подряд (1-8-1-8…), в конце гамма вниз. Слоги «mum», «gee», «nay» или трель. Средний темп.","На верхней ноте теряется соединение регистров, гортань поднимается",продвинутый,2,после показа педагогом,2,"Brett Manning, Seth Riggs (SLS)","сырой №166. https://www.youtube.com/@SingingSuccess (по памяти модели, точный паттерн не проверен)",https://www.youtube.com/watch?v=Ut6EbdvBdBk,Octave Repeat | Vocal Warm-Up in Male Key - YouTube,неизвестен,то же упражнение у другого коуча,https://www.youtube.com/watch?v=oZXaDzbSulk,"Основная ссылка — мужская тональность, запасная — женская (Octave Repeat | Vocal Warm Up in Female Key). Ещё вариант: Vocal Exercise 10: Octave Repeat Ascending (https://www.youtube.com/watch?v=awIiQT0Go8Y). Видео Мэннинга не найдено."
RA-05,Гамма на полторы октавы на «но»/«а» с речевой гортанью,Speech-level singing on 'No' / 'Ah' (one-and-a-half octave scale),RANGE,"После согласных слогов перейти на открытые гласные и петь полторы октавы, сохраняя ощущение спокойной «речевой» гортани.",Выстроенный микст переносится на гласные и песню,средний,2,после показа педагогом,1,Roger Love,"сырой №149. https://rogerlove.com (по памяти модели, не проверено)",https://www.youtube.com/watch?v=7awArM8fQqk,Vocal Warmup 2 - No - YouTube,Roger Love (по описанию в поиске),точное,https://www.youtube.com/watch?v=_WPHob-rQns,Распевка Роджера Лава на «No» (2022). Запасная ссылка — Roger Love's 30 min Vocal Warm Up.
RA-06,«Уханье обезьяны»,Monkey hoot,RANGE,Звонкое «ухающее» «ху-ху» в высокой позиции. Нотный паттерн не найден.,Резонанс и расширение диапазона вверх,средний,2,после показа педагогом,1,Felicia Ricci,сырой №74. https://www.tumblr.com/mynameisfel (вторичный источник),https://www.youtube.com/watch?v=71QibGiYPN4,The “Hoot Owl” Register Blending Singing Exercise for Women | The Natural Artistry of Singing - YouTube,The Natural Artistry of Singing,то же упражнение у другого коуча,,Видео Фелиции Риччи с «Monkey hoot» не найдено. Взято похожее упражнение «Hoot Owl» (ухающий звук для связки регистров); это не одно и то же упражнение.
RA-07,Язык вперёд в ответ на звук,Tongue forward in response to sound,RANGE,"Изолировать язык и приучить его выдвигаться вперёд при подъёме звука, чтобы освободить место и улучшить тембр.","Зажатые переходы по диапазону, узкий тембр наверху",средний,2,после показа педагогом,1,Madeleine Harvey,сырой №99. https://www.youtube.com/watch?v=VdhvIO1f4Qk (описание урока),https://www.youtube.com/watch?v=gki1OAvFBDc,Singing exercises to release tongue tension - Tame that terrible tongue - YouTube,Madeleine Harvey,"видео, где упражнение есть внутри распевки",https://www.youtube.com/watch?v=temMd2x6ErE,"Видео Мадлен Харви про напряжение языка; есть ли там именно выдвижение языка вперёд, не проверено. Запасная ссылка: How to increase your vocal range - 3 simple exercises (канал Мадлен Харви)."
RA-08,Разогрев для высоких нот на фрагментах любимых мелодий,Foolproof Daily Warmup for Singing High (melody-fragment warm-up),RANGE,"Вместо изнуряющих гамм петь куски любимых мелодий там, где голосу удобно, и постепенно расширять. У нас расширение только до верха урока.","Челюсть и шея зажаты после разогрева, голос быстро «выгорает» на верхах",новичок,1,да,1,Chris Liepe,сырой №56. https://chrisliepe.com/foolproof-daily-warmup-for-singing-high/ (подтверждено),https://www.youtube.com/watch?v=pI4CI5-XypQ,Foolproof Daily WARMUP for Singing High - YouTube,Chris Liepe,точное,https://www.youtube.com/watch?v=PYC6KCwQzDo,"Опубликовано 27.09.2022. Запасная ссылка: My essential warmup for high, rangy singing."
RA-09,"Простое упражнение, чтобы добавить ноты в диапазон",Add notes to your range (simple exercise),RANGE,"Простое упражнение, чтобы петь выше без напряжения (видео, сентябрь 2021). Суть не раскрыта.",Напряжение на верхах,средний,2,после показа педагогом,1,Chris Liepe,сырой №57. https://chrisliepe.com/how-to-easily-add-notes-to-your-range/ (по названию видео),https://www.youtube.com/watch?v=olwn71BW9Zs,How To Add Notes To Your Range (Without Tension) Just Try It! Great For Consistently High Melodies - YouTube,Chris Liepe,точное,,"Опубликовано 17.09.2021, совпадает с датой в каталоге."
RA-10,Профессиональная распевка 2: расширение диапазона,Professional Vocal Warmup 2 – Increasing Vocal Range,RANGE,Распевка в формате «пой вместе». Паттерны не найдены.,Узкий диапазон,средний,2,после показа педагогом,1,Eric Arceneaux,сырой №92. https://www.youtube.com/watch?v=L5_-kvfsiGE (по названию видео),https://www.youtube.com/watch?v=L5_-kvfsiGE,"Professional Vocal Warmup 2 - ""Increasing Vocal Range"" - YouTube",EricArceneaux,точное,,Опубликовано 16.07.2013.
RA-11,Гамма и арпеджио на полторы октавы на «А» полным голосом,Octave-and-a-half / arpeggio scales on 'Ah' (full voice),RANGE,"1-3-5-8-5-3-1 или шире на открытой гласной, полным голосом, наверху гласная модифицируется.",Грудное или смешанное звучание проводится через переход,средний,3,только с педагогом,1,Ken Tamplin,"сырой №133. https://www.kentamplinvocalacademy.com/ (по памяти модели, не проверено). Громко и на краях — только по назначению.",https://www.youtube.com/watch?v=1llyljAE7rI,Professional Vocal Warm Up - Vocal Workout - Ken Tamplin ...,Ken Tamplin Vocal Academy,"видео, где упражнение есть внутри распевки",https://www.youtube.com/watch?v=YkXHQJc9L6s,"Отдельного видео про гамму в полторы октавы на «А» не найдено; взята общая распевка Тамплина. Есть ли в ней этот паттерн, не проверено. Запасная ссылка: Vocal Warm Up Exercises - Daily Vocal Warm Ups."
RA-12,Высокий микст (урок),How to Sing High Mix,RANGE,"Детали не найдены, известно только название видео.",Развитие высокого микста,продвинутый,3,только с педагогом,1,Brett Manning,сырой №122. https://www.youtube.com/watch?v=j0CvItiNMsA (по названию видео),https://www.youtube.com/watch?v=j0CvItiNMsA,Voice Lessons - Brett Manning teaches How to Sing HIGH MIX - YouTube,Brett Manning / Singing Success,точное,https://www.youtube.com/watch?v=LbBYAMQp7MU,Запасная: 'How to sing in mix voice with Brett Manning'.
RA-13,Поиск свистового регистра,Whistle register finding,RANGE,Как найти свистовые тоны и использовать их в обычном пении.,Нет доступа к свистовому регистру,продвинутый,3,только с педагогом,1,Chris Liepe,сырой №62. https://chrisliepe.com/how-to-find-use-your-whistle-register-tones/ (по названию видео). RANGE_EDGE — только прямое назначение.,https://www.youtube.com/watch?v=y-MClBDin-8,How To Find & Use Your Whistle Register & Tones (Massively Expand Your Range! ...Any Voice Type) - YouTube,вероятно Chris Liepe (канал в выдаче не указан),точное,https://www.youtube.com/watch?v=Tfp5izfzpa0,"Название совпадает с описанием упражнения и стилем заголовков Chris Liepe, но канал в результатах поиска не указан, так что авторство не подтверждено. Запасная: 'How to EASILY sing in WHISTLE REGISTER (In-depth tutorial)', канал неизвестен."
DI-01,"Скороговорки и согласные («red leather, yellow leather», «ма-ме-ми-мо-му»)",Tongue twisters / consonant drills,DICTION,"Сначала проговорить, затем пропеть на одной ноте и на 1-2-3-4-5, темп постепенно растёт.",Невнятная дикция,новичок,1,да,1,"Matt Ramsey (+ традиционная практика, многие коучи)","сырой №194. https://www.youtube.com/@RamseyVoiceStudio (по памяти модели, не проверено). Соответствует VO-02 стартового набора.",https://www.youtube.com/watch?v=cTy9LYqX-cU,"Diction, Articulation and Tongue Twisters for SINGERS | Vocal Warmups and Exercises - YouTube",неизвестен (не Matt Ramsey),то же упражнение у другого коуча,https://www.youtube.com/watch?v=HaNxdHEuiVM,"Видео Matt Ramsey про скороговорки не нашлось. Запасная: Donna Rhodenizer, 'Vocal Warm-ups | Diction & Articulation #2 | Five Tongue Twisters'."
DI-02,Модифицированный текст: удобные гласные в песне,Modified lyrics / vowel modification in songs,DICTION,"Слова песни переписываются удобными для пения гласными, которые для слушателя звучат так же. Сложные места поются на этих гласных.","Трудно на высоких и белтовых нотах, зажим на закрытых гласных",средний,1,после показа педагогом,1,Felicia Ricci,сырой №79. https://www.oohowto.com/how-to-sing/how-to-sing-any-song-modified-lyrics-felicia-ricci/ (название видео и вторичное описание). Связано с RG-02.,https://www.youtube.com/watch?v=0sCOgQuf2i8,Lyric Work - Make The Words Easier To Sing - LIVE! - YouTube,вероятно Felicia Ricci,точное,https://www.youtube.com/watch?v=b1sOH-A7XK0,"По описанию в выдаче, это разбор текста песен с модификацией гласных у Felicia Ricci; канал явно не указан. Запасная: 'Singing Lesson - How to Use Vowel Modifications', канал неизвестен."
DI-03,«Дэнс пати»: гласные и вибрато на фразе,Dance Party,DICTION,"Поётся фраза «hey everybody – get on up and dance», на последней длинной ноте держится вибрато.","Позиция гласных, артикуляция, устойчивое вибрато",средний,2,после показа педагогом,1,Cheryl Porter,сырой №3. https://sonichits.com/video/Cheryl_Porter_Vocal_Coach/10_Minute_Daily_VOCAL_WORKOUT!_Vocal_Exercise_(subtitles) (подтверждено по таймкодам),https://www.youtube.com/watch?v=pj219prQH00,FUN Vocal Exercise (Cheryl Porter Vocal Coach) - YouTube,Cheryl Porter Vocal Coach,"видео, где упражнение есть внутри распевки",https://www.youtube.com/watch?v=9dVW9E40-Gw,"Видео с названием 'Dance Party' не нашлось. Что упражнение есть в этом видео, не проверено: это лишь ближайший кандидат. Запасная: 'Cheryl Porter's 10 Minute Daily VOCAL WORKOUT'."
VI-01,Вибрато: от пульсации к свободному вибрато,Vibrato pulsing ('ha-ha' pulses → free vibrato),VIBRATO,"Долгая нота с мягкими пульсациями тона около полутона. Постепенно ускорять, затем «отпустить» в естественное вибрато.",Прямой зажатый звук или «козлетон»,средний,2,после показа педагогом,2,"Eric Arceneaux, Justin Stoney","сырой №195. https://www.youtube.com/@NewYorkVocalCoaching (по памяти модели, не проверено)",https://www.youtube.com/watch?v=KN5368Aoxlk,"Ep. 30 ""Vibrato 1- Pitch Changes"" - Voice Lessons To The World - YouTube",New York Vocal Coaching (Justin Stoney),точное,https://www.youtube.com/watch?v=PTP72WjiwG0,"Также есть 'Ep. 64 Vibrato 2 - Faster Freer Vibrato' (https://www.youtube.com/watch?v=IhQ7g8Tnlhs). Запасная: Eric Arceneaux, 'Voice Lessons: Vocal Vibrato (Prt. 2)'."
VI-02,«Почувствовать вибрато»,Vibrato experience exercise,VIBRATO,"Вибрато как координация трёх зон: поток воздуха, колебание связок, форма тракта. Упражнение помогает почувствовать вибрато в своём звуке. Паттерн не найден.","Плоский прямой звук, зажатое вибрато",средний,2,после показа педагогом,1,Dr Dan Robinson,сырой №43. https://www.djarts.com.au/singing-tips/how-to-sing-with-vibrato/ (вторичный источник),https://www.youtube.com/watch?v=xajZCQid-VI,How to SING with VIBRATO | What Does Vibrato Feel Like? | #DrDan 🎤 - YouTube,Dr Dan's Voice Essentials,точное,https://www.youtube.com/watch?v=XmhwZJFflUA,Запасная: короткое видео 'Developing Vibrato | #DrDan #Shorts'.
VI-03,Советы по вибрато,Vibrato tips,VIBRATO,Простые советы по развитию вибрато для самостоятельной работы. Конкретные упражнения не подтверждены.,Прямой зажатый звук без вибрато,средний,2,после показа педагогом,1,Madeleine Harvey,сырой №108. https://www.youtube.com/playlist?list=PLCjFkNvpVPwBxAA0ULISbIMpYliNYhFDh СОМНИТЕЛЬНО: авторство подтверждено слабо,https://www.youtube.com/watch?v=cUnYQ6GtMvM,How To Sing With Vibrato - YouTube,неизвестен,то же упражнение у другого коуча,https://www.youtube.com/watch?v=mzJ-tZSrhjg,"Видео Madeleine Harvey про вибрато в поиске не нашлось. Основная ссылка появилась в выдаче по запросу о Madeleine Harvey, но канал не указан. Запасная: Justin Stoney, 'Ep. 6 Vibrato Speeds'."
ST-01,Белт на «йе» и «хэй» от разговорного оклика,Belt on 'yeah' / 'hey' (speech-level call),STYLE,"Начать с разговорного оклика «hey!» на удобной высоте, затем 5-3-1 или 1-3-5 на «yeah» в разрешённом диапазоне.",Крик вместо белта,продвинутый,3,только с педагогом,3,"Estill Voice Training (Belt), Justin Stoney, Kegan DeBoer (Jacobs Vocal Academy)","сырой №191. https://www.youtube.com/@NewYorkVocalCoaching (по памяти модели, не проверено). Белт только по назначению (§2.6).",https://www.youtube.com/watch?v=w81FLmJ4aS8,Belting Vocal Exercise #1 - YouTube,неизвестен,то же упражнение у другого коуча,https://www.youtube.com/watch?v=0r7oAT0nAlQ,В видео упражнение на 'Hey' с маленьким интервалом для входа в белт. Запасная: 'NYVC Founder Justin Stoney demonstrates healthy belting in Ep. 13'.
ST-02,"Режимы CVT: Neutral, Curbing, Overdrive, Edge",CVT modes drills (Neutral / Curbing / Overdrive / Edge),STYLE,"Каждый режим на своих гласных: Curbing — «i», «o», «u» с «хныком»; Edge — «ae», «i» ярко; Overdrive — «e», «o» как крик. Опора и «necessary twang», челюсть не выдвигать.","Громкость и характер без травм, понимание белта",продвинутый,3,только с педагогом,1,Cathrine Sadolin (Complete Vocal Technique; датская школа),"сырой №190. https://completevocal.institute/ (по памяти модели, не проверено). Overdrive и Edge — нагрузка 3.",https://www.youtube.com/watch?v=6PWHG9g_t2g,Complete Vocal Technique (CVT) - 4 Vocal Modes - Markus Hanse - YouTube,Markus Hanse (преподаватель CVT),то же упражнение у другого коуча,https://www.youtube.com/watch?v=XizTuEMBSXs,"Показаны все 4 режима CVT. Запасная: 'Identification of the Complete Vocal Technique Vocal Modes', вероятно официальный канал CVT. Отдельных видео Cathrine Sadolin не нашлось."
ST-03,Месса ди воче (филировка p → f → p на одной ноте),Messa di voce,STYLE,Одна нота в середине диапазона: crescendo от p до mf или f и обратно diminuendo при ровном тембре.,"Нет контроля динамики и опоры, регистры не сбалансированы",продвинутый,3,только с педагогом,2,"Manuel Garcia, Mathilde Marchesi (бел канто)",сырой №186. https://pubmed.ncbi.nlm.nih.gov/?term=messa+di+voce (по памяти модели). По таксономии VF это DYNAMICS. СОМНИТЕЛЬНО: не YouTube-коуч.,https://www.youtube.com/watch?v=GZcJ4-6_R8Y,Messa Di Voce Singing Exercises | Crescendo – Decrescendo | #DrDan 🎤 - YouTube,Dr Dan's Voice Essentials,то же упражнение у другого коуча,https://www.youtube.com/watch?v=RVc4biG6-14,"В каталоге указаны исторические педагоги (Garcia, Marchesi), поэтому взято видео современного коуча. Запасная: 'Messa Di Voce - Vocal Lesson + Vocal Exercise'."
ST-04,"Динамика: как петь мощнее, часть 3","Dynamics (How to sing with more power, Part 3)",STYLE,Урок о динамике (громче и тише) как части силы голоса. Детали не найдены.,"Однообразная громкость, силовое форсирование",средний,2,после показа педагогом,1,Madeleine Harvey,сырой №101. https://www.youtube.com/watch?v=wcxmWqfj2uk (по названию видео). По таксономии VF это DYNAMICS: в v1 только фрагменты урока.,https://www.youtube.com/watch?v=wcxmWqfj2uk,"How to sing with more power, Part 3 of 3 - Dynamics - YouTube",Madeleine Harvey,точное,https://www.youtube.com/watch?v=hVd1yTuR3T0,"Запасная: 'How to sing with more power, Part 2 of 3 - Sing without strain'."
ST-05,Белтинг высоких нот,How to belt high notes – vocal exercise,STYLE,Видео 2018 года. Содержание не найдено.,Белтинг высоких нот,средний,3,только с педагогом,1,Madeleine Harvey,сырой №104. https://www.youtube.com/watch?v=u4PWEvQ0KYY (по названию видео),https://www.youtube.com/watch?v=u4PWEvQ0KYY,how to belt high notes when you sing - vocal exercise - YouTube,Madeleine Harvey,точное,https://www.youtube.com/watch?v=MhJl5lq3zBY,"Видео от 5 февраля 2018, это совпадает с каталогом. Запасная ссылка: '10 Minute Warm Up for Belting' того же коуча."
ST-06,Три упражнения с вокальным фраем как эффектом,Three Vocal Fry Singing Exercises,STYLE,Осознанно включать фрай как эффект (утром он даётся легче). Сами три паттерна не найдены.,Контролируемый фрай как стилевой приём,средний,2,только с педагогом,1,Dr Dan Robinson,сырой №37. https://www.djarts.com.au/singing-tips/vocal-fry-singing-3-vocal-fry-singing-exercises/ (по названию видео),https://www.youtube.com/watch?v=KnmVa-T2P-Q,VOCAL FRY Singing | 3 Vocal Fry Singing Exercises | #DrDan 🎤 - YouTube,Dr Dan Robinson,точное,,Видео от сентября 2016.
ST-07,Ежедневный трёхступенчатый разогрев для дисторшна,Easy Daily Warmup for Distortion (Foolproof 3 Stages),STYLE,"Три ступени, на которых гроул и дисторшн постепенно «отпускаются», а не продавливаются. Ежедневно в течение пары недель. Содержание ступеней не найдено.","Травматичное продавливание скрима, нестабильный дисторшн",продвинутый,3,только с педагогом,1,Chris Liepe,сырой №47. https://chrisliepe.com/easy-daily-warmup-for-distortion-screaming-aggressive-vocals/ (вторичный источник),https://www.youtube.com/watch?v=bNNvB8Ry5Go,"Easy Daily WARMUP for Distortion, Screaming & Aggressive Vocals (Foolproof 3 Stages) - YouTube",Chris Liepe,точное,,Видео от 4 октября 2022.
ST-08,"Дрилл «Хах»: стоп, фрай, дисторшн",'Huh' stop-and-fry distortion drill,STYLE,"Короткие «huh, huh» с резкой остановкой воздуха («как будто ударили в живот»), продолжение во фрай и «воздушные щелчки». Затем та же позиция с «ведьминым» носовым оттенком и перенос в головной.","Поиск безопасного дисторшна, опора под эффектом",продвинутый,3,только с педагогом,1,Chris Liepe,сырой №48. https://isaacaskew.com/2025/08/26/unlocking-vocal-distortion-with-chris-liepe-my-experience-and-key-takeaways/ (подтверждено: описание ученика),https://www.youtube.com/watch?v=bNNvB8Ry5Go,"Easy Daily WARMUP for Distortion, Screaming & Aggressive Vocals (Foolproof 3 Stages) - YouTube",Chris Liepe,"видео, где упражнение есть внутри распевки",https://www.youtube.com/watch?v=EFHjusQpcEg,"Отдельного видео с дриллом 'huh' в поиске нет. Вероятно, он входит в разогрев для дисторшна, но по одним названиям это проверить нельзя. Запасная ссылка: 'the RIGHT Way to approach Fry Screams!' того же коуча."
ST-09,«Йодль» для включения ложных связок,False-cord 'yodel' routine,STYLE,"Практика на технике «йодля», которая включает ложные связки для скрима. Из платного курса, детали закрыты.",Поиск безопасного скрима и гроула,продвинутый,3,только с педагогом,1,Chris Liepe,сырой №64. https://www.mymusicalvoice.com/p/the-aggressive-vocalist-s-master-plan-of-attack (описание курса),https://www.youtube.com/watch?v=buhWZcMFvQU,"The Best Way to Enter a Scream! (Save Your Voice, Better False Cord Engagement) Safe & Pain Free! - YouTube",Chris Liepe,"видео, где упражнение есть внутри распевки",https://www.youtube.com/shorts/Tl13UWkCtqs,"Упражнение из платного курса, видео именно про «йодль» не найдено. Здесь ролики о включении ложных связок у того же коуча. Канал запасного шортса ('How To Find Your False Cords') не проверен."
SOVT-01,"Губная трель («лип-бабл», «лошадка») на пятинотной гамме","Lip trill / Lip bubble / Lip roll (5-tone scale) — incl. Brew Hill, tone-first lip bubble",WARMUP,"Губы вибрируют на выдохе («брр»), при этом звучит тон. Паттерн 1-2-3-4-5-4-3-2-1 или 5-4-3-2-1, по полутонам. Громкость mp, средний темп. Двумя пальцами можно поддержать щёки. Тон должен звучать громче воздуха (Dr Dan). Если трель «ломается», выдох неровный (Arceneaux).","Зажатая гортань, пережатый или неровный выдох, срывы и «ломка» на переходе, боль в горле. Выравнивает нагрузку на связки",новичок,1,да,10,"Brett Manning, Seth Riggs, Roger Love, Eric Arceneaux, Cheryl Porter, Dr Dan Robinson, Felicia Ricci, Ken Tamplin, Jaime Vendera, Cari Cole","сырые №1, 8, 27, 69, 80, 109, 123 (часть), 131, 135, 142, 150, 155, 160. Подтверждено: Porter https://sonichits.com/video/Cheryl_Porter_Vocal_Coach/10_Minute_Daily_VOCAL_WORKOUT!_Vocal_Exercise_(subtitles) ; Dr Dan https://www.djarts.com.au/singing-tips/lip-bubbles-lip-trills/ . Вторичные источники: Manning https://singingsuccess.com/lip-bubbles-trills/ ; Arceneaux https://flypaper.soundfly.com/tips/it-only-takes-5-minutes-to-master-these-3-simple-vocal-warm-up-exercises/ ; Ricci (оглавление курса); Riggs https://singscales.com/singing-for-the-stars-by-seth-riggs/ . Tamplin, Vendera, Love, Cole — по памяти модели, не проверено. Соответствует SOVT-01 стартового набора.",https://www.youtube.com/watch?v=Pt_grtSTfAg,Lip Trills: Are YOU doing them RIGHT? | Lip Bubbles Singing | #DrDan 🎤 - YouTube,Dr Dan Robinson,точное,https://www.youtube.com/watch?v=HDA8dayy3xE,"Видео Dr Dan о губной трели. Запасная ссылка: 'Vocal Warm Up: Lip trills, 5 note scales', канал неизвестен, зато именно на пятинотной гамме."
SOVT-02,Сирена на «нг»,NG siren / NG slide ('stretch your folds'),WARMUP,"Корень языка прижат к мягкому нёбу, как в конце «sing» или «hung». Плавный тихий слайд снизу вверх и обратно в удобном диапазоне (дома до верха урока). Вариант: «ng», раскрывающееся в гласную.","Разрыв регистров, зажим, не найден лёгкий головной голос, трудно подниматься вверх",новичок,1,да,7,"Felicia Ricci, Eric Arceneaux, Kegan DeBoer, Estill Voice Training, Justin Stoney, Matt Ramsey, Aaron Anastasi","сырые №68, 86, 152, 170. Ricci https://blog.stageagent.com/how-to-warm-up-before-singing/ (вторичный источник); Arceneaux https://www.patreon.com/ericarceneaux/posts/this-singing-up-140991844 (выдача поиска, урок «Stretch Your Folds»); DeBoer, Estill, Stoney, Ramsey, Anastasi — по памяти модели, не проверено. Соответствует SOVT-03 и FR-03 стартового набора.",https://www.youtube.com/watch?v=1ntZgIRA0Co,Amazing Vocal Exercise! Siren 'NG' - Dionne Slater Singing Tuition - YouTube,Dionne Slater Singing Tuition,то же упражнение у другого коуча,https://www.youtube.com/watch?v=nIr-V7q0mDU,"У коучей из списка видео про сирену на «нг» не нашлось. Запасная ссылка: 'Pour mieux chanter : Approcher la sirène d'Estill (EVT)', на французском."
SOVT-03,Язычковая трель (раскатистое «р»),Tongue trill / tongue roll,WARMUP,"Раскатистое «р» на тоне по тем же паттернам, что губная трель: 5 нот, 9-нотная гамма, октавные слайды. Если «р» не получается, помогает серия «д-д-д». Альтернатива для тех, у кого не выходит губная трель.","Зажатый корень языка, неровный выдох",новичок,1,да,5,"Brett Manning, Seth Riggs, Roger Love, Cari Cole, Jaime Vendera","сырые №111, 124, 143, 162. https://singingsuccess.com/vocal-warmup-exercises/ ; https://singscales.com/singing-for-the-stars-by-seth-riggs/ (вторичные источники); Love, Cole, Vendera — по памяти модели, не проверено",https://www.youtube.com/watch?v=8I-vFv4YVwA,How To Be A Singer - Tongue Trill Voice Exercise - YouTube,вероятно Singing Success (Brett Manning),то же упражнение у другого коуча,https://www.youtube.com/watch?v=UxKJWylTjBY,"Судя по сводке поиска, язычковая трель есть у Singing Success, но какой ролик от них, по результатам не видно. Каналы обеих ссылок не проверены."
SOVT-04,Губная трель: сирена на октаву и шире,Lip trill octave siren / glide,WARMUP,"Трель с плавным слайдом 1→8→1, затем шире, до полутора октав, без толчков и тихо. У Dr Dan сирены идут после ровной ноты, потом арпеджио и мелизмы.","Разрыв регистров, форсированный верх",новичок,1,да,5,"Seth Riggs (SLS), Eric Arceneaux, Felicia Ricci, Matt Ramsey, Dr Dan Robinson","сырые №161, 27 (часть про сирены). Dr Dan подтверждено: https://www.djarts.com.au/singing-tips/lip-bubbles-lip-trills/ ; остальные по памяти модели: https://www.youtube.com/@EricArceneaux (не проверено). Соответствует SOVT-01 стартового набора («губная трель-глиссандо»).",https://www.youtube.com/watch?v=O1CS2wwGdN8,"Vocal range exercises: full octave lip trills, baby noises and the five Italian vowels - YouTube",неизвестен (в поиске вместе с Eric Arceneaux),то же упражнение у другого коуча,,"Октавные губные трели. Видео нашлось по запросу про Eric Arceneaux, но что оно его, не подтверждено."
SOVT-05,"Пение в трубочку: сирены, гаммы, песня","Straw phonation (straw sirens, straw songs)",WARMUP,"Узкая трубочка во рту, губы плотно её обхватывают. Мычание, сирены, глиссандо «вопрос-ответ», гамма, мелодия песни. Тихо, несколько минут (Titze).","Зажим, усталость, «давленый» звук, восстановление после нагрузки",новичок,1,да,4,"Ingo Titze (NCVS, учёный), Dr Dan Robinson, Felicia Ricci, Madeleine Harvey","сырые №33, 171. Dr Dan подтверждено: https://www.djarts.com.au/singing-tips/vocal-nodules/ ; Titze, Ricci, Harvey — по памяти модели: https://pubmed.ncbi.nlm.nih.gov/?term=Titze+voice+training+semi-occluded+vocal+tract+rationale (не проверено). Соответствует SOVT-02 и FR-01 стартового набора.",https://www.youtube.com/watch?v=KQrxMBmuIF8,Straw Phonation Vocal Exercise & Warm-up | How to Sing Better Using a Straw - YouTube,неизвестен,то же упражнение у другого коуча,https://www.youtube.com/watch?v=tGl1QfxaIo4,"Видео Dr Dan, Felicia Ricci или Madeleine Harvey про трубочку не найдены. Каналы обеих ссылок не проверены."
SOVT-06,"Губная трель, переходящая в гласную («Брю-У / Брю-И / Брю-А», «uh» с трелью)",Brew U / Brew I / Brew A; 'Uh' with lip bubble,WARMUP,"Губная трель «brrr» переходит в гласную U, I или A (Porter). Вариант Riggs: «uh» поётся с максимально свободной и ровной трелью губ на всём упражнении.","Лёгкость SOVT переносится в открытый звук, ровный выдох",новичок,1,да,2,"Cheryl Porter, Seth Riggs","сырые №22, 125. https://course.cherylportermethod.com/courses/823327/lectures/14965930 (оглавление курса; механику угадали по названию); https://www.scribd.com/document/19564699/Seth-Riggs-Vocal-Instruction-Vowel (вторичный источник)",https://www.youtube.com/shorts/j01u0CDUmIw,Try this No Tension LIP TRILL Exercise w/Vocal Coach!!🤩🎶 #vocalcoach #exercise #viral #technique - YouTube,вероятно Cheryl Porter Vocal Coach,то же упражнение у другого коуча,https://www.youtube.com/watch?v=9dVW9E40-Gw,"Видео именно про Brew U/I/A не найдено. Шортс с губной трелью нашёлся по запросу про Cheryl Porter, но что он её, не подтверждено. Запасная ссылка: 'Cheryl Porter's 10 Minute Daily VOCAL WORKOUT'. Есть ли там Brew, неизвестно."
SOVT-07,"Трубочка в воду (бульканье), LaxVox, резонансная трубка",Straw in water / cup bubble / LaxVox / resonance tube,WARMUP,"Трубка опущена в стакан с водой на 2–5 см. Фонация с пузырями: сирены, мелодия.","Зажим, неэкономная фонация, усталость; пульсация даёт «массаж»",новичок,1,да,2,"Dr Dan Robinson, финская школа (Sovijärvi, Laukkanen), Marketta Sihvo (LaxVox)","сырые №33 (вариант в воду), 172. https://www.djarts.com.au/singing-tips/vocal-nodules/ (подтверждено); https://pubmed.ncbi.nlm.nih.gov/?term=water+resistance+therapy+tube+phonation (по памяти модели)",https://www.youtube.com/watch?v=yYPHDUTKgn4,Straw in Water (Bubble Phonation) Vocal Warm Up for Better ...,неизвестен,то же упражнение у другого коуча,https://www.youtube.com/watch?v=QRgZB4XRov8,Видео Dr Dan про трубку в воде не найдено. Запасная ссылка: 'Straw in Water Warm-Up for All Voices (SOVT)'.
SOVT-08,Приглушённая язычковая трель,Muffled Tongue Trill,WARMUP,"Язычковая трель с приглушённым, прикрытым звуком. Подробностей нет, найден только заголовок урока.",не подтверждено,средний,1,после показа педагогом,1,Brett Manning,сырой №112. https://singingsuccess.teachable.com/courses/brett-manning-s-vocal-hacks/lectures/16927029 СОМНИТЕЛЬНО: только название урока,,,Brett Manning,не найдено,,Поиск не выполнен: в сессии закончился лимит WebSearch (200/200). Нужно повторить после увеличения CLAUDE_CODE_MAX_WEB_SEARCHES_PER_SESSION. Запрос: 'Brett Manning muffled tongue trill'
WU-01,«А» на пятинотной гамме 1-2-3-2-1,AH on 1-2-3-2-1,WARMUP,Гласная AH на 1-2-3-2-1 по полутонам вверх и вниз в удобном диапазоне.,Базовый разогрев перед пением,новичок,1,да,1,Felicia Ricci,сырой №67. https://blog.stageagent.com/how-to-warm-up-before-singing/ СОМНИТЕЛЬНО: атрибуция в статье нечёткая,,,Felicia Ricci,не найдено,,Поиск не выполнен: лимит WebSearch исчерпан (200/200). Запрос: 'Felicia Ricci vocal warm up 1-2-3-2-1 ah'
WU-02,"Трёхфазный разогрев: дома, перед саундчеком, на саундчеке",3-Phase Singing Warm-up,WARMUP,"Фаза 1, дома: прислушаться к голосу и оценить его состояние. Фаза 2: мычание и постепенное расширение. Фаза 3: разогрев на песнях.","Нет структуры разогрева, голос выкладывается «с холода»",новичок,1,да,1,Dr Dan Robinson,"сырой №29. https://www.djarts.com.au/singing-tips/singing-warm-up/ (подтверждено). Это схема занятия, а не отдельное упражнение.",,,Dr Dan Robinson,не найдено,,Поиск не выполнен: лимит WebSearch исчерпан (200/200). Запрос: 'Dr Dan 3-Phase Singing Warm-up'
WU-03,Как распеться: 3 лучших упражнения,How to warm up your voice (BEST 3 Exercises),WARMUP,"Какие три упражнения показаны, не найдено.",Базовый разогрев,новичок,1,после показа педагогом,1,Madeleine Harvey,сырой №107. https://www.youtube.com/watch?v=L-8VjsyATPs (по названию видео),,,Madeleine Harvey,не найдено,,Поиск не выполнен: лимит WebSearch исчерпан (200/200). Запрос: 'Madeleine Harvey How to warm up your voice (BEST 3 Exercises)'
WU-04,"Тихие упражнения, чтобы не мешать соседям",Quiet practice exercises (7 highly effective vocal exercises),WARMUP,Бесплатный мини-курс из 7 упражнений для тихой домашней практики. Состав не найден.,Дома можно заниматься тихо,новичок,1,после показа педагогом,1,Chris Liepe,"сырой №61. https://www.mymusicalvoice.com/p/7-highly-effective-vocal-exercises (по названию). Полезно для формата домашки, стоит изучить.",,,Chris Liepe,не найдено,,Поиск не выполнен: лимит WebSearch исчерпан (200/200). Запрос: 'Chris Liepe quiet practice 7 vocal exercises'
WU-05,VFE 1 Стемпла: долгое «и» на F4 (жен.) или F3 (муж.),Vocal Function Exercises 1 — warm-up sustained /i/,WARMUP,"Тянуть «и» тихо и максимально долго, с позицией «вперёд». По 2 раза, 2 раза в день.","Слабый и нескоординированный голосовой аппарат, выносливость",новичок,2,после показа педагогом,1,Joseph Stemple (клинический протокол),сырой №187. https://pubmed.ncbi.nlm.nih.gov/?term=Stemple+efficacy+of+vocal+function+exercises (по памяти модели). «Максимально долго» у нас ограничено 20 с на ноту.,,,Joseph Stemple,не найдено,,Поиск не выполнен: лимит WebSearch исчерпан (200/200). Запрос: 'Vocal Function Exercises Stemple sustained ee'
WU-06,Профессиональная распевка 1: раскрытие голоса,Professional Vocal Warmup 1 – Opening Up The Voice,WARMUP,Распевка около 14 минут в формате «пой вместе». Состав не найден.,"Ежедневный разогрев. По отзывам, через месяц легче ноты вне комфорта и лучше контроль runs",новичок,2,после показа педагогом,1,Eric Arceneaux,сырой №91. https://www.youtube.com/watch?v=Q5hS7eukUbQ (по названию видео),,,Eric Arceneaux,не найдено,,Поиск не выполнен: лимит WebSearch исчерпан (200/200). Запрос: 'Eric Arceneaux Professional Vocal Warmup 1 Opening Up The Voice'
WU-07,10-минутная распевка для белтинга,10 Minute Warm Up for Belting,WARMUP,Распевка «пой вместе» перед белтингом (2020). Состав не найден.,Подготовка к силовому пению,средний,2,после показа педагогом,1,Madeleine Harvey,сырой №105. https://www.youtube.com/watch?v=MhJl5lq3zBY (по названию видео; авторство подтверждено только выдачей поиска),,,Madeleine Harvey,не найдено,,Поиск не выполнен: лимит WebSearch исчерпан (200/200). Запрос: 'Madeleine Harvey 10 Minute Warm Up for Belting'
CD-01,Зевок-вздох,Yawn-sigh / sighing on vowels,COOLDOWN,"Начало зевка (мягкое нёбо вверх, гортань свободно вниз), затем мягкий вздох-глиссандо сверху вниз на «ha», «oo» или другой гласной.","Высокая гортань, зажим, напряжение после нагрузки",новичок,1,да,2,"Cheryl Porter, Matt Ramsey (+ традиционная педагогика и логопедия, Boone)","сырые №26, 174. https://braghq.com/cheryl-porter-vocal-exercises/ (вторичный источник); Ramsey — по памяти модели: https://www.youtube.com/@RamseyVoiceStudio (не проверено). Соответствует SOVT-04 стартового набора.",,,Cheryl Porter / Matt Ramsey,не найдено,,Поиск не выполнен: лимит WebSearch исчерпан (200/200). Запрос: 'yawn sigh vocal exercise Cheryl Porter'
CD-02,Вздох-глиссандо вниз и расслабленное нисходящее «Уи»,Descending sigh / slide-down cool-down / Relaxed Descending 'Wee',COOLDOWN,"Лёгкие слайды сверху вниз на «wee», трели, «ng» или «oo», тихо, 1–2 минуты. Можно в трубочку.","Усталость после пения, возврат к речевому регистру, головное звучание уходит вниз",новичок,1,да,2,"Brett Manning, Ingo Titze (SOVT-литература)","сырые №121, 196. https://singingsuccess.com/mastering-mix-is-a-manning-masterpiece/ (вторичный источник); https://pubmed.ncbi.nlm.nih.gov/?term=vocal+cool-down+singers (по памяти модели). Соответствует CD-01 стартового набора.",,,Brett Manning,не найдено,,Поиск не выполнен: лимит WebSearch исчерпан (200/200). Запрос: 'Brett Manning vocal cool down descending wee'
CD-03,«Заминка Уолтера»,Walter's Warmdowns,COOLDOWN,"Мягко и без напряжения: округлённые гласные, головной голос и фальцет. Финальный блок 10-минутного воркаута (8:31).","Восстановление после нагрузки, регистры, переход",новичок,1,да,1,Cheryl Porter,сырой №5. https://sonichits.com/video/Cheryl_Porter_Vocal_Coach/10_Minute_Daily_VOCAL_WORKOUT!_Vocal_Exercise_(subtitles) (подтверждено по таймкодам),,,Cheryl Porter,не найдено,,Поиск не выполнен: лимит WebSearch исчерпан (200/200). Запрос: 'Cheryl Porter 10 minute vocal workout Walter warmdowns'
CD-04,Вокальная заминка: сирены и гаммы,Vocal cool-down,COOLDOWN,Обязательная заминка после нагрузки: в курсе есть сирены и гаммы. Точный набор не найден.,Голос быстрее восстанавливается к следующей нагрузке,новичок,1,да,1,Dr Dan Robinson,сырой №46. https://www.djarts.com.au/singing-tips/vocal-cool-downs/ (вторичный источник),,,Dr Dan Robinson,не найдено,,Поиск не выполнен: лимит WebSearch исчерпан (200/200). Запрос: 'Dr Dan vocal cool down'
CD-05,Три упражнения на восстановление голоса,3 Vocal Recovery Exercises,COOLDOWN,"Три восстановительных упражнения, которые годятся и для разогрева (видео 02.10.2020). Состав не найден.",Восстановление после нагрузки,новичок,1,после показа педагогом,1,Chris Liepe,сырой №60. https://www.youtube.com/watch?v=05d57rPxCog (по названию видео),,,Chris Liepe,не найдено,,Поиск не выполнен: в сессии закончился лимит WebSearch (200 из 200). Нужно повторить поиск после увеличения CLAUDE_CODE_MAX_WEB_SEARCHES_PER_SESSION. Запрос для поиска: 'Chris Liepe 3 vocal recovery exercises' (видео от 02.10.2020).
